Date,Open,High,Low,Close,Volume,Dividends,Stock Splits,MSFT - Open,MSFT - Close,MSFT - Volume,GOOGL - Open,GOOGL - Close,GOOGL - Volume
2020-01-02 00:00:00-05:00,71.47661470907116,72.52859683396065,71.223274257406,72.46827697753906,135480400,0.0,0.0,150.75867946961716,152.50572204589844,22622100,66.95867127115037,67.96522521972656,27278000
2020-01-03 00:00:00-05:00,71.69613685905041,72.52372302549678,71.53930679909044,71.7636947631836,146322800,0.0,0.0,150.32190239946755,150.6067352294922,21116200,66.93833093166674,67.60969543457031,23408000
2020-01-06 00:00:00-05:00,70.88547942287144,72.37416924858576,70.63454677653742,72.33556365966797,118387200,0.0,0.0,149.14454679865975,150.99603271484375,20813700,67.11856919518195,69.41175842285156,46768000
2020-01-07 00:00:00-05:00,72.34521969510813,72.60097528872254,71.77580380389517,71.99536895751953,108872000,0.0,0.0,151.27138077488013,149.61927795410156,21634100,69.54335656021222,69.2776870727539,34330000
2020-01-08 00:00:00-05:00,71.6985739444987,73.45508735263148,71.6985739444987,73.15348815917969,132079200,0.0,0.0,150.9010700366723,152.00247192382812,27746500,69.26328117365361,69.77078247070312,35314000
2020-01-09 00:00:00-05:00,74.13068273740295,74.90036463569696,73.87975745537804,74.70734405517578,170108400,0.0,0.0,153.66410359141636,153.90147399902344,21385000,70.6094889546629,70.50322723388672,33200000
2020-01-10 00:00:00-05:00,74.94137084294664,75.44082088635776,74.3743628731269,74.876220703125,140644800,0.0,0.0,154.59451241300243,153.18927001953125,20725900,70.98392563781249,70.9585952758789,26258000
2020-01-13 00:00:00-05:00,75.19229072850685,76.5024356673447,75.07405885483226,76.47589111328125,121532000,0.0,0.0,153.5880953510529,155.03131103515625,21626500,71.27093190331932,71.50830078125,30730000
2020-01-14 00:00:00-05:00,76.41318515734736,76.62309704687446,75.3201898237738,75.4432373046875,161954400,0.0,0.0,155.13579469954706,153.939453125,23477400,71.50680981258097,71.03953552246094,26076000
2020-01-15 00:00:00-05:00,75.24296601736016,76.12363416339696,74.68801909995545,75.11991119384766,121923600,0.0,0.0,154.4046635735492,154.93637084960938,21417900,71.1602052622877,71.46708679199219,21550000
2020-01-16 00:00:00-05:00,75.66280356227105,76.17190690767254,75.30088447470833,76.0609130859375,108829200,0.0,0.0,156.0472507145809,157.77529907226562,23865400,71.77744628827148,72.01133728027344,26080000
2020-01-17 00:00:00-05:00,76.30941686178534,76.90537714681764,76.00299474011516,76.90296936035156,137816400,0.0,0.0,158.9621822424408,158.65835571289062,34371700,72.626085344564,73.46926879882812,52424000
2020-01-21 00:00:00-05:00,76.53139743845387,76.97293540809704,76.24427442355741,76.38180541992188,110843200,0.0,0.0,158.25953798746136,158.08863830566406,29517200,73.44345017940596,73.60484313964844,48930000
2020-01-22 00:00:00-05:00,76.86676144697746,77.20696616699412,76.56033936565174,76.6544418334961,101832400,0.0,0.0,158.94317117317047,157.3290557861328,24138800,73.97628733938622,73.68528747558594,28458000
2020-01-23 00:00:00-05:00,76.70752240640822,77.10321665071739,76.15981365357148,77.02359771728516,104472000,0.0,0.0,157.7943375942632,158.2975616455078,19680800,73.86802372289836,73.72599792480469,26650000
2020-01-24 00:00:00-05:00,77.26973366124079,78.01287102929439,76.61103819892749,76.80165100097656,146537600,0.0,0.0,159.04758165168906,156.70236206054688,24918100,74.12971996265826,72.80635070800781,29786000
2020-01-27 00:00:00-05:00,74.81107521306389,75.223660842835,73.56124993820636,74.54325866699219,161940000,0.0,0.0,153.0089446252311,154.0818634033203,32078100,71.08671972598552,71.09615325927734,34132000
2020-01-28 00:00:00-05:00,75.42395006721497,76.82336779320974,75.32502461892797,76.65206146240234,162234000,0.0,0.0,155.50604492516229,157.10118103027344,24899900,71.59321023544943,72.02821350097656,29724000
2020-01-29 00:00:00-05:00,78.28308294677784,79.10343121061821,77.5423536234093,78.25653839111328,216229200,0.0,0.0,159.36094890964196,159.55084228515625,34754500,72.42347711634613,72.3360824584961,21566000
2020-01-30 00:00:00-05:00,77.33970834921887,78.19624735599628,76.90781612011679,78.1431655883789,126743200,0.0,0.0,165.25719089738504,164.0513458251953,51597500,71.41246783385319,72.21443939208984,27110000
2020-01-31 00:00:00-05:00,77.43379716634335,77.85603612229534,74.38402933624978,74.67839050292969,199588400,0.0,0.0,163.51014040876393,161.63015747070312,36142700,72.89026812670592,71.14828491210938,43822000
2020-02-03 00:00:00-05:00,73.42130763220082,75.63866557981345,72.91944979414838,74.4732894897461,173788400,0.0,0.0,161.8200789361987,165.57054138183594,30107000,72.5818823981462,73.62220764160156,71636000
2020-02-04 00:00:00-05:00,76.07779194419663,77.1225356625265,75.67244439973094,76.93192291259766,136616400,0.0,0.0,168.1911186016925,171.02056884765625,36433300,72.2263518292056,71.77545928955078,95880000
2020-02-05 00:00:00-05:00,78.0587078925949,78.35789935199301,76.95606664401838,77.55926513671875,118826800,0.0,0.0,174.7330539466545,170.8116912841797,39186300,72.6792121800727,71.8072280883789,36376000
2020-02-06 00:00:00-05:00,77.82949504667184,78.46888396119307,77.27214024163042,78.46646881103516,105425600,0.0,0.0,171.82760240815628,174.3532257080078,27751400,72.1017069989846,73.2929916381836,37822000
2020-02-07 00:00:00-05:00,77.96583518982163,78.21494247737544,76.90894303407646,77.39990234375,117684000,0.1925,0.0,173.61267392584617,174.60012817382812,33529100,72.86693661087277,73.44892120361328,28360000
2020-02-10 00:00:00-05:00,75.98505390529154,77.76750183105469,75.90524599878522,77.76750183105469,109348800,0.0,0.0,174.30580444022337,179.16714477539062,35844300,73.35555980846348,74.91629028320312,38302000
2020-02-11 00:00:00-05:00,78.26330376451229,78.33585640766411,77.08064401597953,77.29830932617188,94323200,0.0,0.0,181.01863189628392,175.1223602294922,53159900,75.145209490697,74.98580932617188,34852000
2020-02-12 00:00:00-05:00,77.74815764169257,79.13880655058661,77.74815764169257,79.13397216796875,113730400,0.0,0.0,176.20475203047337,175.3787078857422,47062900,75.27382928475085,75.41138458251953,31042000
2020-02-13 00:00:00-05:00,78.40599987113015,78.8969591321478,78.20284507837152,78.5704574584961,94747600,0.0,0.0,173.83103662761303,174.42921447753906,35295800,74.98284287407141,75.15118408203125,22914000
2020-02-14 00:00:00-05:00,78.53901899642953,78.83892050632156,78.08192253766144,78.58981323242188,80113600,0.0,0.0,173.99247235841844,175.98638916015625,23149500,75.20779068392721,75.41635131835938,23198000
2020-02-18 00:00:00-05:00,76.2704349958008,77.3321687046637,76.08904601525819,77.1507797241211,152531200,0.0,0.0,176.23320738570513,177.7713623046875,27792200,75.19835617848237,75.45160675048828,25642000
2020-02-19 00:00:00-05:00,77.39263964512776,78.49790505143669,77.39263964512776,78.26814270019531,93984000,0.0,0.0,179.0471979256966,178.30458068847656,29997500,75.83694765555981,75.72124481201172,22746000
2020-02-20 00:00:00-05:00,78.02871401030635,78.51725240619737,76.95972489443142,77.46519470214844,100566000,0.0,0.0,177.99036715778334,175.5816192626953,36862400,75.43024689467184,75.32994079589844,25962000
2020-02-21 00:00:00-05:00,77.05888657687778,77.50147989029539,75.09504942814512,75.7117691040039,129554000,0.0,0.0,174.3915250882964,170.03102111816406,48572600,74.71368322798507,73.6649169921875,42520000
2020-02-24 00:00:00-05:00,71.89294062243466,73.56655262581305,69.95086901349747,72.11544036865234,222195200,0.0,0.0,159.72957434916313,162.70004272460938,68311100,70.66511381109099,70.50670623779297,49560000
2020-02-25 00:00:00-05:00,72.78537928554614,73.16750228692123,69.20113004030677,69.67273712158203,230673600,0.0,0.0,165.8514056385486,160.01519775390625,68073300,71.0598926260904,68.84119415283203,51580000
2020-02-26 00:00:00-05:00,69.29783665601597,72.04285767425863,69.29058139298435,70.77796936035156,198054800,0.0,0.0,161.5765954218968,162.01454162597656,56206100,69.2712214294434,69.0472640991211,49776000
2020-02-27 00:00:00-05:00,67.98460193931137,69.16967532004576,66.01592302206369,66.15135955810547,320605600,0.0,0.0,155.49284470294847,150.5991668701172,93174900,67.49150271843352,65.29713439941406,62290000
2020-02-28 00:00:00-05:00,62.21885173263986,67.3340203730767,62.00359989656375,66.11266326904297,426510000,0.0,0.0,145.1056977436323,154.24560546875,97012700,63.27906196423352,66.50382232666016,80198000
2020-03-02 00:00:00-05:00,68.2699714851257,72.90385595913628,67.16712712972084,72.26778411865234,341397200,0.0,0.0,157.38747246115315,164.5089874267578,71030800,67.10665938377004,68.84119415283203,55430000
2020-03-03 00:00:00-05:00,73.4432035732901,73.52301148955354,69.12130192834442,69.97262573242188,319475600,0.0,0.0,165.4705910993296,156.6258087158203,71677000,69.40530636805653,66.42784118652344,56602000
2020-03-04 00:00:00-05:00,71.69460475808327,73.37789254779408,70.89407525882817,73.21826934814453,219178400,0.0,0.0,160.41507121846044,162.3763427734375,49814400,67.4825543345472,68.60680389404297,47598000
2020-03-05 00:00:00-05:00,71.47210923904862,72.44677262458974,70.4781009386349,70.84329986572266,187572800,0.0,0.0,158.09197981753212,158.3014373779297,47817300,66.81666434718564,65.28771209716797,54380000
2020-03-06 00:00:00-05:00,68.2022618674925,70.33539821217181,68.01603849038064,69.90248107910156,226176800,0.0,0.0,154.81690323310937,153.82675170898438,72821100,63.06254774883927,64.34321594238281,64640000
2020-03-09 00:00:00-04:00,63.788448583610446,67.25660448536854,63.60705963029212,64.37373352050781,286744800,0.0,0.0,143.76328229915575,143.4014892578125,70419300,59.8353131816508,60.37310409545898,69252000
2020-03-10 00:00:00-04:00,67.02684373594583,69.27606360892686,65.14764961954587,69.01002502441406,285290000,0.0,0.0,150.5801493440142,153.20787048339844,65354400,62.2898889326861,63.32176971435547,54872000
2020-03-11 00:00:00-04:00,67.08733944027128,68.0136294855381,65.74989060302927,66.6133041381836,255598800,0.0,0.0,149.59948831217446,146.26722717285156,56371600,61.98597644813612,60.13027191162109,54732000
2020-03-12 00:00:00-04:00,61.8995963124533,65.30003455864062,59.97929100201063,60.034915924072266,418474000,0.0,0.0,138.33645927607344,132.3955078125,93226400,55.746513797893854,55.19680404663086,94326000
2020-03-13 00:00:00-04:00,64.06419375596272,67.69922981131083,61.176475967090425,67.22761535644531,370732000,0.0,0.0,140.43099593883534,151.21800231933594,92727400,58.347075086419736,60.29762268066406,79400000
2020-03-16 00:00:00-04:00,58.51609179443726,62.65901412516802,58.04448112338351,58.57897567749024,322423600,0.0,0.0,133.29046629899992,128.92996215820312,87905900,54.107313960757686,53.28250503540039,96520000
2020-03-17 00:00:00-04:00,59.860787730415886,62.30349073818724,57.65751584296428,61.15469741821289,324056000,0.0,0.0,133.29044104633834,139.5455780029297,81059800,54.15846568225022,55.52007293701172,83194000
2020-03-18 00:00:00-04:00,57.98885734585637,60.4630023695136,57.34794730651824,59.65763473510742,300233600,0.0,0.0,131.38630647518264,133.67127990722656,81593200,52.63398239554666,54.1857795715332,93044000
2020-03-19 00:00:00-04:00,59.8317610046788,61.1498535536418,58.67570883898437,59.20052719116211,271857200,0.0,0.0,135.9276971037771,135.87057495117188,85922700,54.03828968438438,55.2027587890625,74064000
2020-03-20 00:00:00-04:00,59.78097572031221,60.90558973701077,55.14225612147072,55.44215393066406,401693200,0.0,0.0,139.00291200117317,130.76747131347656,84866200,56.15767505901044,53.04464721679688,82878000
2020-03-23 00:00:00-04:00,55.16160047962253,55.26317786918558,51.42015002405914,54.26432800292969,336752800,0.0,0.0,130.4437399557186,129.46310424804688,78975200,52.456698939752336,52.34546661376953,83672000
2020-03-24 00:00:00-04:00,57.16413586035,59.90431931903992,56.66592135701882,59.70841979980469,287531200,0.0,0.0,136.86075403148243,141.23077392578125,82516700,54.82089627383241,56.11347961425781,72468000
2020-03-25 00:00:00-04:00,60.644394003218935,62.45828415286656,59.08444921259577,59.37950897216797,303602000,0.0,0.0,141.77344860070977,139.87881469726562,75638200,55.843832238847845,54.70369720458984,90324000
2020-03-26 00:00:00-04:00,59.62136606316325,62.56228407124869,59.582668850990856,62.504241943359375,252087200,0.0,0.0,141.28789935793438,148.62840270996094,64568100,55.35421570523209,57.74770736694336,76562000
2020-03-27 00:00:00-04:00,61.1281011506361,61.882678310331166,59.74954530489737,59.91642379760742,204216800,0.0,0.0,144.47731422169113,142.5255584716797,57042300,55.98735373238596,55.13274765014648,62794000
2020-03-30 00:00:00-04:00,60.64197645935922,61.798028812791074,60.31789194982397,61.626312255859375,167976400,0.0,0.0,145.13427789282522,152.55093383789062,63420300,56.24407702996615,56.92289352416992,58736000
2020-03-31 00:00:00-04:00,61.81737856650545,63.48373516730324,60.94670980739506,61.50054931640625,197002000,0.0,0.0,151.760681450788,150.1516876220703,77927200,57.04306387832688,57.69953536987305,65228000
2020-04-01 00:00:00-04:00,59.61652017243426,60.15343192722889,57.83407204839957,58.26456832885742,176218400,0.0,0.0,145.66741417445297,144.820068359375,57969900,55.81503969905446,54.7275390625,51970000
2020-04-02 00:00:00-04:00,58.12671646543589,59.29002414850145,57.29474488517958,59.23681640625,165934000,0.0,0.0,144.58204408545626,147.819091796875,49630700,54.62326044918919,55.46892929077149,56410000
2020-04-03 00:00:00-04:00,58.721672212892855,59.423041606914005,57.795378517377415,58.385498046875,129880000,0.0,0.0,147.6667804454456,146.4576416015625,41243300,55.35371730864713,54.2607536315918,51374000
2020-04-06 00:00:00-04:00,60.68066393279939,63.63367471849766,60.31305155829202,63.4788932800293,201820400,0.0,0.0,152.63661391051838,157.34938049316406,67111700,56.26195964457938,58.75426864624024,63320000
2020-04-07 00:00:00-04:00,65.49351591759843,65.71118861311454,62.639665388856514,62.74365997314453,202887200,0.0,0.0,161.46234039547727,155.65469360351562,62769000,60.43368148304381,58.72298049926758,61620000
2020-04-08 00:00:00-04:00,63.54418476916798,64.66396058058191,63.17899331030437,64.34955596923828,168895200,0.0,0.0,157.73020890061215,157.21609497070312,48318200,59.74294719569394,59.93661117553711,40334000
2020-04-09 00:00:00-04:00,64.98564696158498,65.31698307985819,64.0182387887634,64.81392669677734,161834800,0.0,0.0,158.38713338772783,157.22560119628906,51385100,60.49178169677421,59.91525650024414,54028000
2020-04-13 00:00:00-04:00,64.89131758100808,66.19490356550595,64.29152188952229,66.08606719970703,131022800,0.0,0.0,156.47347007896627,157.57786560058594,41905300,59.66349397168023,60.10594177246094,38702000
2020-04-14 00:00:00-04:00,67.7185831593142,69.71386284168686,67.24696864573019,69.42363739013672,194994800,0.0,0.0,160.90061819618973,165.3753662109375,52874300,61.57382536538522,62.82817459106445,63358000
2020-04-15 00:00:00-04:00,68.29901865238591,69.24949545432703,67.8709431733772,68.78997802734375,131154400,0.0,0.0,162.99520547266337,163.6426239013672,40940800,61.89857772543933,62.434383392333984,42236000
2020-04-16 00:00:00-04:00,69.5034416112321,69.70176205876241,68.28692612469368,69.33656311035156,157125200,0.0,0.0,165.94660745850538,168.55528259277344,50479600,62.92300874781645,62.44083404541016,57896000
2020-04-17 00:00:00-04:00,68.85284815768563,69.3994360529156,66.95914281806782,68.39574432373047,215250000,0.0,0.0,170.89745000525429,170.04058837890625,52765600,63.6460212241004,63.51194763183594,51050000
2020-04-20 00:00:00-04:00,67.22273735844226,68.12484020568422,66.95669879703995,66.97604370117188,130015200,0.0,0.0,168.1649915934995,166.67022705078125,36669600,63.05957146388508,62.62556457519531,35292000
2020-04-21 00:00:00-04:00,66.81887303902265,67.05346978399236,64.19477725392538,64.90582275390625,180991600,0.0,0.0,165.18495298161926,159.7771759033203,56203700,61.709881356272376,60.19284439086914,49648000
2020-04-22 00:00:00-04:00,66.1731282940646,67.21067553657838,65.8321234375921,66.77534484863281,116862400,0.0,0.0,163.17610127236938,165.2040252685547,34620200,61.63042922031265,62.489505767822266,46296000
2020-04-23 00:00:00-04:00,66.71973354012535,68.14182498152778,66.477881455009,66.5165786743164,124814400,0.0,0.0,165.76574976299443,163.2046661376953,32790800,62.853494700717256,63.12313461303711,34202000
2020-04-24 00:00:00-04:00,67.0413982021141,68.44655816865868,66.99302483477508,68.43688201904297,126161200,0.0,0.0,163.81394522260578,166.1846160888672,34277600,62.32017249865712,63.39277648925781,37402000
2020-04-27 00:00:00-04:00,68.1539012595656,68.81658086164907,67.70648089449013,68.48524475097656,117087600,0.0,0.0,168.1268971917015,165.70863342285156,33194400,64.15750128092515,63.10774230957031,44186000
2020-04-28 00:00:00-04:00,68.94717557214871,69.1285646001926,67.28323975471295,67.37513732910156,112004800,0.0,0.0,167.1747734031397,161.67178344726562,34392700,63.72051660190071,61.20734786987305,80700000
2020-04-29 00:00:00-04:00,68.86251778141856,70.05726716798014,68.65936300137292,69.58807373046875,137280800,0.0,0.0,164.91836401953887,168.9265899658203,51286600,66.78934790045282,66.6493148803711,108358000
2020-04-30 00:00:00-04:00,70.1274184677146,71.23268410942524,69.73804020932337,71.0561294555664,183064000,0.0,0.0,171.3734399674679,170.62130737304688,53875900,66.11201957490346,66.87376403808594,55842000
2020-05-01 00:00:00-04:00,69.23015344644766,72.31376726807983,69.13341409681881,69.91217803955078,240616800,0.0,0.0,167.37476813675693,166.20372009277344,39370500,65.75100006817652,65.4148178100586,48872000
2020-05-04 00:00:00-04:00,69.93636455572125,71.02953322733046,69.24708469755467,70.90135192871094,133568000,0.0,0.0,166.12748190444768,170.2689971923828,30372900,64.95847353570845,65.69190979003906,30806000
2020-05-05 00:00:00-04:00,71.36084701948627,72.79744841928256,71.21573435047652,71.9654769897461,147751200,0.0,0.0,171.96377124654674,172.09706115722656,36839200,66.41691697950115,66.98896789550781,39666000
2020-05-06 00:00:00-04:00,72.6668439519477,73.33919216211522,72.28230018886588,72.70796203613281,142333600,0.0,0.0,173.35378650241677,173.79173278808594,32139300,67.43489620672509,66.81069946289062,31732000
2020-05-07 00:00:00-04:00,73.33436839325711,73.80598277550787,73.03205337405477,73.46012878417969,115215200,0.0,0.0,175.34363951559865,174.80096435546875,28316000,67.59926435808376,67.99503326416016,30652000
2020-05-08 00:00:00-04:00,74.11974268821213,75.26194703967974,73.792357201285,75.2085952758789,133838400,0.205,0.0,176.11478793585908,175.82916259765625,30877800,68.61773777696003,68.74287414550781,33326000
2020-05-11 00:00:00-04:00,74.71632174778293,76.88675244657776,74.50776212066847,76.39204406738281,145946400,0.0,0.0,174.37246159084364,177.79042053222656,30892700,68.3679661933899,69.69878387451172,32718000
2020-05-12 00:00:00-04:00,77.07588574980144,77.52695196972876,75.39774386669593,75.51899719238281,162301200,0.0,0.0,177.8475774050722,173.76316833496094,32038200,69.92869401506682,68.28800964355469,33918000
2020-05-13 00:00:00-04:00,75.69846552238357,76.61999543008798,73.53045501521297,74.60718536376953,200622400,0.0,0.0,173.80126472459057,171.1354522705078,44711500,68.3366751009286,66.95470428466797,40368000
2020-05-14 00:00:00-04:00,73.84572041786713,75.12615554695448,73.12304775988805,75.0655288696289,158929200,0.0,0.0,169.03134305352413,171.8780517578125,41873900,66.2192897181681,67.3782958984375,36660000
2020-05-15 00:00:00-04:00,72.8368814117532,74.66780385011373,72.80292692486488,74.6217269897461,166348400,0.0,0.0,170.4784619080021,174.38197326660156,46610400,66.95122766332483,68.18273162841797,41544000
2020-05-18 00:00:00-04:00,75.9458316362108,76.7533757455592,75.2546860142826,76.37991333007812,135178400,0.0,0.0,176.8478807645849,176.0481414794922,35264500,67.61267414754582,68.78459167480469,47094000
2020-05-19 00:00:00-04:00,76.39686365238681,77.24320942617612,75.90700292212371,75.93852996826172,101729600,0.0,0.0,176.1623510602996,174.82945251464844,26799100,68.79948120448985,68.24927520751953,31586000
2020-05-20 00:00:00-04:00,76.7970088377273,77.48572687771853,76.75820688327083,77.4154052734375,111504800,0.0,0.0,176.4429932900514,177.2545166015625,31261300,68.9822221805776,69.97537231445312,38262000
2020-05-21 00:00:00-04:00,77.27720108647698,77.81799379794089,76.6006051884002,76.83826446533203,102688800,0.0,0.0,177.0062391047125,175.12542724609375,29119500,70.06624345555898,69.85569763183594,30894000
2020-05-22 00:00:00-04:00,76.57633494565745,77.41541342276373,76.47448628011443,77.33296203613281,81803200,0.0,0.0,174.89626221622237,175.20176696777344,20826900,69.71418212507929,70.17798614501953,28544000
2020-05-26 00:00:00-04:00,78.45091841064635,78.6303710026143,76.75337148985957,76.80915069580078,125522000,0.0,0.0,177.90367329268187,173.34963989257812,36073600,71.60413885227362,70.5816879272461,44590000
2020-05-27 00:00:00-04:00,76.66606775831522,77.28930432080578,75.92641792081989,77.143798828125,112945200,0.0,0.0,172.04168637143127,173.57879638671875,39517100,70.51366858878762,70.52757263183594,31684000
2020-05-28 00:00:00-04:00,76.81885227689466,78.43637538186252,76.54239845998111,77.17776489257812,133560800,0.0,0.0,172.5572695235082,173.1873779296875,33810200,69.52050647162248,70.42626190185547,35170000
2020-05-29 00:00:00-04:00,77.42026037966232,77.88102160812149,76.74609208099886,77.10257720947266,153532400,0.0,0.0,174.4570906108949,174.95355224609375,42130400,70.53500849563842,71.18502807617188,37044000
2020-06-01 00:00:00-04:00,77.05650985276371,78.17204223872224,76.92555415248881,78.05078887939453,80791200,0.0,0.0,174.27573351783732,174.5526123046875,22622400,70.79671210149603,71.25206756591797,25162000
2020-06-02 00:00:00-04:00,77.78401795906733,78.43636152325215,77.34265402331467,78.412109375,87642800,0.0,0.0,175.90834446804334,176.53846740722656,30794600,71.25851563155427,71.62151336669922,23442000
2020-06-03 00:00:00-04:00,78.73222950297175,79.10569190926654,78.15990981793529,78.84378051757812,104491200,0.0,0.0,176.45251757462225,176.9680633544922,27311000,71.64087769777096,71.46955871582031,27732000
2020-06-04 00:00:00-04:00,78.66677042606013,78.96504900059813,77.79131718524476,78.16477966308594,87560400,0.0,0.0,175.95606151294973,174.63853454589844,28761800,71.3469073433277,70.23060607910156,26982000
2020-06-05 00:00:00-04:00,78.41454026494723,80.45159499569716,78.38544064604918,80.3909683227539,137250400,0.0,0.0,174.35212860910278,178.7247772216797,39893600,70.29716055526652,71.5078125,42642000
2020-06-08 00:00:00-04:00,80.08783519139197,80.90023409134206,79.37729235859877,80.86627960205078,95654400,0.0,0.0,177.52179393272417,179.8322296142578,33211600,70.82550690785413,71.90605163574219,33878000
2020-06-09 00:00:00-04:00,80.54617766782322,83.81273576255528,80.51465061318699,83.41987609863281,147712400,0.0,0.0,179.4885514465179,181.20706176757807,29783900,71.76701395697853,72.1066665649414,33624000
2020-06-10 00:00:00-04:00,84.36807924016622,86.0340990809107,83.92914270631454,85.5660629272461,166651600,0.0,0.0,182.4768502186777,187.92832946777344,43872300,72.57493747641008,72.73334503173828,31762000
2020-06-11 00:00:00-04:00,84.71000802945393,85.13439472060976,81.35614389223483,81.45799255371094,201662400,0.0,0.0,184.38625950932416,177.8368377685547,52854700,71.55795600242254,69.61486053466797,47144000
2020-06-12 00:00:00-04:00,83.59690535411025,84.34382269299937,81.05058514318586,82.16126251220703,200146000,0.0,0.0,181.9135944488241,179.24037170410156,43373600,70.80465018402187,70.1620864868164,36676000
2020-06-15 00:00:00-04:00,80.81536275804567,83.82971944873768,80.65288000271148,83.17737579345703,138808800,0.0,0.0,176.2233791495134,180.385986328125,32770200,68.99860289022061,70.55039978027344,30468000
2020-06-16 00:00:00-04:00,85.2314142826488,85.65338103043176,83.59692127094438,85.38176727294922,165428800,0.0,0.0,184.15715975098976,184.80638122558597,42556700,71.95372336605863,71.82809448242188,30648000
2020-06-17 00:00:00-04:00,86.12626281116486,86.18688949305373,85.14168608934729,85.262939453125,114406400,0.0,0.0,186.2003029435396,185.44607543945312,25687800,72.14938384823937,72.1295166015625,30610000
2020-06-18 00:00:00-04:00,85.21928633315488,85.71400210817573,84.68819603071728,85.29689025878906,96820400,0.0,0.0,185.2169126322436,187.431884765625,23061600,71.99594014241761,71.21482849121094,34862000
2020-06-19 00:00:00-04:00,86.00256132015875,86.46816994057362,83.70116819491169,84.8094253540039,264476000,0.0,0.0,189.5990643945507,186.31480407714844,44441100,71.50680901376434,70.74407196044922,52784000
2020-06-22 00:00:00-04:00,85.20230612758097,87.17145941767127,85.15622926088085,87.02838134765625,135445200,0.0,0.0,186.925895860204,191.489501953125,32818900,70.76244702073843,72.0361557006836,29442000
2020-06-23 00:00:00-04:00,88.27242947914962,90.30463659467983,87.85289026819137,88.88597106933594,212155600,0.0,0.0,192.94065784911197,192.7688140869141,30917400,72.10270529949794,72.69760131835938,37752000
2020-06-24 00:00:00-04:00,88.51494690487205,89.43404938466047,86.94350079967253,87.31696319580078,192623200,0.0,0.0,192.47285257091232,188.8830718994141,36740600,72.66283584354171,71.1443099975586,31592000
2020-06-25 00:00:00-04:00,87.47218408676609,88.51496010857981,86.71313680637758,88.47615814208984,137522400,0.0,0.0,188.84486850692,191.26986694335935,27803900,71.07081245432276,71.56143188476562,23958000
2020-06-26 00:00:00-04:00,88.37186655732566,88.59254854021978,85.60971171941675,85.75764465332031,205256800,0.0,0.0,190.68750071610512,187.44143676757807,54675800,71.14083539885146,67.66033935546875,97640000
2020-06-29 00:00:00-04:00,85.66550295799838,87.82866626069892,85.18776440060446,87.73408508300781,130646000,0.0,0.0,186.91632647376247,189.45590209960935,26701600,67.5510965388041,69.3799819946289,45074000
2020-06-30 00:00:00-04:00,87.32179888035039,88.75259416052774,87.30240160297599,88.4664306640625,140223200,0.0,0.0,188.92127153941016,194.2963714599609,34310300,69.36558782541128,70.41683197021484,40286000
2020-07-01 00:00:00-04:00,88.54402159456686,89.0872340900109,88.25059063772953,88.29908752441406,110737200,0.0,0.0,193.9430939489472,195.43246459960935,32061200,70.47245669422166,71.60613250732422,42182000
2020-07-02 00:00:00-04:00,89.20606737392568,89.84143357500007,88.18511651038357,88.29908752441406,114041600,0.0,0.0,196.3680862556984,196.9218292236328,29315800,72.09475014363011,72.99304962158203,57218000
2020-07-06 00:00:00-04:00,89.72748807234947,91.12917664404556,89.69596101404703,90.66114044189452,118655600,0.0,0.0,199.37546387836824,201.16079711914065,31897600,73.89782139127526,74.46887969970703,44712000
2020-07-07 00:00:00-04:00,91.03941723603027,91.81786146647752,90.26824790864458,90.37979888916016,112424400,0.0,0.0,200.92214171818512,198.82174682617188,33600700,74.29408433333198,73.98571014404297,42364000
2020-07-08 00:00:00-04:00,91.35711714225694,92.51629878115334,91.26981088874352,92.48477172851562,117092000,0.0,0.0,200.55935767068064,203.19439697265625,33600000,74.52599101296335,74.66503143310547,31766000
2020-07-09 00:00:00-04:00,93.37720806711494,93.4305598406817,91.83486890517744,92.88249969482422,125642800,0.0,0.0,206.5359071342689,204.61691284179688,33121700,74.97936170940798,75.41287231445312,41836000
2020-07-10 00:00:00-04:00,92.4774952860812,93.10316665691909,91.86638112451728,93.04496002197266,90257200,0.0,0.0,203.9486444344452,203.9963836669922,26177600,75.14422899077879,76.42340850830078,35918000
2020-07-13 00:00:00-04:00,94.34964385590663,96.95901797723327,92.40231560385234,92.61572265625,191649200,0.0,0.0,204.76966993541564,197.69515991210935,38135600,76.96616497127292,75.09358215332031,42954000
2020-07-14 00:00:00-04:00,91.9973358727136,94.33995142456509,91.0636910214966,94.14837646484376,170989200,0.0,0.0,196.7977276176612,198.91722106933597,37591800,74.12823553437825,75.5221176147461,38108000
2020-07-15 00:00:00-04:00,96.0229512346548,96.27273284060122,93.5978842251878,94.79586791992188,153198000,0.0,0.0,200.07244971421292,198.6212615966797,32179400,75.63980057926288,75.32447814941406,31026000
2020-07-16 00:00:00-04:00,93.66819648454631,94.4854427364264,93.0304027910354,93.62939453125,110577600,0.0,0.0,196.100780795123,194.6877899169922,29940700,74.56074859230361,75.22715759277344,26484000
2020-07-17 00:00:00-04:00,94.08049080295564,94.2356912649812,92.96737837668049,93.44026947021484,92186800,0.0,0.0,195.21286588719,193.69485473632807,31635300,75.3259758610201,75.322998046875,34264000
2020-07-20 00:00:00-04:00,93.527569101271,95.54764680403544,93.18320630571225,95.40941619873048,90318000,0.0,0.0,195.7189258303168,202.02012634277344,36884800,75.23112844043321,77.65640258789062,30166000
2020-07-21 00:00:00-04:00,96.1999661392453,96.27514261068757,93.84280114252176,94.09258270263672,103433200,0.0,0.0,203.9867965045335,199.2990875244141,37990400,78.70864268855435,77.26310729980469,27486000
2020-07-22 00:00:00-04:00,93.79431625820118,95.03837684731693,93.70701739615949,94.35693359375,89001600,0.0,0.0,199.728789740396,202.1633453369141,49605700,77.25268783886976,77.70655822753906,24482000
2020-07-23 00:00:00-04:00,94.09019018328048,94.16779411831396,89.25218503222052,90.0621566772461,197004400,0.0,0.0,197.8097560725141,193.37026977539065,67457000,77.76017158432137,75.3180160522461,33910000
2020-07-24 00:00:00-04:00,88.26033635202654,90.1834131410319,86.47305535290556,89.83905029296875,185438800,0.0,0.0,191.3462223944317,192.18638610839844,39827000,74.44604426009818,74.89395141601562,29902000
2020-07-27 00:00:00-04:00,90.901210827336,92.06039256097252,90.67810880703216,91.9682388305664,121214000,0.0,0.0,192.34873339252303,194.62098693847656,30160900,75.14471356949954,75.94766998291016,27124000
2020-07-28 00:00:00-04:00,91.5390212468066,91.7160538347521,90.4525883659493,90.45744323730467,103625600,0.0,0.0,194.3917903664301,192.873779296875,23251400,75.72770374031859,74.66751861572266,30910000
2020-07-29 00:00:00-04:00,90.94001731785843,92.37566031423208,90.90364279107482,92.19135284423828,90329200,0.0,0.0,193.33211641635157,194.8214874267578,19632600,74.73454996381882,75.6537094116211,22676000
2020-07-30 00:00:00-04:00,91.3644036366013,93.41116087548794,90.95699413710132,93.306884765625,158130000,0.0,0.0,191.89995539853575,194.6686553955078,25079600,74.38545685591691,76.3916244506836,36042000
2020-07-31 00:00:00-04:00,99.80120250061276,103.2253956841153,97.80294239807122,103.07504272460938,374336800,0.0,0.0,195.14602526126697,195.72840881347656,51044000,74.33977117600368,73.88788604736328,91468000
2020-08-03 00:00:00-04:00,104.95690446853536,108.29137183717285,104.6586259422002,105.67230224609376,308151200,0.0,0.0,201.9437341110618,206.7364501953125,78983000,74.03934550111532,73.63016510009766,45482000
2020-08-04 00:00:00-04:00,105.8614502635959,107.469270880992,105.13877762781756,106.37799072265624,173071600,0.0,0.0,204.4737699271548,203.63360595703125,49280100,73.82631690480552,73.16040802001953,37212000
2020-08-05 00:00:00-04:00,106.09911429734817,107.08369095937002,105.6334981524038,106.76358032226562,121776800,0.0,0.0,205.1706940305577,203.2994384765625,28806400,73.33520430169227,73.44792175292969,29134000
2020-08-06 00:00:00-04:00,107.09580568303384,110.98318771588607,106.50651618913852,110.48847198486328,202428800,0.0,0.0,202.726576709763,206.55503845214844,32656800,73.30193223362062,74.73206329345703,33306000
2020-08-07 00:00:00-04:00,110.009872310896,110.46660808616394,107.17957700537669,107.97643280029295,198045600,0.205,0.0,205.12295603956983,202.86024475097656,27820400,74.93515777997108,74.40531158447266,27718000
2020-08-10 00:00:00-04:00,109.42194125871023,110.5637806605802,106.89532594642496,109.54584503173828,212403600,0.0,0.0,202.08690893945885,198.82174682617188,36716500,74.029405602229,74.3283462524414,20546000
2020-08-11 00:00:00-04:00,108.80972291616033,109.30775498122829,106.02801209618364,106.2879638671875,187902400,0.0,0.0,197.7811365750378,194.1722717285156,36446500,74.18831458702142,73.51992797851562,31098000
2020-08-12 00:00:00-04:00,107.37878264931382,110.07789350159868,107.18443047564186,109.82037353515624,165598000,0.0,0.0,195.9957812270536,199.7192230224609,28013100,73.84667366406597,74.84577941894531,22512000
2020-08-13 00:00:00-04:00,111.20029196815734,112.7672832263659,110.71197231378294,111.76392364501952,210082000,0.0,0.0,199.9578913011391,199.2513885498047,22588900,74.89395048360689,75.31305694580078,22388000
2020-08-14 00:00:00-04:00,111.58900987277718,111.75420996900904,109.85438662016136,111.66432189941406,165565200,0.0,0.0,199.3086606756937,199.44232177734372,17958900,75.16210085388852,74.71617889404297,21942000
2020-08-17 00:00:00-04:00,112.78673069729702,112.8110265755206,110.74600296555394,111.37279510498048,119561600,0.0,0.0,200.110650247621,200.7598571777344,20184800,75.27929014145775,75.29269409179688,19990000
2020-08-18 00:00:00-04:00,111.12497934318772,112.7259788863913,110.78971554731912,112.3008270263672,105633600,0.0,0.0,200.99855630508836,201.91510009765625,21336200,75.78331358124228,77.25615692138672,28378000
2020-08-19 00:00:00-04:00,112.70898176363043,113.85567747183468,112.34699766084464,112.44174194335938,145538000,0.0,0.0,202.40313204866104,200.6900329589844,27627600,77.09277539659304,76.70147705078125,30472000
2020-08-20 00:00:00-04:00,112.48305495531343,115.05097442556868,112.46604709851567,114.9367904663086,126907200,0.0,0.0,200.53693686471104,205.3603973388672,26981500,76.47107420399901,78.27265167236328,26382000
2020-08-21 00:00:00-04:00,115.89640603696289,121.34321254794536,115.88426180533295,120.85975646972656,338054800,0.0,0.0,204.67133687280335,203.867431640625,36249300,78.05167574489523,78.2388916015625,34838000
2020-08-24 00:00:00-04:00,125.06509916365437,125.15013843519527,120.43945211980872,122.30525970458984,345937600,0.0,0.0,205.56139598647127,204.5086669921875,25460100,79.07808990589221,78.714599609375,25638000
2020-08-25 00:00:00-04:00,121.1780064067377,121.64688641801344,119.57943117585933,121.3019027709961,211495600,0.0,0.0,203.9439889498141,207.169189453125,23043700,78.46382111596415,79.74250793457031,25150000
2020-08-26 00:00:00-04:00,122.61866792136692,123.40823574071352,121.5521404466388,122.95149993896484,163022400,0.0,0.0,208.5186105709494,211.64810180664065,39600800,79.76486364100212,81.64340209960938,52188000
2020-08-27 00:00:00-04:00,123.55400095827326,123.88683296878132,120.33741816118452,121.481689453125,155552400,0.0,0.0,213.3133444511128,216.8448028564453,57602200,81.76654758378608,80.86824798583984,31350000
2020-08-28 00:00:00-04:00,122.45588862300936,122.87375249170243,121.0613927954914,121.28490447998048,187630000,0.0,0.0,218.3760311153811,219.07467651367188,26292900,80.91542137625561,81.41000366210938,22418000
2020-08-31 00:00:00-04:00,123.97915723775616,127.30262866474357,122.44374970807397,125.39794158935548,225702700,0.0,4.0,217.24676147372583,215.8399200439453,28774200,81.61559094306867,80.91840362548828,26422000
2020-09-01 00:00:00-04:00,129.01294820319362,130.99537911333144,126.84589234906336,130.3928680419922,151948100,0.0,0.0,215.8207831449392,217.5051727294922,25725500,81.04899528023,82.18714141845703,22652000
2020-09-02 00:00:00-04:00,133.70665628636283,134.08564833325232,123.4155520047193,127.6913604736328,200119000,0.0,0.0,218.17509671666676,221.6969757080078,34080800,82.82921400260896,85.28130340576172,49522000
2020-09-03 00:00:00-04:00,123.32806028413174,125.20358030775732,117.0989743551227,117.46824645996094,257599600,0.0,0.0,219.419199667732,207.9635009765625,58400300,84.39392209014869,80.91740417480469,63726000
2020-09-04 00:00:00-04:00,116.68111776737273,120.20866118452793,107.76021579822826,117.5459976196289,332607200,0.0,0.0,205.8580711279521,205.04458618164065,59664100,79.89892947828622,78.51895141601562,55850000
2020-09-08 00:00:00-04:00,110.73383843385652,115.63158886854931,109.49968655275792,109.63573455810548,231366600,0.0,0.0,197.62756836074408,193.9525604248047,52924300,75.72770044561553,75.6581802368164,54032000
2020-09-09 00:00:00-04:00,113.95044673268514,115.7773827976727,112.00689488795123,114.00875091552734,176940500,0.0,0.0,198.68027236059635,202.2117156982422,45679000,76.9145205406051,76.83159637451172,39242000
2020-09-10 00:00:00-04:00,116.96295339003524,117.09900142927624,109.32479386550686,110.28684997558594,182274400,0.0,0.0,204.2310956387037,196.54611206054688,35461500,76.97807902829125,75.77983856201172,33024000
2020-09-11 00:00:00-04:00,111.33634579157452,111.97772133616776,106.89533097403393,108.83888244628906,180860300,0.0,0.0,198.29749929866705,195.26370239257807,33620100,75.8841155465487,75.26885986328125,30706000
2020-09-14 00:00:00-04:00,111.48210621661045,112.6579538893948,109.61629870677376,112.10404205322266,140150100,0.0,0.0,195.4646832848915,196.58441162109372,30375800,76.05791146519486,74.92472839355469,42660000
2020-09-15 00:00:00-04:00,114.99023961653585,115.4761275479022,110.40345635818764,112.27898406982422,184642000,0.0,0.0,199.46511362841568,199.8096466064453,21823900,75.87120485456991,76.230224609375,23042000
2020-09-16 00:00:00-04:00,111.97769713491716,112.72596102782975,108.877730834153,108.9651870727539,154679000,0.0,0.0,201.57050978666584,196.2398376464844,26328100,76.59570881971476,75.08661651611328,22128000
2020-09-17 00:00:00-04:00,106.62324227263576,109.03324211177724,105.64174663584149,107.22573852539062,178011000,0.0,0.0,191.45465463658232,194.1917724609375,34011300,73.78161024085985,73.84268951416016,40008000
2020-09-18 00:00:00-04:00,107.284058732694,107.75050700364508,103.09569964451084,103.82453155517578,287104900,0.0,0.0,194.0865463499344,191.78009033203125,55225300,73.90527820347172,72.0575180053711,63056000
2020-09-21 00:00:00-04:00,101.58944459122996,107.07997942887016,100.19008504511056,106.97308349609376,195713800,0.0,0.0,188.71758312450748,193.83770751953125,39839700,71.0906872863727,71.01719665527344,56908000
2020-09-22 00:00:00-04:00,109.49969103484165,109.67461096517128,106.079043681136,108.65424346923828,183055400,0.0,0.0,196.2494098087427,198.5080108642578,33517100,72.01927539504912,72.49102020263672,33950000
2020-09-23 00:00:00-04:00,108.46961737823794,108.94578544391972,103.75649882076176,104.09662628173828,150718700,0.0,0.0,198.9673671640514,191.9714508056641,30803800,72.10716338954937,69.98678588867188,37726000
2020-09-24 00:00:00-04:00,102.20163928067022,107.13826116639638,102.0364392060918,105.16555786132812,167743300,0.0,0.0,191.26333219191645,194.45982360839844,31202500,69.65360174059556,70.65568542480469,34552000
2020-09-25 00:00:00-04:00,105.3696421159189,109.266464847538,104.63109048927912,109.11097717285156,149981400,0.0,0.0,194.8043287159632,198.890869140625,29437300,70.76443424115384,71.46013641357422,30326000
2020-09-28 00:00:00-04:00,111.76393141391246,112.06517952480382,109.596868222818,111.71533966064452,137672400,0.0,0.0,201.8193853049063,200.44125366210935,32004900,73.09536442492873,72.43342590332031,30784000
2020-09-29 00:00:00-04:00,111.31694230173856,112.05548671390125,110.36459857207495,110.8699188232422,99382200,0.0,0.0,200.355116762719,198.3549041748047,24221900,72.69413541992567,72.79891204833984,31816000
2020-09-30 00:00:00-04:00,110.57836749432272,113.95043065542164,110.41316739020328,112.54135131835938,142675200,0.0,0.0,198.80474978814112,201.2930450439453,33829100,72.54663995974896,72.77804565429688,40924000
2020-10-01 00:00:00-04:00,114.31969839365316,114.3974422328623,112.56078666239472,113.49369049072266,116120400,0.0,0.0,204.3172412725984,203.3314971923828,27158400,73.67485304245847,73.8853988647461,32884000
2020-10-02 00:00:00-04:00,109.70377282438156,112.1137801442832,109.05268479784137,109.8301010131836,144712000,0.0,0.0,199.06313182368095,197.33090209960935,33154800,72.4815909596404,72.2814712524414,31222000
2020-10-05 00:00:00-04:00,110.69499517820353,113.35765904061498,110.3451552647116,113.2118911743164,106243800,0.0,0.0,198.3166494452693,201.34088134765625,21331600,72.6315529369491,73.6336441040039,21602000
2020-10-06 00:00:00-04:00,112.43446787965236,112.84261938949062,109.08184401367627,109.9661636352539,161498200,0.0,0.0,199.8479004370668,197.06292724609372,28554300,73.26964605680442,72.05403137207031,26096000
2020-10-07 00:00:00-04:00,111.38493140237664,112.28868308370596,110.9087559798063,111.83194732666016,96849000,0.0,0.0,198.1634798190416,200.81446838378903,25681100,72.46569342964418,72.4572525024414,36108000
2020-10-08 00:00:00-04:00,112.96893128687452,113.11469913263744,111.35577997813652,111.72505950927734,83477200,0.0,0.0,201.4652424249977,201.53224182128903,19925800,72.77059285124541,73.66343688964844,26076000
2020-10-09 00:00:00-04:00,112.02631376339768,113.69776933647424,111.67647388000672,113.66861724853516,100506900,0.0,0.0,202.1543334169171,206.5375518798828,26458000,74.13170347927738,75.00518035888672,32966000
2020-10-12 00:00:00-04:00,116.67140501342882,121.646899984806,115.9134210442478,120.888916015625,240226800,0.0,0.0,209.3895149276004,211.8873748779297,40461400,76.37325769805075,77.69364929199219,55344000
2020-10-13 00:00:00-04:00,121.73434029707664,121.85095605169045,116.2729655353852,117.68203735351562,262330500,0.0,0.0,213.1506684996092,213.2846527099609,28950800,78.31037728461482,77.81678009033203,39072000
2020-10-14 00:00:00-04:00,117.58486097492064,119.55756448106015,116.24381316344191,117.76950073242188,150712000,0.0,0.0,213.4185967510234,211.37054443359372,23421700,78.19071970768324,77.63653564453125,33174000
2020-10-15 00:00:00-04:00,115.36922306195072,117.77922287109192,114.81531115779592,117.30305480957033,112559200,0.0,0.0,207.77214729829,210.2221527099609,22733100,76.69601789191054,77.24076080322266,31210000
2020-10-16 00:00:00-04:00,117.85696670561362,118.1193503209673,115.45667931642107,115.66075134277344,115393800,0.0,0.0,210.6910901594732,210.2221527099609,26057900,77.55658351214443,77.84807586669922,34194000
2020-10-19 00:00:00-04:00,116.57421378889114,117.02122972774796,112.39558266615455,112.70655059814452,120639300,0.0,0.0,210.94949400810776,205.0158843994141,27625800,78.25675108360606,75.97349548339844,29734000
2020-10-20 00:00:00-04:00,112.92034331318092,115.62188622477068,112.36643141199016,114.19337463378906,124423700,0.0,0.0,206.5279815053005,205.4273834228516,22753500,75.63383961797923,77.02275848388672,41670000
2020-10-21 00:00:00-04:00,113.377089656178,115.35951333260172,113.16329777724089,113.57144927978516,89946000,0.0,0.0,203.96312828594395,205.57095336914065,22724900,77.95483812956394,78.75630950927734,60322000
2020-10-22 00:00:00-04:00,114.13505561823894,114.70840714970598,111.35577645934274,112.48303985595705,101988000,0.0,0.0,204.7383299287346,205.65708923339844,22351500,78.70714079624807,79.78272247314453,30512000
2020-10-23 00:00:00-04:00,113.104978970855,113.2604666496336,111.05453154484074,111.79308319091795,82572600,0.0,0.0,205.791045619415,206.93948364257807,18879600,80.19936290074068,81.0897216796875,30548000
2020-10-26 00:00:00-04:00,110.79216292996242,113.26047439389082,109.69405151217104,111.80281066894533,111850700,0.0,0.0,204.66177992026053,201.0537567138672,37111600,80.19687183701743,78.67189025878906,35826000
2020-10-27 00:00:00-04:00,112.23037227607988,113.96985164953288,111.30718833691203,113.30904388427734,92276800,0.0,0.0,202.49884428314488,204.0875244140625,36700300,78.90231064798252,79.39640045166016,25902000
2020-10-28 00:00:00-04:00,111.8027892521436,112.17206132266384,107.9642710633188,108.06144714355467,143937800,0.0,0.0,198.74726984609316,193.9716644287109,51195600,76.96963351424793,75.0225601196289,45174000
2020-10-29 00:00:00-04:00,109.19844988747217,113.62974518620118,109.03324236591982,112.065185546875,146129200,0.0,0.0,195.30194494131683,195.92401123046875,31432600,75.3314387178596,77.310791015625,55406000
2020-10-30 00:00:00-04:00,107.92541751822762,108.82916930496091,104.6796899187288,105.78751373291016,190272600,0.0,0.0,194.75648085917675,193.77073669433597,36953700,82.80090867371322,80.25198364257812,99878000
2020-11-02 00:00:00-05:00,106.0304732873338,107.55616121485627,104.29099346700175,105.70006561279295,122866900,0.0,0.0,195.51248207470132,193.6367034912109,30842200,80.6209489181996,80.65968322753906,44228000
2020-11-03 00:00:00-05:00,106.56493781497863,108.3432818947634,105.6611860241768,107.32292175292967,107624400,0.0,0.0,195.12970170057392,197.56056213378903,27512000,80.9794835557131,81.71937561035156,31432000
2020-11-04 00:00:00-05:00,110.91847624915664,112.32754802876924,109.178996880867,111.7056121826172,138235500,0.0,0.0,204.82448475167837,207.0926513671875,42311800,84.69484549165698,86.6945571899414,71342000
2020-11-05 00:00:00-05:00,114.62095155797914,116.24382276328365,113.57143933861292,115.67047119140624,126387100,0.0,0.0,212.49985903019407,213.69615173339844,36080100,87.91613094031692,87.52135467529297,39758000
2020-11-06 00:00:00-05:00,115.17889766586664,116.0355331785365,113.04703434827604,115.53907775878906,114457900,0.205,0.0,212.71040498956907,214.1076812744141,25231900,86.96718320704757,87.3838119506836,28622000
2020-11-09 00:00:00-05:00,117.30100266982896,118.75144452373826,112.96914288637264,113.23197174072266,154515300,0.0,0.0,214.79674276458664,209.00668334960935,44395000,89.18388779864829,87.46772003173828,53440000
2020-11-10 00:00:00-05:00,112.48241768033424,114.46825386220856,111.10010975217423,112.89126586914062,138023400,0.0,0.0,205.28382581333628,201.9437713623047,44045100,85.89606389807871,86.29084014892578,43022000
2020-11-11 00:00:00-05:00,114.0788892511671,116.45410805937628,113.34879995040824,116.3178253173828,112295000,0.0,0.0,203.2644922966665,207.24575805664065,29440800,86.82119356546892,86.76309967041016,31838000
2020-11-12 00:00:00-05:00,116.44436129860394,117.33019898779234,115.42223346115064,116.04524230957033,103162300,0.0,0.0,207.8774110933832,206.18345642089844,21593900,86.5033783796767,86.54409790039062,26474000
2020-11-13 00:00:00-05:00,116.26913190849636,116.4930217530796,114.74081226781846,116.09391021728516,81581900,0.0,0.0,207.0639397113466,207.20748901367188,18621100,86.80132339394905,88.00601196289062,29744000
2020-11-16 00:00:00-05:00,115.76296175843656,117.7780080013021,115.01340665149156,117.10633087158205,91183000,0.0,0.0,205.63794400285644,207.89654541015625,24953300,87.60279824360163,88.09391021728516,25468000
2020-11-17 00:00:00-05:00,116.3762301824057,117.46649204968942,115.80188944001708,116.22047424316406,74271000,0.0,0.0,206.81509518658177,205.2455596923828,24154100,87.78751889696511,87.47964477539062,21314000
2020-11-18 00:00:00-05:00,115.46118772161483,116.63906421361688,114.86738117394036,114.8965835571289,76322100,0.0,0.0,205.00568264712743,202.5396728515625,28372800,87.23035989909762,86.43583679199219,20108000
2020-11-19 00:00:00-05:00,114.46825901798518,115.89923517011198,113.70896736833063,115.49038696289062,74113000,0.0,0.0,202.82752451855407,203.825439453125,24792700,86.06788281961194,87.32620239257812,20106000
2020-11-20 00:00:00-05:00,115.490390363244,115.61693649962824,114.17623112885316,114.2248992919922,73604300,0.0,0.0,203.61435882766037,201.87759399414065,22843100,87.49652005750151,86.22429656982422,27694000
2020-11-23 00:00:00-05:00,114.06913532208016,114.49745669006192,110.7301937966756,110.8275375366211,127959300,0.0,0.0,202.4148812320836,201.6088714599609,25683500,86.4149908162109,85.78632354736328,22530000
2020-11-24 00:00:00-05:00,110.88594337156805,112.77443558427984,109.6009793412134,112.11248779296876,113874200,0.0,0.0,201.10991485161088,205.2071533203125,33979700,85.78334829165836,87.59088134765625,27984000
2020-11-25 00:00:00-05:00,112.48241594054052,113.6505557267342,112.11249931432629,112.94966888427734,76499200,0.0,0.0,206.4066162928991,205.2167816162109,21012900,87.78504789071293,87.60230255126953,19600000
2020-11-27 00:00:00-05:00,113.47533097531714,114.37090528252364,113.13462416571154,113.49479675292967,46691300,0.0,0.0,206.15715907606656,206.5217742919922,14512200,87.62264384392891,88.73894500732422,14790000
2020-11-30 00:00:00-05:00,113.86471334319992,117.75852242774822,113.7089574149293,115.88949584960938,169410200,0.0,0.0,205.4374764288516,205.40869140625,33064800,88.17434731574909,87.11912536621094,32418000
2020-12-01 00:00:00-05:00,117.797479165846,120.19217122258144,116.82402674797702,119.46208190917967,127728200,0.0,0.0,205.83088300781276,207.4621124267578,30904500,87.72794605613673,89.15311431884766,37350000
2020-12-02 00:00:00-05:00,118.78064316901394,120.0948096799896,117.68064477339988,119.81250762939452,89004200,0.0,0.0,206.18593224564373,206.65609741210935,23724500,89.15310078662704,90.62345886230467,29424000
2020-12-03 00:00:00-05:00,120.24082808918226,120.49392777356492,118.96560791819012,119.67623138427734,78967600,0.0,0.0,205.9268176097469,205.57179260253903,25120900,90.40347565496144,90.46803283691406,24728000
2020-12-04 00:00:00-05:00,119.34526159986808,119.5983613009378,118.29393123559596,119.00455474853516,78260400,0.0,0.0,205.55260044936085,205.6869354248047,24666000,90.3875802533979,90.56336975097656,20544000
2020-12-07 00:00:00-05:00,119.06294045566084,121.2629445857138,119.0045356981682,120.46471405029295,86712000,0.0,0.0,205.696515907705,205.6197509765625,24620000,90.15568118177276,90.22917938232422,22288000
2020-12-08 00:00:00-05:00,121.0682813821168,121.66208795851276,119.82225603327018,121.07801055908205,82225500,0.0,0.0,205.31274773858016,207.27020263671875,23284100,89.80658830224857,89.94612121582031,19936000
2020-12-09 00:00:00-05:00,121.2240215863675,122.60632215950014,117.7877359329826,118.54702758789062,115089200,0.0,0.0,206.45461505637104,203.2305603027344,32440600,89.89797255827101,88.28410339355469,31728000
2020-12-10 00:00:00-05:00,117.30101190387384,120.58154910132534,116.96030505591354,119.96826934814452,81312200,0.0,0.0,203.2017287160043,202.00230407714844,26733300,87.526311537251,87.77708435058594,28688000
2020-12-11 00:00:00-05:00,119.179759356302,119.50100038149354,117.3496717985599,119.16029357910156,86939800,0.0,0.0,201.55130982077503,204.6314239501953,30979400,87.39721213285257,88.13214111328125,18628000
2020-12-14 00:00:00-05:00,119.34525822854418,120.07534750085608,118.31340110026942,118.54702758789062,79184500,0.0,0.0,204.47793178105667,205.53341674804688,28798400,87.92954487062023,87.01286315917969,33050000
2020-12-15 00:00:00-05:00,121.03907714077828,124.5045730010124,120.83465301231116,124.48509979248048,157243700,0.0,0.0,206.46419310374057,205.46627807617188,27000600,87.39024942111818,87.45083618164062,21352000
2020-12-16 00:00:00-05:00,124.0275714003019,124.96207736777792,123.20013093515551,124.4169464111328,98208600,0.0,0.0,206.0611686396812,210.4078826904297,35023300,87.84959334388638,87.25767517089844,24676000
2020-12-17 00:00:00-05:00,125.47800506998152,126.13996040824291,124.64083543417424,125.28331756591795,94359800,0.0,0.0,210.97398047070388,210.5421905517578,32515800,87.59236631572465,86.42938232421875,34880000
2020-12-18 00:00:00-05:00,125.53642108894336,125.67270382324948,122.77181256405063,123.29747772216795,192541500,0.0,0.0,209.74578857421875,209.74578857421875,63354900,86.71044468172059,85.71977233886719,85256000
2020-12-21 00:00:00-05:00,121.70100925990955,124.90366837554562,120.1726893708652,124.82579040527344,121251600,0.0,0.0,208.74787985959023,213.58395385742188,37181900,84.8711438082345,86.1339340209961,33974000
2020-12-22 00:00:00-05:00,128.11603948994306,130.8417085111979,126.20806671895431,128.37887573242188,168904800,0.0,0.0,213.67993915840347,214.87936401367188,22612200,85.87420682167605,85.42182922363281,20370000
2020-12-23 00:00:00-05:00,128.65144655619818,128.91426795602175,127.30807776451476,127.48330688476562,88223700,0.0,0.0,214.082887930686,212.07745361328125,18699600,85.60607168641371,85.81959533691406,22974000
2020-12-24 00:00:00-05:00,127.83376887622416,129.91695629713385,127.61960817236115,128.4665069580078,54930100,0.0,0.0,212.46131328554503,213.7375030517578,10550600,85.85783111525326,86.11406707763672,9312000
2020-12-28 00:00:00-05:00,130.43285473552945,133.69391042104374,129.9655870238762,133.06117248535156,124486200,0.0,0.0,215.36871856280752,215.85809326171875,17933500,86.64788120786828,88.0904312133789,27650000
2020-12-29 00:00:00-05:00,134.38509099699746,135.10543618196706,130.77357648181422,131.2895050048828,121047300,0.0,0.0,217.1534351478008,215.0808258056641,17403200,88.749390051316,87.28598022460938,19726000
2020-12-30 00:00:00-05:00,131.98061942106517,132.3797382922799,129.85848640984165,130.1699981689453,96452100,0.0,0.0,216.1171387725915,212.7107696533203,20272300,87.6454953550005,86.21784210205078,21026000
2020-12-31 00:00:00-05:00,130.5204870277971,131.16296911492586,128.2231389904879,129.16738891601562,99116600,0.0,0.0,212.72995237585465,213.4208221435547,20942100,86.26850867543338,87.03174591064453,21070000
2021-01-04 00:00:00-05:00,129.97533030753675,130.06293743283263,123.39479194308862,125.97444152832033,143301900,0.0,0.0,213.52641763249963,208.8822479248047,37130100,87.39721327969764,85.71531677246094,37324000
2021-01-05 00:00:00-05:00,125.46824574975814,128.2425902906654,125.02045122966084,127.5319595336914,97664900,0.0,0.0,208.4696048505629,209.08370971679688,23823000,85.66367771378998,86.40655517578125,20360000
2021-01-06 00:00:00-05:00,124.32932099883892,127.570918733124,123.02489113823766,123.23905181884766,155088000,0.0,0.0,203.5855885629835,203.662353515625,35930700,84.4306674741296,85.55391693115234,46588000
2021-01-07 00:00:00-05:00,124.95233855838184,128.1355317571745,124.46561240551398,127.44437408447266,109578200,0.0,0.0,205.3798725038288,209.4579162597656,27694500,85.7465892651924,88.10929870605469,41936000
2021-01-08 00:00:00-05:00,128.9142743130051,129.1089766459298,126.77268233415624,128.54437255859375,105158200,0.0,0.0,209.83219147172505,210.73416137695312,22956200,88.24932797316438,89.27574920654297,35484000
2021-01-11 00:00:00-05:00,125.76030156918269,126.71428063801751,125.08861712398672,125.55587005615234,100384500,0.0,0.0,209.63066780968265,208.69032287597656,23031300,88.24238133150995,87.21298217773438,34796000
2021-01-12 00:00:00-05:00,125.08862995743296,126.24704065814508,123.4921686595174,125.38066864013672,91951100,0.0,0.0,207.7404020062401,206.23391723632807,23249300,86.67021949760816,86.27643585205078,29528000
2021-01-13 00:00:00-05:00,125.34172565614996,127.9603149883141,125.07890420286044,127.4151840209961,88636800,0.0,0.0,205.3606677504283,207.5867919921875,20087100,85.77440403010542,86.76408386230469,23432000
2021-01-14 00:00:00-05:00,127.32757929841898,127.52226681135944,125.34172804679318,125.48775482177734,90221800,0.0,0.0,207.17423821247684,204.4011688232422,29480800,86.84451442090425,85.95316314697266,29212000
2021-01-15 00:00:00-05:00,125.3611859080536,126.76295959555424,123.6284420036996,123.76472473144533,111598500,0.0,0.0,204.8809368798388,204.04612731933597,31746500,85.85881921797849,85.78929901123047,31444000
2021-01-19 00:00:00-05:00,124.38774103736688,125.29305945365388,123.570044622059,124.43641662597656,90757300,0.0,0.0,205.10163584312352,207.68280029296875,30480900,86.5530367998629,88.61233520507812,41660000
2021-01-20 00:00:00-05:00,125.24435806944972,128.9726816127556,125.13727773804456,128.52488708496094,104319500,0.0,0.0,208.891809453224,215.26315307617188,37777300,90.69298282591129,93.3595962524414,64152000
2021-01-21 00:00:00-05:00,130.2479584913754,135.96212039668015,130.0435269134471,133.2364501953125,120150900,0.0,0.0,215.6085654477364,215.86764526367188,30709400,94.03393956655104,93.56218719482422,58634000
2021-01-22 00:00:00-05:00,132.6621108553387,136.1373435501003,131.43556600326772,135.3780517578125,114459400,0.0,0.0,217.8922679002385,216.8079833984375,30172700,93.9251814346911,93.97980499267578,32744000
2021-01-25 00:00:00-05:00,139.27182020640586,141.23818305206848,132.91516336360118,139.12579345703125,157611700,0.0,0.0,219.8497340080665,220.2431488037109,33152100,94.98190543815456,94.06522369384766,50586000
2021-01-26 00:00:00-05:00,139.78777273313094,140.46918645287846,137.6169631530498,139.3594512939453,98390600,0.0,0.0,222.47890098214344,222.9298858642578,49169600,93.6535629919304,94.7440414428711,31462000
2021-01-27 00:00:00-05:00,139.62224478331817,140.46915831522645,136.68242977361535,138.2886199951172,140843800,0.0,0.0,228.37048091852017,223.4768218994141,69870600,93.1033509899852,90.3240203857422,82512000
2021-01-28 00:00:00-05:00,135.81607367562873,138.22050212672593,133.07093096645875,133.45057678222656,142621100,0.0,0.0,226.07716818506384,229.2628326416016,49111200,90.92289423121268,92.0252914428711,55278000
2021-01-29 00:00:00-05:00,132.22404319902353,133.10988846080656,126.7532453845792,128.456787109375,177523800,0.0,0.0,226.4418038621358,222.57485961914065,42503100,91.0728532576244,90.74213409423828,44530000
2021-02-01 00:00:00-05:00,130.19924214528973,131.7859741111612,127.45409959233686,130.57888793945312,106239800,0.0,0.0,225.54940574495876,229.9536895751953,33314200,91.59773520987004,94.00513458251952,40252000
2021-02-02 00:00:00-05:00,132.1266561195646,132.69126014883398,131.03639446508643,131.40631103515625,83305400,0.0,0.0,231.53696622596047,229.8193817138672,25916300,95.00126570965044,95.29871368408205,66332000
2021-02-03 00:00:00-05:00,132.15586101329262,132.16560504134387,130.06294479305137,130.38418579101562,89880900,0.0,0.0,229.8769526886313,233.1681671142578,27158100,102.57305055467792,102.23885345458984,97882000
2021-02-04 00:00:00-05:00,132.68157041122387,133.75235918193923,131.01696020484349,133.7426300048828,84183100,0.0,0.0,232.8419408814673,232.21823120117188,25296100,102.32525035691263,101.9781494140625,48596000
2021-02-05 00:00:00-05:00,133.90348403057772,133.97171978594034,132.45086722756864,133.32827758789062,75693800,0.205,0.0,232.4292977150345,232.4005126953125,18054800,102.27261325937808,103.72608947753906,29866000
2021-02-08 00:00:00-05:00,132.61659492201852,133.52326614630692,131.53444758226135,133.47451782226562,71297200,0.0,0.0,233.3120716413681,232.6595916748047,22211900,104.2807546385323,103.51205444335938,28828000
2021-02-09 00:00:00-05:00,133.19177019449774,134.42016235628924,132.44110262440083,132.59707641601562,76774200,0.0,0.0,232.0838634587068,233.9069976806641,23565000,103.02939978157666,103.05870056152344,21892000
2021-02-10 00:00:00-05:00,133.0553056014661,133.5525177010359,131.02749721967888,131.99266052246094,73046600,0.0,0.0,235.0872579374984,232.99546813964844,22186700,103.44353437120024,103.60939025878906,25102000
2021-02-11 00:00:00-05:00,132.4898491628531,132.9675589258699,130.4133074654321,131.7391815185547,64280000,0.0,0.0,234.8761605015727,234.597900390625,15751100,103.83385461877602,103.7221221923828,20480000
2021-02-12 00:00:00-05:00,130.9787653308469,132.12914848493614,130.33532312132203,131.97315979003906,60145100,0.0,0.0,234.06052752923827,235.07765197753903,16561100,103.2761920503462,104.03396606445312,18990000
2021-02-16 00:00:00-05:00,132.09015902011436,132.59709996571863,129.45789813500429,129.84786987304688,80576300,0.0,0.0,235.11601808481555,233.8398284912109,26728500,103.87109895663936,104.8121109008789,31004000
2021-02-17 00:00:00-05:00,127.95656976954376,128.90223094191285,126.22123614674145,127.55685424804688,97918500,0.0,0.0,232.0894541766409,234.8592834472656,21653500,103.98182767192168,105.20539093017578,20294000
2021-02-18 00:00:00-05:00,125.95798047907508,126.73790904839908,124.21290350757396,126.45519256591795,96856700,0.0,0.0,232.55109320398296,234.4649658203125,16925600,104.5290554725159,104.56927490234376,22546000
2021-02-19 00:00:00-05:00,126.97190891723642,127.430116454622,125.56804028149357,126.6111831665039,87668800,0.0,0.0,234.4265012623312,231.7528381347656,25262600,104.66760224999184,103.72509765625,37938000
2021-02-22 00:00:00-05:00,124.7978374024914,126.46493488700048,122.44831544375612,122.8382797241211,103916400,0.0,0.0,228.33862759094472,225.53993225097656,36446900,101.9766511983896,102.0094223022461,29466000
2021-02-23 00:00:00-05:00,120.6544867396384,123.53045927947294,115.41923371769596,122.70178985595705,158273000,0.0,0.0,221.5198649440981,224.347412109375,30228700,100.00971865711338,102.3004150390625,34658000
2021-02-24 00:00:00-05:00,121.80487424070276,122.40931177714582,119.16287735238498,122.20458221435548,111039900,0.0,0.0,221.21203274988108,225.5783843994141,26339700,100.80672307051088,103.476806640625,22608000
2021-02-25 00:00:00-05:00,121.55138820352438,123.28672123283567,117.51527437819723,117.9539794921875,148199500,0.0,0.0,223.20288228767947,220.2310791015625,39542200,102.09235563455891,100.10704803466795,41548000
2021-02-26 00:00:00-05:00,119.51383705660506,121.71712880247114,118.15871701805524,118.21721649169922,164560400,0.0,0.0,222.6739313555886,223.49142456054688,37819200,100.80225428942666,100.40300750732422,40042000
2021-03-01 00:00:00-05:00,120.64472644599832,124.71983750347,119.7088167333954,124.5833511352539,116307900,0.0,0.0,226.87677089593703,227.8769989013672,25324000,101.69857291071618,102.77415466308594,26060000
2021-03-02 00:00:00-05:00,125.18782240063727,125.49004121695306,121.87313682284052,121.98037719726562,102260900,0.0,0.0,227.94431703214212,224.92442321777344,22812500,102.53480408624812,102.51692962646484,25564000
2021-03-03 00:00:00-05:00,121.6781252666424,122.55554294590044,118.78265064406548,118.99713134765624,112966300,0.0,0.0,223.2797975753155,218.85574340820312,34029500,101.89472276716695,99.88160705566406,33892000
2021-03-04 00:00:00-05:00,118.69492201638305,120.49849839926787,115.64346591859298,117.11557006835938,178155000,0.0,0.0,218.06716778420983,218.0575408935547,44727800,100.05342577855534,100.9999008178711,49216000
2021-03-05 00:00:00-05:00,117.9442530666944,118.8801629015518,114.61981660015222,118.37320709228516,153766600,0.0,0.0,220.740845637822,222.7412872314453,41872800,102.35156636872838,104.13526153564452,53100000
2021-03-08 00:00:00-05:00,117.89548670485604,117.96372988743823,113.29392514231552,113.4401626586914,154376600,0.0,0.0,222.5200514391749,218.6922912597656,35267400,103.48922828904088,99.68744659423828,36868000
2021-03-09 00:00:00-05:00,116.04317714685727,118.99714411910485,115.80920155325995,118.05148315429688,129525800,0.0,0.0,223.9722911842809,224.83786010742188,33080500,101.78547258921868,101.31918334960938,33920000
2021-03-10 00:00:00-05:00,118.63641969338748,119.10437082693088,116.45262294368769,116.96932983398438,111943300,0.0,0.0,227.9346612370885,223.52984619140625,29746800,102.36399312710525,101.11212921142578,27100000
2021-03-11 00:00:00-05:00,119.46509838909788,120.1182842596345,118.21721868480412,118.89965057373048,103026500,0.0,0.0,225.97271258487288,228.0597076416016,29907600,102.20607603435748,104.30757904052734,27702000
2021-03-12 00:00:00-05:00,117.37879987716552,118.12947496626138,116.16991732521446,117.99298858642578,88105100,0.0,0.0,225.05904836070448,226.7324981689453,22653700,103.10934768667865,101.79788970947266,33818000
2021-03-15 00:00:00-04:00,118.36345366505869,120.8884590376453,117.39829045128926,120.8787078857422,92403800,0.0,0.0,225.9727319636525,225.82846069335935,26034900,101.54861957159493,102.01837921142578,26168000
2021-03-16 00:00:00-04:00,122.54580261068884,124.02766536377308,121.5903979495752,122.4190673828125,115227900,0.0,0.0,227.24222868505888,228.61753845214844,28092200,102.59191553889649,103.48078918457033,31900000
2021-03-17 00:00:00-04:00,120.93721906750288,122.70179839737172,119.27012151430436,121.62940216064452,111932600,0.0,0.0,227.11720307886736,227.97315979003903,29562100,102.71506692244664,103.39785766601562,26382000
2021-03-18 00:00:00-04:00,119.79656111339465,120.08903616814248,117.3008017478915,117.50553131103516,121229700,0.0,0.0,223.6645288112691,221.89491271972656,34833000,101.70751288989462,100.3747100830078,31700000
2021-03-19 00:00:00-04:00,116.89134977056928,118.38295627751944,116.67686904236336,116.97908782958984,185549500,0.0,0.0,222.183433076479,221.5390625,46430700,100.79134100852929,100.6537857055664,46072000
2021-03-22 00:00:00-04:00,117.310556903171,120.76172845240195,117.24231371312756,120.29376983642578,111912300,0.0,0.0,221.4621232805725,226.9633331298828,30127000,100.68705266414705,100.83900451660156,33536000
2021-03-23 00:00:00-04:00,120.23528056214856,121.1224420531035,119.07513886679595,119.46510314941406,95467100,0.0,0.0,228.4059692318967,228.49252319335935,31638400,101.29882774538656,101.36735534667967,28510000
2021-03-24 00:00:00-04:00,119.73807557407793,119.81606991796892,117.0570813659124,117.07657623291016,88530500,0.0,0.0,228.75221011891443,226.45362854003903,25620100,101.88528247451288,100.9303741455078,25218000
2021-03-25 00:00:00-04:00,116.54037047817636,118.60717576184044,116.01391986522562,117.56401824951172,98844700,0.0,0.0,226.29972771990109,223.45294189453125,34061900,100.75757658304865,100.92691040039062,35616000
2021-03-26 00:00:00-04:00,117.33005170542276,118.43170133574064,115.93593444848634,118.16847229003906,94071200,0.0,0.0,222.6931811050737,227.43460083007807,25479900,100.89363919392493,100.54306030273438,27978000
2021-03-29 00:00:00-04:00,118.59742624167248,119.50408995901203,117.70051367598909,118.3439483642578,80819200,0.0,0.0,227.54037302898925,226.2420196533203,25227500,100.41543399056286,101.58883666992188,26492000
2021-03-30 00:00:00-04:00,117.09605643991245,117.37878030470016,115.87742293890422,116.89132690429688,85671900,0.0,0.0,224.59742201837375,222.981689453125,24792000,101.94587523975986,101.6226043701172,27312000
2021-03-31 00:00:00-04:00,118.59743876993916,120.42051011090868,118.10998526692909,119.08489227294922,118323800,0.0,0.0,224.0011497420284,226.7517547607422,43623500,102.0163766395741,102.41959381103516,42570000
2021-04-01 00:00:00-04:00,120.55698579856444,121.0639340927336,119.41633912027298,119.91354370117188,75089100,0.0,0.0,229.34848407327533,233.080078125,30338000,103.89591807192116,105.75955963134766,39880000
2021-04-05 00:00:00-04:00,120.7617238181442,122.99426157524732,119.9817953007638,122.74078369140624,88651200,0.0,0.0,233.47437621864523,239.54302978515625,36910600,106.62212075705683,110.18802642822266,48510000
2021-04-06 00:00:00-04:00,123.32573080877204,123.93991951774667,122.49706137788412,123.04300689697266,80171300,0.0,0.0,238.13888077497683,238.3793182373047,22931900,109.78876861526744,109.70633697509766,35240000
2021-04-07 00:00:00-04:00,122.6725329855432,124.71008476944756,121.9998448664795,124.69058990478516,83466700,0.0,0.0,238.3311941792023,240.34124755859372,22719800,109.897041394547,111.18466186523438,24134000
2021-04-08 00:00:00-04:00,125.7142373077892,127.1181055739932,125.29503449613289,127.08885955810548,88844600,0.0,0.0,243.10147460682455,243.5631103515625,23625200,112.42459741103764,111.75074768066406,28664000
2021-04-09 00:00:00-04:00,126.5429139253456,129.70160264420477,126.22119287511026,129.66261291503906,106686700,0.0,0.0,243.19765015784952,246.0636749267578,24326800,111.50295716552093,112.7558135986328,26146000
2021-04-12 00:00:00-04:00,129.19469541138892,129.5164165453594,127.3521215538503,127.94681549072266,91420000,0.0,0.0,244.9673020816501,246.12139892578125,27148700,111.93397929114464,111.46223449707033,25024000
2021-04-13 00:00:00-04:00,129.11669192988782,131.28098676840776,128.6194798143975,131.05674743652344,91266500,0.0,0.0,247.4197885755792,248.60272216796875,23837500,111.7785524215588,111.94937133789062,25682000
2021-04-14 00:00:00-04:00,131.55391635491986,131.61240837850028,128.35622347475837,128.71693420410156,87222800,0.0,0.0,247.6313042551945,245.81358337402344,23070900,112.5949278823604,111.32766723632812,21002000
2021-04-15 00:00:00-04:00,130.46210070074878,131.61248416262487,130.2866096530615,131.12503051757812,89347100,0.0,0.0,248.06409680754703,249.5740509033203,25627500,112.3228069510781,113.47982025146484,29174000
2021-04-16 00:00:00-04:00,130.9299738929471,131.29068461471235,129.93556488528282,130.79348754882812,84922400,0.0,0.0,249.54519003796196,250.7666015625,24878600,113.67794535392196,113.3556671142578,26282000
2021-04-19 00:00:00-04:00,130.15982336917756,132.07064756343885,129.99409097045535,131.45645141601562,94264200,0.0,0.0,250.23762725378188,248.84307861328125,23209300,112.73148319799424,113.70377349853516,30290000
2021-04-20 00:00:00-04:00,131.63194282012853,132.12914001786334,128.5024849113631,129.76986694335938,94812300,0.0,0.0,247.95832800540825,248.38150024414065,19722900,114.08761909590848,113.16995239257812,22288000
2021-04-21 00:00:00-04:00,129.03866179917034,130.39378162626917,128.00526299408884,130.15005493164062,68847100,0.0,0.0,249.03546247449316,250.6127166748047,24030400,112.82433942501434,113.1371841430664,23204000
2021-04-22 00:00:00-04:00,129.701600029045,130.78374722132708,128.11251198833915,128.62921142578125,84566500,0.0,0.0,250.25690440342183,247.3332061767578,25606200,112.99068363198704,111.85452270507812,24146000
2021-04-23 00:00:00-04:00,128.84369107132306,131.72940697661994,128.84369107132306,130.94949340820312,78657500,0.0,0.0,248.01603848589244,251.16094970703125,21462600,112.5735797405303,114.20880126953124,29066000
2021-04-26 00:00:00-04:00,131.44671790843336,131.67094236224486,130.20858180313348,131.3394775390625,66905100,0.0,0.0,251.65140097864776,251.54559326171875,19763300,114.43672834760984,114.70537567138672,32038000
2021-04-27 00:00:00-04:00,131.62218352757128,132.01215523774303,130.7447732125093,131.0177459716797,66015800,0.0,0.0,251.5745037037294,251.94960021972656,31014200,115.08772774296833,113.7643585205078,44386000
2021-04-28 00:00:00-04:00,130.93979706010737,131.63198778838526,129.74066524656905,130.22811889648438,107760100,0.0,0.0,246.2848623553483,244.8230133056641,46903100,118.8055796155355,117.14404296875,81106000
2021-04-29 00:00:00-04:00,133.04557765920794,133.63052788949472,129.12644681845208,130.13059997558594,151101000,0.0,0.0,245.688598686142,242.85142517089844,40589000,118.64320728077504,118.81849670410156,41234000
2021-04-30 00:00:00-04:00,128.47323262027362,130.20856574635297,127.78105703815494,128.16127014160156,109839500,0.0,0.0,240.18738532021044,242.53404235839844,30945100,117.58997485630582,116.86894989013672,44856000
2021-05-03 00:00:00-04:00,128.7267036427075,130.70577838338053,128.5219815192614,129.2141571044922,75135100,0.0,0.0,243.707345266331,242.22625732421875,19626600,117.43553178904428,116.35150909423828,28242000
2021-05-04 00:00:00-04:00,127.89803861753046,128.19051366277054,123.52070128030384,124.641845703125,137564700,0.0,0.0,241.3703378021565,238.3119659423828,32756100,114.88512675108498,114.55142974853516,44818000
2021-05-05 00:00:00-04:00,125.95799373768833,127.17662760681438,124.75886217572076,124.88560485839844,84000900,0.0,0.0,239.5334244118337,237.04249572753903,21901300,115.63396305915562,114.94570922851562,26636000
2021-05-06 00:00:00-04:00,124.68083714349731,126.494164489598,123.9399058507591,126.4844207763672,78128300,0.0,0.0,237.0231967181629,240.177734375,26491100,114.52660004687344,116.06697845458984,25190000
2021-05-07 00:00:00-04:00,127.78327149877356,128.1836509944488,126.44537008751144,127.15827178955078,78973300,0.22,0.0,242.50517474133576,242.80332946777344,27032900,117.38489608496133,116.79098510742188,28898000
2021-05-10 00:00:00-04:00,126.37701270502988,126.50395575349484,123.83794311938117,123.87700653076172,88071200,0.0,0.0,241.2741549439333,237.7252960205078,29299900,115.60962996809558,113.80259704589844,30914000
2021-05-11 00:00:00-04:00,120.60551014234991,123.31058591748854,119.892615994426,122.9590301513672,126142800,0.0,0.0,235.1958977580137,236.81163024902344,33641600,111.38527374593276,112.72552490234376,34186000
2021-05-12 00:00:00-04:00,120.5078556279214,121.71879146016067,119.3848068747701,119.89261627197266,112172300,0.0,0.0,232.9069451500173,229.8582000732422,36684400,110.5470545058614,109.2589340209961,46376000
2021-05-13 00:00:00-04:00,121.66021008886268,123.19341357180042,121.34771025318692,122.04106903076172,105861300,0.0,0.0,232.55107604800216,233.7340240478516,29624300,110.54356450336654,110.68856811523438,33204000
2021-05-14 00:00:00-04:00,123.29107148009538,124.89263410961188,122.90044481301196,124.46294403076172,81918000,0.0,0.0,236.18651381020268,238.658203125,23901100,112.15347012836745,113.138671875,31996000
2021-05-17 00:00:00-04:00,123.84770522027009,123.95512773405063,122.23637496414496,123.3105926513672,74244600,0.0,0.0,237.11939542012004,235.80178833007807,24970200,112.40323639373456,113.66205596923828,21598000
2021-05-18 00:00:00-04:00,123.59380326356953,124.01372562566158,121.85552242300643,121.92388153076172,63342900,0.0,0.0,236.8501345720607,233.7821502685547,20168000,114.32895445397962,112.3486099243164,22204000
2021-05-19 00:00:00-04:00,120.27348393601976,121.99222918408068,119.98051210138632,121.7676239013672,92612000,0.0,0.0,230.68780892410183,234.36053466796875,25739800,110.65829036295092,112.79703521728516,23684000
2021-05-20 00:00:00-04:00,122.2949500127242,124.72658904585232,122.16799209354528,124.3261947631836,76857100,0.0,0.0,235.1702615942476,237.59945678710935,21800700,113.76535047048326,114.55738830566406,32352000
2021-05-21 00:00:00-04:00,124.8242725716539,125.00005419589024,122.27544274551911,122.49028778076172,79295400,0.0,0.0,238.65017736788573,236.33663940429688,21863100,115.07679690474605,113.92076873779295,40632000
2021-05-24 00:00:00-04:00,123.05666688039652,124.9414331736017,122.98830778999351,124.1211166381836,63092900,0.0,0.0,238.8622449892,241.74452209472656,21411500,114.95166574781727,117.2433624267578,31832000
2021-05-25 00:00:00-04:00,124.82427074399982,125.31255964913692,123.35942638033973,123.92583465576172,72009500,0.0,0.0,242.69885149014345,242.6506500244141,17704300,117.78761405946808,117.33424377441406,22440000
2021-05-26 00:00:00-04:00,123.98442904941228,124.40435140852335,123.45708417165064,123.87700653076172,56575900,0.0,0.0,242.3711350007567,242.42898559570312,17771600,117.51548046613216,118.20026397705078,21572000
2021-05-27 00:00:00-04:00,123.4766122875404,124.64848475719648,122.148486181619,122.3437957763672,94625600,0.0,0.0,242.1205006029029,240.3275146484375,24426200,118.63426373987288,117.32479858398438,35224000
2021-05-28 00:00:00-04:00,122.62699835536804,122.85161109201668,121.63090751379944,121.6894989013672,71311100,0.0,0.0,241.9566218428521,240.6841735839844,18270200,117.90777785188578,117.03529357910156,21482000
2021-06-01 00:00:00-04:00,122.14849423744592,122.41216295280358,121.0352130826755,121.36724090576172,67637100,0.0,0.0,242.17829092022103,238.4862823486328,23213300,117.90877200932526,118.24346160888672,23354000
2021-06-02 00:00:00-04:00,121.36725691351296,122.30475656483527,121.14265158017356,122.12897491455078,59278900,0.0,0.0,239.19002042782083,238.38992309570312,19406700,118.63923515219538,117.71759796142578,21158000
2021-06-03 00:00:00-04:00,121.75786579428136,121.92387970340114,120.2441902802076,120.64458465576172,76229200,0.0,0.0,236.38481170623595,236.85716247558597,25307700,116.4830936329894,116.57495880126952,18696000
2021-06-04 00:00:00-04:00,121.1621472598856,123.2031674023924,120.94730225008668,122.93949127197266,75169300,0.0,0.0,238.83332101073103,241.754150390625,25281100,117.65203751158096,118.85871124267578,24458000
2021-06-07 00:00:00-04:00,123.21293321808504,123.3594191359653,121.90434257301015,122.9492645263672,71057600,0.0,0.0,240.97333554893908,244.66534423828125,23079200,118.6536353921515,119.29222869873048,24120000
2021-06-08 00:00:00-04:00,123.63283595664292,125.44925061978796,123.25197710083928,123.7695541381836,74403800,0.0,0.0,245.966711756898,243.47003173828125,22455000,119.77441274086056,119.10055541992188,24240000
2021-06-09 00:00:00-04:00,124.22857085419676,124.75591573650723,123.55474004059155,124.15044403076172,56877900,0.0,0.0,244.6653828204211,244.45330810546875,17937600,119.74560035067243,119.57229614257812,17942000
2021-06-10 00:00:00-04:00,124.04301866252897,125.18560293992084,122.98833637271277,123.15435028076172,71186400,0.0,0.0,245.1280611011444,247.9717712402344,24563600,119.52163996137934,120.92247772216795,25904000
2021-06-11 00:00:00-04:00,123.5644988950441,124.45317468407444,123.14457656242446,124.3652801513672,53522400,0.0,0.0,248.6947164019732,248.5983428955078,18999700,121.16431477759886,120.67767333984376,21958000
2021-06-14 00:00:00-04:00,124.82425990854335,127.4805045322462,124.0918377902917,127.42191314697266,96906500,0.0,0.0,248.60792429456373,250.5262451171875,19150500,120.77997160978902,121.60677337646484,22098000
2021-06-15 00:00:00-04:00,126.89458776096085,127.5391228621654,126.35747517662372,126.60161590576172,62746300,0.0,0.0,250.4105934676479,249.0513916015625,18038900,121.61122735260894,120.5877914428711,21562000
2021-06-16 00:00:00-04:00,127.3144925386233,127.8223093871763,125.44926884121656,127.09964752197266,91815000,0.0,0.0,250.0539296958221,248.10671997070312,27220000,120.73925165647536,119.94522857666016,26472000
2021-06-17 00:00:00-04:00,126.75786702289923,129.44341498990488,126.61137364763496,128.7012176513672,96721700,0.0,0.0,246.84397362738272,251.49993896484372,27565500,119.87073614754974,120.9095687866211,25842000
2021-06-18 00:00:00-04:00,127.64654551455348,128.4277839276905,127.18755975119328,127.40240478515624,108953300,0.0,0.0,250.27563054722864,250.08282470703125,37202200,120.53564705802492,119.28825378417967,46116000
2021-06-21 00:00:00-04:00,127.2461539075308,129.30670230447237,126.18170388050524,129.19927978515625,79663300,0.0,0.0,250.45883242002785,253.16758728027344,26696100,119.67509414601388,120.97810363769533,27414000
2021-06-22 00:00:00-04:00,129.03324210427792,130.93753650393603,128.5351855604838,130.83987426757812,74783600,0.0,0.0,253.2542859084391,255.9437713623047,24694100,120.91603228443776,121.4925537109375,22390000
2021-06-23 00:00:00-04:00,130.63478804589667,131.17190047615895,130.10743587757975,130.56642150878906,60214200,0.0,0.0,256.4065080681725,255.7124481201172,19518700,121.2571798519572,121.29045104980467,19148000
2021-06-24 00:00:00-04:00,131.2988830515641,131.4844323925828,129.81450322458238,130.28326416015625,68711000,0.0,0.0,256.5703651753061,257.0812683105469,21446900,121.8595233051933,121.66089630126952,21362000
2021-06-25 00:00:00-04:00,130.33206780671978,130.7519826258196,129.6972930949088,129.99026489257812,70783700,0.0,0.0,256.6378303039386,255.47140502929688,25611100,121.16431081080576,121.66932678222656,34594000
2021-06-28 00:00:00-04:00,130.28325319231956,132.08012525724726,130.22466180559726,131.6211395263672,62111300,0.0,0.0,256.59939354071014,259.0382385253906,19590000,121.83815814093862,121.69664001464844,28526000
2021-06-29 00:00:00-04:00,131.6406714747908,133.29106502927266,131.20122118482706,133.1348114013672,64556100,0.0,0.0,259.1827076638087,261.6215515136719,19937800,121.83023580586496,121.4349594116211,23108000
2021-06-30 00:00:00-04:00,132.9785224889426,134.1894654321491,132.6855507396485,133.75001525878906,63261400,0.0,0.0,260.93716184615096,261.1395874023437,21656500,121.15885387013644,121.25320434570312,24474000
2021-07-01 00:00:00-04:00,133.3985152300678,134.1114020662822,132.57819096384344,134.0528106689453,52485800,0.0,0.0,259.8960708022507,261.8143920898437,16725300,120.89120472356076,121.60578155517578,18110000
2021-07-02 00:00:00-04:00,134.66800143213112,136.71878923106323,134.521522975564,136.6797332763672,78852600,0.0,0.0,262.99039844923954,267.6463623046875,26458000,122.30643597468982,124.39949798583984,25982000
2021-07-06 00:00:00-04:00,136.78717260963688,139.79497322979873,136.78717260963688,138.69146728515625,108181800,0.0,0.0,268.0127618499895,267.6560974121094,31565600,124.7878126679557,125.32560729980467,26404000
2021-07-07 00:00:00-04:00,140.17584334226723,141.49420932337944,139.31647805419703,141.1817169189453,104911600,0.0,0.0,269.33336558443307,269.8442687988281,23260000,126.29095680695026,125.607666015625,24060000
2021-07-08 00:00:00-04:00,138.2617755637112,140.68364735524526,137.37309975875638,139.88287353515625,105575500,0.0,0.0,266.92342963956736,267.4247131347656,24618600,123.17643727760102,124.18746185302734,23790000
2021-07-09 00:00:00-04:00,139.4043563311566,142.2363828285555,139.30669407903906,141.70904541015625,99890800,0.0,0.0,265.7859486589064,267.92596435546875,23916700,124.16859495392328,124.6587142944336,18632000
2021-07-12 00:00:00-04:00,142.78324056023274,142.8906630545107,140.62503041198096,141.11331176757812,76299700,0.0,0.0,269.1020103084746,267.32830810546875,18931700,125.31370552891468,126.10574340820312,17668000
2021-07-13 00:00:00-04:00,140.6543113624728,144.00392885947824,140.26369227939267,142.22657775878906,100827100,0.0,0.0,267.52108615678264,270.8564453125,26120100,126.1682971474208,126.46922302246094,19240000
2021-07-14 00:00:00-04:00,144.62897873444868,146.06452746184092,144.218809182764,145.65435791015625,127050800,0.0,0.0,272.1770905276217,272.3313293457031,23113700,127.08151618622529,127.35860443115234,23742000
2021-07-15 00:00:00-04:00,145.74228907945587,146.48447170500634,143.64266937764816,145.00009155273438,106820300,0.0,0.0,271.83971576724895,270.9046630859375,22604200,127.7677685685234,126.13502502441406,24218000
2021-07-16 00:00:00-04:00,144.98053780920102,146.25005768557594,142.46100368486307,142.95904541015625,93251400,0.0,0.0,271.9071833087747,270.6347351074219,26186800,126.78853463100182,126.10028076171876,20424000
2021-07-19 00:00:00-04:00,140.38092397459488,140.69343127095988,138.34967125172668,139.11138916015625,121434600,0.0,0.0,268.88025615363426,267.0294494628906,32935600,125.22580675306436,123.72466278076172,27968000
2021-07-20 00:00:00-04:00,140.097728569033,143.6524171415738,139.6094470898314,142.72467041015625,96350000,0.0,0.0,268.0127258799752,269.2562561035156,26259700,124.66765077615727,125.34498596191406,26312000
2021-07-21 00:00:00-04:00,142.11920648842988,142.7051502253578,141.24030578420624,141.99224853515625,74993500,0.0,0.0,268.8513350191112,271.2612609863281,24364300,125.26949980768543,126.67530822753906,20746000
2021-07-22 00:00:00-04:00,142.5195913490058,144.72661812834664,142.39263340422124,143.35943603515625,77338200,0.0,0.0,273.6134466091008,275.8305969238281,23384100,126.96829591308182,127.54183197021484,14302000
2021-07-23 00:00:00-04:00,144.09189315351634,145.234470230186,143.47665361178235,145.07821655273438,71447400,0.0,0.0,277.01615740784973,279.2333068847656,22768100,129.5370668627534,132.10386657714844,41506000
2021-07-26 00:00:00-04:00,144.79501181913238,146.31844783738003,144.23836371183495,145.49813842773438,72434100,0.0,0.0,278.5874638788208,278.6356506347656,23176100,132.41520936206135,133.1168670654297,30572000
2021-07-27 00:00:00-04:00,145.62505300491213,145.71295498966768,142.13873124540055,143.33013916015625,104818600,0.0,0.0,279.00195421321143,276.2160949707031,33604100,133.3309303980766,130.99652099609375,54710000
2021-07-28 00:00:00-04:00,141.41604789004137,143.5254269831522,139.19924629956387,141.58206176757812,118931200,0.0,0.0,278.5777800332781,275.9075927734375,33566900,135.37828272257383,135.16177368164062,95130000
2021-07-29 00:00:00-04:00,141.2988462606016,143.11525330913366,141.19142377758013,142.22657775878906,56699500,0.0,0.0,275.92694001289874,276.1775817871094,18168300,135.21740393865812,134.8474578857422,31716000
2021-07-30 00:00:00-04:00,140.9961734481876,142.90046835495775,140.7324972607366,142.4414825439453,70440600,0.0,0.0,274.8954781674937,274.64483642578125,20944800,134.11003891674122,133.80364990234375,25576000
2021-08-02 00:00:00-04:00,142.92972994024274,143.50589840764349,141.8457446518481,142.1094207763672,62880000,0.0,0.0,276.0425069213841,274.5580139160156,16267400,134.19146975087898,133.93077087402344,21634000
2021-08-03 00:00:00-04:00,142.3926355441965,144.57036666149511,141.77739614243097,143.90631103515625,64786600,0.0,0.0,275.13647530693925,276.77520751953125,17879000,134.20933862806302,134.70095825195312,20762000
2021-08-04 00:00:00-04:00,143.81845828615255,144.32626039182554,142.85165540986375,143.50595092773438,56368300,0.0,0.0,275.90766563142967,276.1872253417969,16191300,134.42238532887288,134.19992065429688,19676000
2021-08-05 00:00:00-04:00,143.53521546251628,144.37506017943633,142.74420187239215,143.61334228515625,46397700,0.0,0.0,276.5438479043771,279.0887145996094,13900200,134.75110364771078,135.3181915283203,17870000
2021-08-06 00:00:00-04:00,143.1341335136214,143.87742801771682,142.42995348932268,142.92874145507812,54126800,0.22,0.0,278.11515991153345,279.0309143066406,16589300,135.1101493986969,134.8087158203125,20488000
2021-08-09 00:00:00-04:00,142.9873899692901,143.47640294108896,142.3223394909196,142.8798065185547,48908700,0.0,0.0,279.31040968260254,277.9415588378906,16117600,135.01133206332474,135.9751739501953,17760000
2021-08-10 00:00:00-04:00,143.22214257955443,144.46423988872257,142.10719343722454,142.40060424804688,69023100,0.0,0.0,278.3946767849397,276.1197204589844,18616600,136.40122739389997,135.86990356445312,19414000
2021-08-11 00:00:00-04:00,142.84070404163072,143.4959796880464,142.33212632967644,142.65487670898438,48493500,0.0,0.0,276.86200152431667,276.61138916015625,13955900,136.24181905832265,135.3455047607422,15352000
2021-08-12 00:00:00-04:00,142.97761899748718,145.77477386971125,142.6353039384577,145.6182861328125,72282600,0.0,0.0,276.3028670263916,279.3682861328125,14561300,135.04408266615167,136.25424194335938,16506000
2021-08-13 00:00:00-04:00,145.69653653501413,146.15620995558572,145.01192130974562,145.8236846923828,59375000,0.0,0.0,279.0501610421,282.2987365722656,18249000,136.30986557995257,136.78408813476562,15948000
2021-08-16 00:00:00-04:00,145.27596199320675,147.8677396068058,143.25145612128088,147.7992706298828,103296000,0.0,0.0,282.6265461973928,283.9857482910156,22507600,136.5829646713406,137.36209106445312,22384000
2021-08-17 00:00:00-04:00,146.92879341586055,148.34692766415202,145.81384473996735,146.88967895507812,92229700,0.0,0.0,281.8553646766232,282.5204772949219,20075300,136.80643247596538,135.7253875732422,21716000
2021-08-18 00:00:00-04:00,146.50828669516952,147.40806875624398,142.9384831112802,143.1438751220703,86326000,0.0,0.0,282.05690357195914,280.79168701171875,21813000,135.56499013268993,134.5211944580078,19258000
2021-08-19 00:00:00-04:00,141.8431082977637,144.74784668525945,141.32475571635126,143.47640991210938,86960300,0.0,0.0,278.82140335515624,286.62518310546875,29850500,133.51464330667287,134.7506103515625,21782000
2021-08-20 00:00:00-04:00,144.20012020756056,145.23682512371573,143.5546196253734,144.9336395263672,60549600,0.0,0.0,289.47434845611576,293.9557189941406,40817600,135.06843130244778,136.48814392089844,31194000
2021-08-23 00:00:00-04:00,145.05102753102452,146.8897211086949,144.6402584192349,146.42027282714844,60131800,0.0,0.0,292.8836729551344,294.2358093261719,22830200,137.0244315162413,139.08224487304688,28454000
2021-08-24 00:00:00-04:00,146.16599748585364,147.54501786684636,145.87258667150505,146.33226013183594,48606400,0.0,0.0,294.59319058056553,292.2752380371094,18175800,139.64832759063572,140.29388427734375,19268000
2021-08-25 00:00:00-04:00,146.51806444524348,147.01686722827085,144.55223766808206,145.0999298095703,58991300,0.0,0.0,293.89782433305635,291.6861267089844,20006100,140.65490418405014,141.1057891845703,15848000
2021-08-26 00:00:00-04:00,145.09017201862116,145.84324134015625,144.26861878609316,144.29795837402344,48597200,0.0,0.0,290.7008888557657,288.8658447265625,17666100,140.77903846994076,140.47166442871094,20610000
2021-08-27 00:00:00-04:00,144.23924145403117,145.4813384041936,143.6035306505683,145.3346405029297,55802400,0.0,0.0,288.7693089617846,289.474365234375,22605700,140.6821843193361,143.017578125,28780000
2021-08-30 00:00:00-04:00,145.72586326960624,150.11720505871097,145.34443375463215,149.7553253173828,90956700,0.0,0.0,290.82650002669567,293.2120666503906,16348100,143.41086610714518,143.60006713867188,24434000
2021-08-31 00:00:00-04:00,149.3054001699514,149.44232316479997,147.96549487376848,148.49363708496094,86453100,0.0,0.0,294.0137278357996,291.560546875,26285300,144.15274361151455,143.70631408691406,22448000
2021-09-01 00:00:00-04:00,149.4717126602179,151.57446255268852,148.99247455645138,149.1587371826172,80313700,0.0,0.0,292.51672508932046,291.51226806640625,18983800,144.00677094284313,144.22079467773438,21936000
2021-09-02 00:00:00-04:00,150.48883326342926,151.32016120808433,149.05113406527855,150.27366638183594,71115500,0.0,0.0,291.8695931866592,290.85546875,16285600,144.22129900817762,142.30551147460938,32342000
2021-09-03 00:00:00-04:00,150.38128139931968,151.23217421828528,149.72600573087058,150.909423828125,57808700,0.0,0.0,290.70092922538174,290.8458251953125,14747900,142.10043075100694,142.75491333007812,19850000
2021-09-07 00:00:00-04:00,151.5647115758547,153.80438486222874,150.99745462583329,153.24691772460938,82278300,0.0,0.0,290.72025332131614,289.9186096191406,17180400,142.8492616821158,143.29220581054688,20124000
2021-09-08 00:00:00-04:00,153.53051823549217,153.58919740809037,150.59644021764143,151.7016143798828,74420200,0.0,0.0,289.53230752909224,289.9476013183594,15046800,143.1129515291971,142.7067413330078,18344000
2021-09-09 00:00:00-04:00,152.07324314334025,152.6796143882617,150.5670749934843,150.6844482421875,57305700,0.0,0.0,290.5368381162167,287.0888671875,19927000,142.85521776816285,142.55776977539062,15314000
2021-09-10 00:00:00-04:00,151.59404461667015,152.06349296335642,145.43247723787448,145.69654846191406,140893200,0.0,0.0,288.21882300502165,285.6014404296875,19633400,143.22465834616918,139.91102600097656,36840000
2021-09-13 00:00:00-04:00,147.32007920432878,148.09271327265083,145.48138532354497,146.26380920410156,102404300,0.0,0.0,287.37853159003885,286.8376770019531,23652900,140.9771718765766,141.35755920410156,22094000
2021-09-14 00:00:00-04:00,147.0461970563759,147.7503768839939,143.68178564075433,144.8651885986328,109296300,0.0,0.0,289.31981339850245,289.5419616699219,21853400,142.0159841233431,141.5680694580078,19674000
2021-09-15 00:00:00-04:00,145.29552986579753,146.15619746026422,143.15365068997156,145.7552032470703,83281300,0.0,0.0,292.8932931699764,294.39996337890625,28356300,141.7935378517558,143.440185546875,27408000
2021-09-16 00:00:00-04:00,145.1781923829195,145.69654500672686,143.98499938228915,145.52049255371094,68034100,0.0,0.0,293.37629376819706,294.786376953125,19550800,142.9644492148849,142.62628173828125,26190000
2021-09-17 00:00:00-04:00,145.54984051172312,145.54984051172312,142.55706833315722,142.85047912597656,129868800,0.0,0.0,293.7721966512217,289.6191711425781,41372500,142.0507769006327,139.83555603027344,53384000
2021-09-20 00:00:00-04:00,140.64017542374413,141.65731614069242,138.16577024578245,139.799072265625,123478900,0.0,0.0,286.2002599629633,284.2396545410156,38278700,137.21511067059447,137.769287109375,46518000
2021-09-21 00:00:00-04:00,140.76725695581268,141.42254742441006,139.6425331695155,140.2782440185547,75834000,0.0,0.0,285.58209392497275,284.7225036621094,22364100,138.79222650353563,138.0806427001953,25332000
2021-09-22 00:00:00-04:00,141.27583538032138,143.21232244413056,140.54231597032648,142.64508056640625,76404300,0.0,0.0,286.58652489770395,288.3732604980469,26626300,138.3497879973125,139.32257080078125,25056000
2021-09-23 00:00:00-04:00,143.42750895866175,143.8480679048245,142.43970805715156,143.6035614013672,64838200,0.0,0.0,288.6341031456623,289.31982421875,18604600,140.02176781696548,140.2487030029297,20952000
2021-09-24 00:00:00-04:00,142.45926674371992,144.22949136628228,142.36145817706782,143.6915740966797,53477900,0.0,0.0,288.0353256727739,289.1170349121094,14999000,139.5758451576203,141.24085998535156,22984000
2021-09-27 00:00:00-04:00,142.273421957967,142.75265999815156,140.65968527072772,142.1756134033203,74150700,0.0,0.0,286.0167639204759,284.1141052246094,23571700,139.83999766291203,140.1056671142578,21882000
2021-09-28 00:00:00-04:00,140.10223840010562,141.56927754565646,138.5765200764918,138.79168701171875,108972300,0.0,0.0,279.8933855438225,273.8280639648437,43186200,137.70522795258165,134.8995819091797,45772000
2021-09-29 00:00:00-04:00,139.33934685752757,141.27583390106034,138.909013087078,139.69143676757812,74602000,0.0,0.0,275.354120921642,274.2917175292969,26353700,136.04171680115297,133.43321228027344,30848000
2021-09-30 00:00:00-04:00,140.5032258841864,141.2074058338631,138.17551911033874,138.39068603515625,89056700,0.0,0.0,275.9432889541892,272.2828674316406,32343600,133.3418297784705,132.7603302001953,37996000
2021-10-01 00:00:00-04:00,138.7818766539813,139.77946730384753,136.0531908135578,139.51539611816406,94639600,0.0,0.0,272.4760010388448,279.2174072265625,30086300,133.52654572208218,135.60769653320312,35360000
2021-10-04 00:00:00-04:00,138.6449736382081,139.08509731906585,135.23167212302508,136.08255004882812,98322000,0.0,0.0,277.57542546466647,273.4320678710937,31350700,135.02919100762176,132.74395751953125,51202000
2021-10-05 00:00:00-04:00,136.42486459550415,139.11443634160335,136.29771642835237,138.00926208496094,80861100,0.0,0.0,274.33996345673484,278.88897705078125,24993000,133.12284448248417,135.0912628173828,32404000
2021-10-06 00:00:00-04:00,136.40527999667046,139.02638237086833,135.3294454857733,138.8796844482422,83221100,0.0,0.0,276.01088350495075,283.0903015136719,28002600,133.82699091338657,136.62271118164062,24364000
2021-10-07 00:00:00-04:00,139.91638512224736,141.05089876617805,139.58385989252358,140.14132690429688,61732700,0.0,0.0,285.0895192542269,284.77081298828125,20430500,137.94062025981415,138.27134704589844,25110000
2021-10-08 00:00:00-04:00,140.86506167895476,141.0117595867435,139.4273624886646,139.7598876953125,58773200,0.0,0.0,286.0939760041724,284.77081298828125,17685700,138.62091984045634,138.8280029296875,26526000
2021-10-11 00:00:00-04:00,139.14376278668908,141.62794225299882,138.69386426168418,139.67189025878906,64452200,0.0,0.0,282.90684147752927,284.17205810546875,19298600,138.33788008148647,137.96246337890625,17954000
2021-10-12 00:00:00-04:00,140.0826575469626,140.10222224522562,137.94077825367475,138.40045166015625,73035900,0.0,0.0,285.24406291153826,282.8681640625,17974100,138.52458748141476,135.5143585205078,36332000
2021-10-13 00:00:00-04:00,138.13641006788947,138.292882900144,136.14122849083293,137.81365966796875,78762700,0.0,0.0,284.82880220556603,286.1809387207031,23416300,136.46131258241758,136.63958740234375,19654000
2021-10-14 00:00:00-04:00,138.98729132751163,140.7184017237602,138.40046969110713,140.6010284423828,69907100,0.0,0.0,288.98179053840965,292.4007873535156,27262900,138.51862826245136,140.18414306640625,31894000
2021-10-15 00:00:00-04:00,140.61080749842878,141.71596677210917,140.35651117780878,141.65728759765625,67940300,0.0,0.0,292.0047810007027,293.81085205078125,25384800,140.64446014785966,140.39964294433594,30274000
2021-10-18 00:00:00-04:00,140.2978253736589,143.61333288501362,140.0142044027078,143.3297119140625,85589200,0.0,0.0,293.19271693221856,296.7855529785156,22729300,140.1101505005765,141.79998779296875,20396000
2021-10-19 00:00:00-04:00,143.77961939322623,145.89215946553824,143.32973571996214,145.4911651611328,76378900,0.0,0.0,297.8094051808795,297.6935119628906,17682100,142.4053106642603,142.25584411621094,20164000
2021-10-20 00:00:00-04:00,145.43245616972183,146.45938640466994,144.8651993263839,145.9801483154297,58418800,0.0,0.0,298.6400075971372,296.90155029296875,16537100,142.35615012808168,140.7978973388672,23288000
2021-10-21 00:00:00-04:00,145.54003691475097,146.35180023114674,144.62069014862826,146.1953125,61421000,0.0,0.0,296.66962696595,300.13690185546875,16918100,140.7979053406626,140.9141082763672,26292000
2021-10-22 00:00:00-04:00,146.40077113044538,146.87999450534622,145.37384044730348,145.42274475097656,58883400,0.0,0.0,299.789277199686,298.5916748046875,17449300,138.19684070584688,136.6241912841797,50588000
2021-10-25 00:00:00-04:00,145.4128937692613,146.08773407498782,144.3761886308666,145.373779296875,50720600,0.0,0.0,298.7848587843714,297.596923828125,17554500,136.6078150016208,136.50552368164062,34412000
2021-10-26 00:00:00-04:00,146.04859324483448,147.52540681763762,145.73561782825968,146.038818359375,60893400,0.0,0.0,300.3687149688969,299.5091247558594,28107300,138.3095581124509,138.354248046875,49236000
2021-10-27 00:00:00-04:00,146.07798106118008,146.43984594803317,145.22710311706854,145.57919311523438,56094900,0.0,0.0,305.1977987909876,312.1227111816406,52588700,138.45006280481087,145.2158966064453,85782000
2021-10-28 00:00:00-04:00,146.52785119259605,149.8042290860398,146.4300426307357,149.21742248535156,100077900,0.0,0.0,313.2430854710019,313.2624206542969,26297900,146.1266466491927,144.84994506835938,36206000
2021-10-29 00:00:00-04:00,143.9850068548087,146.64523910016035,143.1928080838573,146.50831604003906,124953200,0.0,0.0,313.0499822726596,320.283935546875,34766000,144.08424925630118,147.03192138671875,43320000
2021-11-01 00:00:00-04:00,145.71610716586716,146.4104973070888,144.55225377378474,145.686767578125,74588300,0.0,0.0,320.0327737230289,318.1108093261719,27073200,147.03192002619673,142.51406860351562,46924000
2021-11-02 00:00:00-04:00,145.39333388599684,148.23939283683745,145.38354407596196,146.72344970703125,69122000,0.0,0.0,319.01864068212325,321.74224853515625,26487100,143.58914068719244,144.43629455566406,33482000
2021-11-03 00:00:00-04:00,147.08537421033594,148.63065755043078,146.5279069812589,148.1612091064453,54511500,0.0,0.0,322.4859320437034,322.58251953125,21500100,144.90109439674632,145.5938262939453,27494000
2021-11-04 00:00:00-04:00,148.24919365421383,149.0805068605867,147.32984675958332,147.642822265625,60394600,0.0,0.0,321.5105430232,324.9391784667969,23992200,146.1167161309597,147.25189208984375,38412000
2021-11-05 00:00:00-04:00,148.76920495768735,149.07283317887465,146.97680309732056,148.17173767089844,65463900,0.22,0.0,326.9383124769962,324.5720520019531,22570100,148.14771234223062,147.8323974609375,38354000
2021-11-08 00:00:00-05:00,148.29903947767883,148.45575560494797,147.07472275577462,147.34896850585938,55020900,0.0,0.0,325.7697069819661,325.4703063964844,20897000,148.79871470403364,148.01016235351562,23052000
2021-11-09 00:00:00-05:00,147.113867180615,148.31859042808787,146.97674433086416,147.71133422851562,56787900,0.0,0.0,325.58629378505464,324.4659729003906,21307400,148.21078213972393,147.8984375,19530000
2021-11-10 00:00:00-05:00,146.93761078705322,147.0453512643886,144.81219859350324,144.88075256347656,65187100,0.0,0.0,323.1330270669204,319.49188232421875,25500900,146.48965185190764,144.89414978027344,29970000
2021-11-11 00:00:00-05:00,145.899341318697,146.35967052910053,144.64562759274267,144.83172607421875,41000000,0.0,0.0,319.92653686758166,321.0661926269531,16849800,145.48607536348254,144.7680206298828,16518000
2021-11-12 00:00:00-05:00,145.38027365145768,147.3097982131486,144.449795829464,146.90823364257812,63804000,0.0,0.0,322.50523067518526,325.2095031738281,23831000,145.61120416786628,147.65957641601562,22360000
2021-11-15 00:00:00-05:00,147.2804228094717,148.75940720761815,146.35973409824072,146.91802978515625,59222800,0.0,0.0,326.0014764927282,324.58172607421875,16723000,147.8805490402253,147.43511962890625,23508000
2021-11-16 00:00:00-05:00,146.8592578937047,148.37741378411212,146.27157982474884,147.89747619628906,59256200,0.0,0.0,324.2050832986667,327.9041748046875,20886800,147.13469271784953,146.86306762695312,18904000
2021-11-17 00:00:00-05:00,147.89748945260723,151.81530374274254,147.88770029718108,150.33633422851562,88807000,0.0,0.0,327.9525206474325,328.1266784667969,19053400,147.0135155370304,147.0328826904297,19594000
2021-11-18 00:00:00-05:00,150.5517823821893,155.4098626732955,149.9053395784081,154.6262969970703,137827700,0.0,0.0,327.2171731593675,330.2070007324219,22463500,147.2260577387579,148.81211853027344,35608000
2021-11-19 00:00:00-05:00,154.41081232255357,157.71158022509883,153.3138293695712,157.25123596191406,117305600,0.0,0.0,331.5326605674157,331.9873962402344,21963400,148.9481825616675,147.9063720703125,33682000
2021-11-22 00:00:00-05:00,158.3580215257173,162.29542845267346,157.69200037488366,157.7115936279297,117467900,0.0,0.0,333.4485134760572,328.81378173828125,31031100,148.30959419909644,145.2998504638672,30594000
2021-11-23 00:00:00-05:00,157.8095475198677,158.4755836899061,155.79187564508103,158.09359741210938,96041900,0.0,0.0,326.1238164638615,326.7333984375,30427600,145.1518776457965,144.78341674804688,27218000
2021-11-24 00:00:00-05:00,157.4471342187338,158.8085738483819,156.35994034575776,158.61268615722656,69463600,0.0,0.0,325.3787678074607,326.9559326171875,21661300,144.47703883261104,145.11911010742188,18040000
2021-11-26 00:00:00-05:00,156.29135894910507,157.1532676279728,153.1473075076165,153.5880584716797,76959800,0.0,0.0,323.51139309197777,318.9927673339844,24217200,143.359739569914,141.20907592773438,30470000
2021-11-29 00:00:00-05:00,156.09551231703932,157.87812500699889,155.52742744700635,156.94764709472656,88748200,0.0,0.0,324.08218990951724,325.7174072265625,28563500,143.01361186652207,144.53363037109375,32596000
2021-11-30 00:00:00-05:00,156.7027606504653,162.11913695746247,156.6341917361946,161.90365600585938,174048100,0.0,0.0,324.4499077650363,319.87322998046875,42885600,144.01521986367607,140.925537109375,42068000
2021-12-01 00:00:00-05:00,164.0388470193993,166.800912709941,161.14946255292463,161.38453674316406,152052500,0.0,0.0,324.2660102897674,319.37969970703125,33337600,143.01361658018308,140.08531188964844,34020000
2021-12-02 00:00:00-05:00,155.47846334245494,160.82627140546424,154.55777460571244,160.3953094482422,136739200,0.0,0.0,319.59263875837576,318.80889892578125,30766000,140.2824605205018,141.98670959472656,29194000
2021-12-03 00:00:00-05:00,160.64995624545222,161.57064486360198,156.43830349501886,158.51473999023438,118023100,0.0,0.0,321.2278467405146,312.5389709472656,41779300,142.69682410009432,141.02882385253906,41230000
2021-12-06 00:00:00-05:00,160.91439750803002,164.43064668165096,160.9046083540242,161.92324829101562,107497000,0.0,0.0,313.4484686429607,315.6158447265625,30032600,142.06069032750446,142.17440795898438,30618000
2021-12-07 00:00:00-05:00,165.60598335666447,168.05461686688494,164.88118245734097,167.66282653808594,120405400,0.0,0.0,320.8892560315728,324.0629272460937,31021900,144.59918260368823,146.26072692871094,32240000
2021-12-08 00:00:00-05:00,168.59332710400926,172.3446356103418,167.19270089919112,171.4827117919922,116998900,0.0,0.0,324.4402417546736,324.1112670898437,24761000,146.58549276228777,147.17144775390625,24270000
2021-12-09 00:00:00-05:00,171.31620335113058,173.11839407886248,170.3465390733042,170.973388671875,108923700,0.0,0.0,323.5694111588265,322.3018798828125,22214200,146.58003728286783,146.62721252441406,23270000
2021-12-10 00:00:00-05:00,171.61006589770645,175.93924886657177,171.10074585864132,175.762939453125,115402700,0.0,0.0,324.12095759451194,331.4358825683594,38095700,147.6814183439783,146.98770141601562,24458000
2021-12-13 00:00:00-05:00,177.39859965742585,178.38785718223016,171.9234585953343,172.129150390625,153237000,0.0,0.0,329.636149025462,328.39764404296875,28899400,146.76921671564287,144.82762145996094,27070000
2021-12-14 00:00:00-05:00,171.64920321778123,174.08804749115933,168.67167154672788,170.74810791015625,139380400,0.0,0.0,322.41800725694964,317.6961975097656,44438700,142.9818514180104,142.9212646484375,38446000
2021-12-15 00:00:00-05:00,171.51211498851686,175.81191555668835,168.76964200749114,175.61602783203125,131063300,0.0,0.0,317.9574263221584,323.8016357421875,35381100,142.4266826928962,145.4379119873047,36370000
2021-12-16 00:00:00-05:00,175.5964252181878,177.41820935643656,167.24168791922142,168.7206573486328,150185800,0.0,0.0,324.82724448403934,314.36767578125,35034800,146.1623912937728,143.45556640625,33650000
2021-12-17 00:00:00-05:00,166.43851201579665,169.90578548213614,166.20345276063674,167.6236572265625,195432700,0.0,0.0,310.477958587751,313.30328369140625,47750300,141.5238967322668,140.75421142578125,50416000
2021-12-20 00:00:00-05:00,164.82240940360504,167.07515510943043,164.01926542394992,166.26220703125,107499100,0.0,0.0,309.674936015178,309.5394897460937,28326500,139.04100661655653,140.63699340820312,27192000
2021-12-21 00:00:00-05:00,168.03502751462352,169.6413305368034,165.64515876193008,169.43565368652344,91185900,0.0,0.0,312.8098446680069,316.68017578125,24740600,141.08044454407118,142.48973083496094,28756000
2021-12-22 00:00:00-05:00,169.48460422982922,172.24666990143447,168.61289133008395,172.03118896484375,92135300,0.0,0.0,317.6574409711616,322.39862060546875,24831500,142.0875350131328,145.41209411621094,26322000
2021-12-23 00:00:00-05:00,172.23690795484498,173.2163614776015,171.66882311821325,172.65806579589844,68356600,0.0,0.0,321.9632187915845,323.84033203125,19617800,145.49650530933746,145.91015625,26384000
2021-12-27 00:00:00-05:00,173.45138279506557,176.71296410542078,173.4318044894933,176.62481689453125,74919600,0.0,0.0,324.5854204458875,331.3488464355469,19947000,146.2473298905451,146.89337158203125,15976000
2021-12-28 00:00:00-05:00,176.45833582983963,177.6042945644057,174.86182193569553,175.606201171875,79144300,0.0,0.0,332.0261155001983,330.1877136230469,15661500,147.22059070433994,145.6822052001953,18200000
2021-12-29 00:00:00-05:00,175.6453755384828,176.91866791508298,174.4798236309474,175.69435119628906,62348900,0.0,0.0,330.2360377157809,330.864990234375,15042000,145.64002552206605,145.65045166015625,17788000
2021-12-30 00:00:00-05:00,175.78251482342475,176.85991961465393,174.4308642572052,174.53860473632812,59773000,0.0,0.0,330.8263184955509,328.3202819824219,15994500,145.68918557663048,145.19906616210938,15688000
2021-12-31 00:00:00-05:00,174.43085959378186,175.5474359178977,173.61791144491113,173.9215545654297,64062300,0.0,0.0,327.53645861657736,325.4174499511719,18000800,145.04959428320663,143.85980224609375,18136000
2022-01-03 00:00:00-05:00,174.17623119236956,179.12247473962424,174.058701545752,178.2703399658203,104487900,0.0,0.0,324.4789626840154,323.8984069824219,28865100,144.0613784409724,143.99832153320312,28646000
2022-01-04 00:00:00-05:00,178.8775573474026,179.1811854730246,175.4396667688889,176.00775146484375,99310400,0.0,0.0,323.9757928660076,318.344482421875,32674300,144.40004976188612,143.41038513183594,28400000
2022-01-05 00:00:00-05:00,175.9196433238863,176.46813489136744,171.05175824457976,171.3260040283203,94537600,0.0,0.0,315.2966003546313,306.1239318847656,40054300,143.43073990652238,136.8312530517578,54618000
2022-01-06 00:00:00-05:00,169.15161788468467,171.69820298422886,168.11339955718992,168.46600341796875,96904000,0.0,0.0,302.9986098361541,303.7049560546875,39646100,136.06007743230046,136.80393981933594,37348000
2022-01-07 00:00:00-05:00,169.3376997173353,170.5620164817169,167.5159157741246,168.6324920654297,86709100,0.0,0.0,303.9661916842853,303.8597717285156,32720000,137.1992250078914,136.07846069335938,29760000
2022-01-10 00:00:00-05:00,165.6059836604726,168.95571251516662,164.71467747425172,168.65208435058594,106765600,0.0,0.0,299.45732034773386,304.0823669433594,44289500,134.15272948085013,137.71961975097656,44408000
2022-01-11 00:00:00-05:00,168.77942565072323,171.58064816981238,167.31024547595837,171.4827117919922,76138300,0.0,0.0,303.221148489365,304.769287109375,29386800,137.0616634231231,138.77880859375,28730000
2022-01-12 00:00:00-05:00,172.5013205493631,173.5395387171234,171.22804314076478,171.92344665527344,74805200,0.0,0.0,309.30721526386515,307.9525756835937,34372200,140.18313478333724,140.4617156982422,26108000
2022-01-13 00:00:00-05:00,172.16831849084767,172.9910557649256,168.26029402106818,168.65208435058594,84505800,0.0,0.0,310.0812872347779,294.91925048828125,45366000,140.57045524554243,137.6376953125,31436000
2022-01-14 00:00:00-05:00,167.81954242119846,170.20941111487983,167.57467907053888,169.51400756835938,80440800,0.0,0.0,294.3871259653816,300.1442565917969,39846400,136.14001576725417,138.5250701904297,29662000
2022-01-18 00:00:00-05:00,167.986029250503,168.99486494876345,165.92918629810023,166.31117248535156,90956700,0.0,0.0,294.21293945049706,292.8389587402344,42333200,135.24222628592668,135.06643676757812,34872000
2022-01-19 00:00:00-05:00,166.50708841129685,167.56489994287205,162.53050974989438,162.81454467773438,94815000,0.0,0.0,296.36104609400576,293.4969787597656,45933900,135.58832360539645,134.1909637451172,28648000
2022-01-20 00:00:00-05:00,163.5490875829706,166.19360817621785,160.80661569375258,161.1298370361328,91420500,0.0,0.0,299.0508432309736,291.822998046875,35380700,135.31672826689132,132.39437866210938,29908000
2022-01-21 00:00:00-05:00,161.0417244969125,162.9124840575923,158.96528809380473,159.07302856445312,122848900,0.0,0.0,292.8777000608215,286.43359375,57984400,131.68526524961257,129.4586181640625,55652000
2022-01-24 00:00:00-05:00,156.73215398969816,158.96530678454897,151.52145417153005,158.2992706298828,162294600,0.0,0.0,282.7277385199471,286.7625427246094,85731500,125.11507313847382,129.90802001953125,76622000
2022-01-25 00:00:00-05:00,155.71350456711474,159.41583739515477,153.79378418345803,156.4970703125,115798400,0.0,0.0,282.0697140187218,279.137939453125,72848600,127.85814979874316,126.06550598144533,46960000
2022-01-26 00:00:00-05:00,160.14063545703362,161.01234841002858,154.57734716045317,156.40892028808594,108275300,0.0,0.0,298.00582478261947,287.09149169921875,90428900,130.2208456457692,128.34776306152344,49130000
2022-01-27 00:00:00-05:00,159.112255011746,160.4736950948897,155.0279347623148,155.94862365722656,121954600,0.0,0.0,292.84867784956623,290.1200866699219,53481300,130.4046015787616,128.12135314941406,31950000
2022-01-28 00:00:00-05:00,162.3052517203285,166.849915520985,159.45503834907882,166.830322265625,179935700,0.0,0.0,290.49746041765246,298.26715087890625,49743700,128.7708494185611,132.43756103515625,34362000
2022-01-31 00:00:00-05:00,166.6637882659515,171.4043389682656,166.02713461119168,171.18885803222656,115541600,0.0,0.0,298.93473377389125,300.89892578125,46444500,133.24300286957987,134.37667846679688,39986000
2022-02-01 00:00:00-05:00,170.43470653654342,171.2476547749565,168.76963849371157,171.0223846435547,86213900,0.0,0.0,300.3474521401161,298.7509460449219,40950400,136.65199616866573,136.70115661621094,68644000
2022-02-02 00:00:00-05:00,171.15948068570833,172.26626780396012,169.7686586589768,172.22708129882812,84914300,0.0,0.0,299.59272363577713,303.2985534667969,36636000,150.2139748753728,146.98623657226562,123200000
2022-02-03 00:00:00-05:00,170.89499578620112,172.61884304001376,168.5834855601735,169.3474578857422,89418100,0.0,0.0,299.4572180160596,291.4843444824219,43730000,144.70744115071966,142.10984802246094,71518000
2022-02-04 00:00:00-05:00,168.3668057872498,170.7401162961765,167.38610440694853,169.0631103515625,82465400,0.22,0.0,290.4781077150337,296.0223693847656,35096500,142.46192913434274,142.31146240234375,57998000
2022-02-07 00:00:00-05:00,169.52403712153145,170.59299800892276,167.65089393875687,168.34719848632812,77251200,0.0,0.0,296.244875824076,291.194091796875,28533300,143.26189283584193,138.2474822998047,54974000
2022-02-08 00:00:00-05:00,168.4158439042664,171.96599307785382,168.1216304972166,171.45602416992188,74829200,0.0,0.0,291.48431505090974,294.68701171875,32421200,138.07422200908613,138.4441680908203,54284000
2022-02-09 00:00:00-05:00,172.65246413479986,173.2408759269309,171.5246486789991,172.87802124023438,71285000,0.0,0.0,299.8249024445116,301.1214599609375,31284700,139.99791170532907,140.62210083007812,40144000
2022-02-10 00:00:00-05:00,170.77931477893978,172.09345086021537,168.23930213729955,168.7982940673828,90865900,0.0,0.0,294.18391946316234,292.5777282714844,45386200,138.74654529321856,137.6704559326172,39330000
2022-02-11 00:00:00-05:00,169.0042733328554,169.7397993797007,164.79705596488338,165.38548278808594,98670700,0.0,0.0,293.3614725070343,285.4756774902344,39175600,137.65063252628258,133.36270141601562,39958000
2022-02-14 00:00:00-05:00,164.13999610862248,166.30735288699964,163.345630332233,165.62086486816406,86185500,0.0,0.0,284.24681310649265,285.4369506835937,36359500,132.3437014572627,134.59765625,34302000
2022-02-15 00:00:00-05:00,167.670499489042,169.61228383864895,166.96439336840055,169.4553680419922,62527400,0.0,0.0,290.28459536542493,290.72967529296875,27058300,136.62814552814626,135.67274475097656,26680000
2022-02-16 00:00:00-05:00,168.53352854543166,169.99476394129306,166.7682631690513,169.2200164794922,61177400,0.0,0.0,289.2946551001704,290.3902893066406,29982100,135.7105099596148,136.79454040527344,25022000
2022-02-17 00:00:00-05:00,167.72936698979834,168.59238905022963,165.21877368416162,165.62086486816406,69589300,0.0,0.0,287.3458164377349,281.8870849609375,32461600,135.30975711120635,131.63113403320312,38950000
2022-02-18 00:00:00-05:00,166.54267539323084,167.24876644947375,162.98272545329306,164.07130432128906,82772700,0.0,0.0,284.13650526196955,279.1722412109375,34264000,132.55277323596871,129.509765625,45620000
2022-02-22 00:00:00-05:00,161.79610099125685,163.4731068473456,159.02071443579257,161.1488494873047,91162800,0.0,0.0,276.33138926787194,278.9686584472656,41736100,128.94860848642685,128.92428588867188,44990000
2022-02-23 00:00:00-05:00,162.34531942395105,162.9435479364118,156.66706433380477,156.98089599609375,90009200,0.0,0.0,281.35372341593103,271.7451477050781,37811200,130.74672218976002,126.71403503417967,32786000
2022-02-24 00:00:00-05:00,149.63542023803691,159.70722772731528,149.0666116347653,159.59934997558594,141147500,0.0,0.0,264.2212450912512,285.629638671875,56989700,124.09757963651286,131.78207397460938,54456000
2022-02-25 00:00:00-05:00,160.6780917637284,161.9333881865455,157.76540780776472,161.66860961914062,91974200,0.0,0.0,286.16292683070213,288.26690673828125,32546700,132.6372128016479,133.5384979248047,36406000
2022-02-28 00:00:00-05:00,159.91315308309024,162.22760877136363,159.2953064697166,161.9333953857422,95056600,0.0,0.0,285.35818899427073,289.7019348144531,34627500,132.13864070917086,134.13189697265625,38864000
2022-03-01 00:00:00-05:00,161.52149747345592,163.3848388800103,158.84418717486,160.05044555664062,83474400,0.0,0.0,287.384546549291,285.9786682128906,31217800,133.95459346241825,133.1431884765625,26496000
2022-03-02 00:00:00-05:00,161.21747641613547,164.13016029917193,159.8052642347465,163.34559631347656,79724800,0.0,0.0,286.37619041849695,291.0592956542969,31873000,133.7058202345684,133.6497039794922,23520000
2022-03-03 00:00:00-05:00,165.21871802318452,165.65022890802732,162.35507256341407,163.02194213867188,76678400,0.0,0.0,293.6771882703284,286.919189453125,27314500,135.07834743813976,132.98231506347656,24604000
2022-03-04 00:00:00-05:00,161.3155287237855,162.35506949161396,158.97165370211016,160.02099609375,83737200,0.0,0.0,285.3387034084344,281.0434265136719,32356500,132.01694707381773,131.0029296875,30430000
2022-03-07 00:00:00-05:00,160.2073995268176,161.8353676274414,155.9707618140112,156.2257537841797,96418800,0.0,0.0,279.75396452482715,270.42657470703125,43157200,130.5873302458659,125.51282501220705,45112000
2022-03-08 00:00:00-05:00,155.754968485403,159.73661287922712,152.79324673379338,154.40159606933594,131148300,0.0,0.0,269.3502646589374,267.4595947265625,48159500,125.38520955872268,126.23385620117188,40428000
2022-03-09 00:00:00-05:00,158.36365040568722,160.2564117997747,156.33360638496927,159.80528259277344,91454900,0.0,0.0,274.8187031666756,279.72479248046875,35204500,130.35096930824116,132.506103515625,37026000
2022-03-10 00:00:00-05:00,157.10834060556428,157.29467624132576,152.96978004521466,155.4607696533203,105342000,0.0,0.0,274.4115443530493,276.90338134765625,30628000,130.36685648313625,131.5223846435547,27102000
2022-03-11 00:00:00-05:00,155.86282296707049,156.20607434732403,151.51832415633135,151.74388122558594,96970100,0.0,0.0,279.2012996634574,271.5513000488281,27209300,132.57412490739122,128.9809112548828,31526000
2022-03-14 00:00:00-04:00,148.52719485737234,151.14566528522778,147.2032572060636,147.7132110595703,108732100,0.0,0.0,271.81301620136327,268.0316467285156,30660700,129.35780521773768,125.08824920654295,38812000
2022-03-15 00:00:00-04:00,147.9878433779772,152.5677323353664,147.4778893963599,152.09698486328125,92964300,0.0,0.0,271.82276744576046,278.4159240722656,34245100,126.1062089198492,128.31298828125,30920000
2022-03-16 00:00:00-04:00,154.01914186419623,156.9122077008172,151.47912909347468,156.51011657714844,102300200,0.0,0.0,280.3163301409905,285.4357604980469,37826300,129.83750304335058,132.3675537109375,35576000
2022-03-17 00:00:00-04:00,155.54904405714797,157.89291972026123,154.58796090972857,157.52024841308594,75615400,0.0,0.0,284.3691589056267,286.2404479980469,30816600,132.23694993148916,132.92222595214844,28264000
2022-03-18 00:00:00-04:00,157.41237930909367,161.30576513800085,156.6768532451588,160.81541442871094,123511700,0.0,0.0,286.3858715630049,291.2919616699219,43390600,132.5105817550083,135.19308471679688,44566000
2022-03-21 00:00:00-04:00,160.3544483255179,163.13965111509174,159.86409772398687,162.18836975097656,95811400,0.0,0.0,289.79883101325805,290.06060791015625,28351200,135.23079176119532,135.16921997070312,26832000
2022-03-22 00:00:00-04:00,162.3158776286816,166.15042355950408,161.7274657879275,165.56201171875,81532000,0.0,0.0,290.6811789941739,294.8116149902344,27599700,135.16923238113208,138.90992736816406,35496000
2022-03-23 00:00:00-04:00,164.7480429864726,169.30829877130867,164.41459311854004,166.92520141601562,98062700,0.0,0.0,291.36960955369653,290.380615234375,25715400,137.7524003944116,137.3283233642578,25154000
2022-03-24 00:00:00-04:00,167.75877268098228,170.77933467330854,166.92518550141648,170.710693359375,90131400,0.0,0.0,290.0412160274347,294.850341796875,24484500,138.24650294781864,140.60226440429688,26396000
2022-03-25 00:00:00-04:00,170.52437415747076,171.89735021175125,169.4161767223122,171.34815979003906,80546200,0.0,0.0,295.9460487854715,294.44317626953125,22566500,140.9438768596341,140.70254516601562,24126000
2022-03-28 00:00:00-04:00,168.84736786546566,172.33866265415585,168.68065041368175,172.211181640625,90371900,0.0,0.0,295.0733016708337,301.24957275390625,29578200,139.9353507908975,140.48655700683594,35050000
2022-03-29 00:00:00-04:00,173.2801510532252,175.55537075997265,172.9368995412623,175.50634765625,100589400,0.0,0.0,304.3620002900689,305.8163757324219,30393400,141.6703986944245,141.52935791015625,34318000
2022-03-30 00:00:00-04:00,175.10424033882794,176.1437814426428,173.2899367384836,174.33929443359375,92633200,0.0,0.0,304.2165723875433,304.3135070800781,28163600,141.48417499062563,140.96624755859375,19884000
2022-03-31 00:00:00-04:00,174.4078950100189,174.59423062931046,171.03428054201655,171.240234375,103049300,0.0,0.0,304.3523117591246,298.9323425292969,33422100,141.07993710759197,138.11489868164062,37524000
2022-04-01 00:00:00-04:00,170.6714345147771,171.5050365492017,168.62177252764585,170.94602966308594,78751300,0.0,0.0,299.9601090176987,300.00860595703125,27110500,138.54443389331385,139.1904754638672,25942000
2022-04-04 00:00:00-04:00,171.20105860098838,175.04540647336353,171.07356262443463,174.99636840820312,76468400,0.0,0.0,300.65822749651744,305.3898010253906,24289600,139.39707934303763,141.99217224121094,25942000
2022-04-05 00:00:00-04:00,174.0744778575844,174.85904187741096,171.05391610805626,171.6815643310547,73401800,0.0,0.0,303.7414225568673,301.42413330078125,23156700,141.89037137348774,139.6279754638672,21418000
2022-04-06 00:00:00-04:00,169.03368653783352,170.27918145157616,166.846726701127,168.513916015625,89058800,0.0,0.0,295.90722237881243,290.3902893066406,40110400,137.79958340829674,135.6126708984375,32468000
2022-04-07 00:00:00-04:00,167.8568186387604,170.01435825576067,166.57210247899573,168.81790161132812,77594700,0.0,0.0,287.63675938943567,292.2034912109375,31411200,135.07833039176165,134.95767211914062,26234000
2022-04-08 00:00:00-04:00,168.4648982638585,168.4648982638585,165.93468666135624,166.80751037597656,76575500,0.0,0.0,291.30177403499323,287.93731689453125,24361900,134.6547746087494,132.37451171875,25142000
2022-04-11 00:00:00-04:00,165.4541214198734,165.76793805160875,162.306063690876,162.55123901367188,72246700,0.0,0.0,282.91478374664115,276.5834045410156,34569300,130.92052859554877,127.94107818603516,36884000
2022-04-12 00:00:00-04:00,164.7774610779693,166.5917497737201,163.4240882944744,164.42440795898438,79265200,0.0,0.0,280.44234644172155,273.4807434082031,30966700,130.69855860670543,126.83966827392578,32710000
2022-04-13 00:00:00-04:00,164.1595904381064,167.73914420674996,163.55156041909547,167.1114959716797,70618900,0.0,0.0,274.1303944317771,278.87164306640625,21907200,127.12321836007308,129.00424194335938,27928000
2022-04-14 00:00:00-04:00,167.32725269207126,167.9647175220397,161.85493758758528,162.10011291503906,75329400,0.0,0.0,279.3273746344273,271.318603515625,28221600,129.58575166232626,125.86193084716795,31598000
2022-04-18 00:00:00-04:00,160.75653828349098,163.3848252707186,160.41330184341265,161.8843536376953,69023900,0.0,0.0,270.42650327619054,271.9875183105469,20778000,126.1300687895306,126.80193328857422,20808000
2022-04-19 00:00:00-04:00,161.8353289533827,164.58129552240263,160.7467499371193,164.1693878173828,67723800,0.0,0.0,270.8822739757197,276.6221923828125,22297700,126.8168237740638,129.1184539794922,26490000
2022-04-20 00:00:00-04:00,165.50317284085372,165.62086719167417,162.89451833268143,164.00270080566406,67929800,0.0,0.0,280.59747515624474,277.6499328613281,22906700,129.99540243243885,127.16293334960938,31696000
2022-04-21 00:00:00-04:00,165.65029565302405,168.2197288207586,162.7081911228911,163.20834350585938,87227800,0.0,0.0,279.8024535913204,272.268798828125,29454600,128.36465210884853,123.95953369140624,36446000
2022-04-22 00:00:00-04:00,163.2475677102336,164.6303453628702,158.38328200071132,158.6676788330078,84882400,0.0,0.0,273.1123477234531,265.6950378417969,29405800,124.1437652925247,118.81600952148438,56884000
2022-04-25 00:00:00-04:00,158.01058942731927,160.0210300948507,155.40193532965264,159.73663330078125,96046400,0.0,0.0,264.9775192651805,272.1815185546875,35678900,118.2851793587275,122.23096466064452,46128000
2022-04-26 00:00:00-04:00,159.1187908139756,159.207050342252,153.69551365548884,153.7739715576172,95623200,0.0,0.0,269.0594211869601,262.0008544921875,46518400,121.45680927223376,117.83727264404295,73054000
2022-04-27 00:00:00-04:00,152.90114966122312,156.70626068843154,152.38137914765707,153.5484161376953,88063200,0.0,0.0,273.5195702477104,274.6054992675781,63477700,113.68540868356776,113.51161193847656,91820000
2022-04-28 00:00:00-04:00,156.17671559506246,161.34501674699274,155.86288392873374,160.48199462890625,130216800,0.0,0.0,276.515542164648,280.82049560546875,33646600,115.61757779171258,117.71063995361328,48884000
2022-04-29 00:00:00-04:00,158.71671584912357,162.9925746827483,154.21529987659397,154.60757446289062,131747600,0.0,0.0,279.8315688272619,269.0788879394531,37073900,115.9348925830269,113.32787322998048,42676000
2022-05-02 00:00:00-04:00,153.68571389859628,155.17636916422146,150.31209888761785,154.91159057617188,123055300,0.0,0.0,269.263019546411,275.8174133300781,35151100,112.62819126516962,115.784423828125,35534000
2022-05-03 00:00:00-04:00,155.09790243206862,157.60851029484962,153.30323224685807,156.40223693847656,88966500,0.0,0.0,275.3230056361228,273.2093200683594,25978600,115.63296649848806,116.53028106689452,24968000
2022-05-04 00:00:00-04:00,156.58858056796436,163.26715427373458,156.18648942865437,162.8160400390625,108256500,0.0,0.0,273.99461437075183,281.15985107421875,33599300,116.22985941768594,121.4235382080078,49916000
2022-05-05 00:00:00-04:00,160.68788797008557,160.9134450425525,151.95963883488685,153.74452209472656,130525300,0.0,0.0,276.8549873023271,268.9140930175781,43260400,119.3806181226122,115.70745086669922,45840000
2022-05-06 00:00:00-04:00,153.223988771511,156.59274408051633,151.42666686979732,154.4713134765625,116124600,0.23,0.0,266.4512414054531,266.3736877441406,37780300,114.3954893775831,114.9536361694336,39710000
2022-05-09 00:00:00-04:00,152.163286830581,153.047223819661,148.78473018495143,149.34454345703125,131577900,0.0,0.0,261.845769469364,256.5324401855469,47726000,112.47425468443096,111.74031829833984,40802000
2022-05-10 00:00:00-04:00,152.74275136095326,153.94096598283207,150.1989918029188,151.7507781982422,115366700,0.0,0.0,263.4262167504731,261.3028259277344,39336400,114.71629465970668,113.61141204833984,39900000
2022-05-11 00:00:00-04:00,150.7588463480562,152.67402087769284,143.20616949802272,143.88385009765625,142689800,0.0,0.0,257.5989064610143,252.62493896484372,48975900,112.4608505325777,112.8243408203125,37534000
2022-05-12 00:00:00-04:00,140.22044713133192,143.58918770892123,136.32134136947613,140.01419067382812,182602000,0.0,0.0,249.8519823107588,247.58316040039065,51033800,110.61459079443388,112.071044921875,53836000
2022-05-13 00:00:00-04:00,142.00795311338425,145.45528221531998,140.55438668965164,144.4829559326172,113990900,0.0,0.0,249.52238377509423,253.17770385742188,34925100,113.74846982950024,115.25557708740234,35038000
2022-05-16 00:00:00-04:00,142.95079475797485,144.88561601712348,141.60524980458257,142.9409637451172,86643800,0.0,0.0,252.0529298587127,253.5460968017578,32550900,114.16806533985788,113.66106414794922,25990000
2022-05-17 00:00:00-04:00,146.20167134886358,147.0954242427805,144.06059381103506,146.57489013671875,78336300,0.0,0.0,258.0158590570985,258.70428466796875,28828800,116.0401615158737,115.67517852783205,23054000
2022-05-18 00:00:00-04:00,144.2275834099531,144.72847052072004,137.4016833512006,138.30526733398438,109742900,0.0,0.0,255.59441054369825,246.9255828857422,31356000,114.21227511679196,111.1330108642578,35126000
2022-05-19 00:00:00-04:00,137.3820660685117,139.13027811714653,134.1606406090294,134.89724731445312,136095600,0.0,0.0,246.75064893827596,246.01205444335935,32692300,110.66821695459474,109.62789154052734,34144000
2022-05-20 00:00:00-04:00,136.60613236743123,138.18738164689086,130.24185616207308,135.13291931152344,137426100,0.0,0.0,249.99660787697096,245.44839477539065,39199300,111.18414230539884,108.1619873046875,48962000
2022-05-23 00:00:00-04:00,135.32939289148615,140.7017129465154,135.19189355677787,140.5543975830078,117726300,0.0,0.0,248.2958846153238,253.31057739257807,33175400,108.836847701739,110.72432708740234,37184000
2022-05-24 00:00:00-04:00,138.2954614249139,139.4347501436659,134.8776102549607,137.85350036621094,104132700,0.0,0.0,250.62833324775215,252.30960083007807,29043900,105.0474835711035,105.24412536621094,76780000
2022-05-25 00:00:00-04:00,135.9579616828589,139.257960660006,135.86957246588344,138.01065063476562,92482700,0.0,0.0,250.8712719945408,255.1279144287109,28547900,104.26636328189969,105.08025360107422,40258000
2022-05-26 00:00:00-04:00,134.93654353419183,141.76243020669472,134.69100793456005,141.21243286132812,90601500,0.0,0.0,254.8850497734224,258.412841796875,25002100,104.9531351796144,107.05414581298828,37948000
2022-05-27 00:00:00-04:00,142.79368348039156,147.00706779846502,142.66600017228808,146.96778869628906,90978500,0.0,0.0,260.9201340875451,265.54608154296875,26910800,108.73305507461306,111.5471420288086,37914000
2022-05-31 00:00:00-04:00,146.40795612568894,147.9695587462053,144.21776806233134,146.1820526123047,103718400,0.0,0.0,264.8561104686971,264.2146911621094,37827700,111.97421059952642,112.98275756835938,50012000
2022-06-01 00:00:00-04:00,147.22308826530934,149.0302410387393,145.04273170111645,146.05435180664062,74286600,0.0,0.0,267.4508952453175,264.7491760253906,25292200,114.06826317353504,113.11185455322266,36606000
2022-06-02 00:00:00-04:00,145.19010444930467,148.56867650901708,144.237425177131,148.50975036621094,72348100,0.0,0.0,257.0036237974596,266.8483581542969,44008200,113.2191263212025,116.81681060791016,37992000
2022-06-03 00:00:00-04:00,144.27668941243508,145.327588805216,141.88027492949882,142.78384399414062,88570300,0.0,0.0,262.69855996137693,262.4167175292969,28059000,115.26749397177188,113.75641632080078,26136000
2022-06-06 00:00:00-04:00,144.40436412307008,145.91687147884687,142.31239647541148,143.53025817871094,71598400,0.0,0.0,264.3992892425282,261.1824951171875,22400300,115.90509148996708,116.02030181884766,33542000
2022-06-07 00:00:00-04:00,141.77221184112562,146.3391664090359,141.5266763270165,146.05435180664062,67808200,0.0,0.0,259.1319252881435,264.826904296875,22860700,114.68948702904132,116.34705352783205,31590000
2022-06-08 00:00:00-04:00,145.92668764129223,147.19364446593215,144.82669318974126,145.31776428222656,53950200,0.0,0.0,264.0591283318473,262.7957458496094,17372300,115.96170279833257,116.39124298095705,26108000
2022-06-09 00:00:00-04:00,144.45348753415902,145.3079465173713,139.98473718785118,140.0927734375,69473000,0.0,0.0,260.23981256874225,257.3340148925781,26439700,115.53068133088902,114.04890441894533,25798000
2022-06-10 00:00:00-04:00,137.7749096051149,138.2463336751748,134.61241045362357,134.68116760253906,91437900,0.0,0.0,253.2425331361121,245.86627197265625,31422800,111.67477148150724,110.40006256103516,41452000
2022-06-13 00:00:00-04:00,130.49724415866797,132.78563754326257,129.09278784637604,129.52493286132812,122207100,0.0,0.0,238.20815546124877,235.4384002685547,46135800,106.05503282631636,105.66373443603516,47252000
2022-06-14 00:00:00-04:00,130.7526087731312,131.49903152365633,129.1320649915738,130.3892059326172,84784300,0.0,0.0,236.99335622167607,237.60562133789065,28651500,105.80524487282368,105.98450469970705,33706000
2022-06-15 00:00:00-04:00,131.8918636674431,134.88740024350506,129.79991106375064,133.01150512695312,91533000,0.0,0.0,241.31801692665343,244.67086791992188,33111700,107.8014823825955,109.01263427734376,39698000
2022-06-16 00:00:00-04:00,129.7213584251009,130.02582014414816,126.7356374029616,127.7374267578125,108123900,0.0,0.0,239.05366802425112,238.07211303710935,33169200,106.48654806155037,105.30718231201172,51684000
2022-06-17 00:00:00-04:00,127.74724995941776,130.70349274398822,127.4918833825682,129.21063232421875,134520300,0.0,0.0,237.8096900838926,240.67662048339844,43084800,105.30718677609678,106.40958404541016,51376000
2022-06-21 00:00:00-04:00,131.03741900238268,134.61241624219525,130.93921376781023,133.44366455078125,81000500,0.0,0.0,243.2131485780948,246.5951690673828,29928300,108.18334476803008,110.77993774414062,47416000
2022-06-22 00:00:00-04:00,132.38294065988546,135.29990419534238,131.51866571381353,132.93295288085938,73409200,0.0,0.0,244.79726053472527,246.0023498535156,25939900,109.7992086229141,110.7238311767578,30774000
2022-06-23 00:00:00-04:00,134.3767387138988,136.11512007981293,133.20798678744393,135.80084228515625,72433800,0.0,0.0,248.37363027538592,251.5709686279297,25861400,111.4627336528488,111.47315979003906,28362000
2022-06-24 00:00:00-04:00,137.4016693916089,139.37578454056782,137.2740011133842,139.1302490234375,89116800,0.0,0.0,254.4379160424681,260.1620788574219,33923200,112.2210019589116,117.16688537597656,41164000
2022-06-27 00:00:00-04:00,140.15167018072825,140.9275708071873,138.45256859835,139.1302490234375,70207900,0.0,0.0,260.65770592471864,257.43121337890625,24615100,117.46284286786336,115.04005432128906,36420000
2022-06-28 00:00:00-04:00,139.5918597520797,140.85881645152855,134.867758706979,134.98561096191406,67083400,0.0,0.0,256.546824812342,249.2580108642578,27295500,115.00926788550748,111.24026489257812,35792000
2022-06-29 00:00:00-04:00,135.00525640007206,138.15792407261875,134.2293557674798,136.74363708496094,66242400,0.0,0.0,250.336733593632,252.9315643310547,20069800,110.78788927074342,110.93636322021484,24716000
2022-06-30 00:00:00-04:00,134.79900702917675,135.89900141660408,131.38115662088498,134.27847290039062,98964500,0.0,0.0,249.81193566577983,249.5981292724609,31730900,109.24651298788866,108.21661376953124,43170000
2022-07-01 00:00:00-04:00,133.61062978312276,136.5570566364842,133.23742590571564,136.4490203857422,71051600,0.0,0.0,249.17054274453085,252.27069091796875,22837700,107.19367448668028,107.99266815185548,35476000
2022-07-05 00:00:00-04:00,135.3097312194843,139.08115356288656,134.4847204054961,139.03204345703125,73353800,0.0,0.0,248.94701449783307,255.4486389160156,22941000,106.36688099642753,112.48716735839844,39342000
2022-07-06 00:00:00-04:00,138.82581180795694,141.54633502633234,138.56062920663072,140.36776733398438,74064300,0.0,0.0,256.3232365726263,258.7139587402344,23824400,112.52588844454358,113.78718566894533,37432000
2022-07-07 00:00:00-04:00,140.73118844910394,143.93298250429626,140.7213724194376,143.73655700683594,66253700,0.0,0.0,257.65473625946805,260.8423767089844,20859900,114.29172973514224,117.9693603515625,40936000
2022-07-08 00:00:00-04:00,142.66597262808202,144.9150866907465,142.41062104747897,144.4141845703125,64547800,0.0,0.0,257.3340180308074,260.1231994628906,19658800,116.44685795142414,118.53594970703124,38238000
2022-07-11 00:00:00-04:00,143.0686451840122,144.02132426836204,141.2123971200697,142.28292846679688,63141600,0.0,0.0,258.1698045515523,257.0619201660156,19455200,117.18974092087866,114.88414001464844,31196000
2022-07-12 00:00:00-04:00,143.15702881773996,145.7989934962315,142.45971631070495,143.2552490234375,77588800,0.0,0.0,258.39329412629985,246.527099609375,35868500,115.41894329267954,113.2394790649414,29960000
2022-07-13 00:00:00-04:00,140.43652068379964,143.83472435454556,139.58204676627264,142.89187622070312,71185600,0.0,0.0,243.14512305849968,245.6038818359375,29497400,110.93585975066053,110.59074401855467,43722000
2022-07-14 00:00:00-04:00,141.50706056941064,146.29008864591398,140.69188068401962,145.81866455078125,78140700,0.0,0.0,243.51442327742907,246.9255828857422,25102800,109.4555813251154,109.61150360107422,37004000
2022-07-15 00:00:00-04:00,147.1052616395071,148.1659770435882,145.55347512166446,147.48829650878906,76259900,0.0,0.0,248.5193996029873,249.49124145507807,29774100,111.23332046369126,111.0118408203125,46770000
2022-07-18 00:00:00-04:00,148.04814036588357,148.86332029894717,144.08027695642463,144.4436798095703,81420900,0.0,0.0,252.43588877990183,247.09075927734372,20975000,111.86842992036456,108.2831573486328,43164600
2022-07-19 00:00:00-04:00,145.27846713272842,148.52935529848105,144.28650894193655,148.303466796875,82982400,0.0,0.0,250.32701866110767,252.2221221923828,25012600,110.090694802755,113.0304183959961,36530900
2022-07-20 00:00:00-04:00,148.42129597233932,150.97487119658769,147.6846894637636,150.3070068359375,64823400,0.0,0.0,252.58171855652023,254.88497924804688,22788300,112.3948014338738,113.11980438232422,35600400
2022-07-21 00:00:00-04:00,151.7409484002484,152.79184759877373,149.22666712229798,152.57577514648438,65086600,0.0,0.0,252.47483920219835,257.38262939453125,22404700,113.4971913732267,113.55677795410156,32676200
2022-07-22 00:00:00-04:00,152.61507520531072,153.48918116011728,150.67043785379852,151.33828735351562,66675400,0.0,0.0,257.7713097746288,253.0287170410156,21881300,110.23966791558226,107.16090393066406,48901200
2022-07-25 00:00:00-04:00,151.25969613523088,152.27130127731917,149.56059453535912,150.2186279296875,53623900,0.0,0.0,253.6507650735892,251.54185485839844,21056000,107.66741148020654,106.77357482910156,34690900
2022-07-26 00:00:00-04:00,149.54096368293668,150.3561434947877,148.1070444852617,148.89276123046875,55138700,0.0,0.0,252.5428140385053,244.8069610595703,39348000,105.86980776641252,104.30062866210938,47991000
2022-07-27 00:00:00-04:00,149.8552563235132,154.5204317003286,149.4427584043403,153.9900665283203,78620700,0.0,0.0,253.8062120978265,261.1727600097656,45994000,108.51158697347697,112.28555297851562,59858500
2022-07-28 00:00:00-04:00,154.17666680263463,154.82488420275592,151.65256933071927,154.54006958007812,81378700,0.0,0.0,262.1543304686785,268.6268005371094,33459300,111.60028062288364,113.43760681152344,32816600
2022-07-29 00:00:00-04:00,158.36064587550854,160.70796561063992,156.65171270547043,159.6079559326172,101786900,0.0,0.0,269.8805519116232,272.8349304199219,32152800,112.30542696475278,115.52323150634766,37223400
2022-08-01 00:00:00-04:00,158.1347223194791,160.66865118760447,158.01687004208316,158.62579345703125,67829400,0.0,0.0,269.99714086754074,270.1817932128906,21539600,114.51020776113126,114.0732192993164,26034300
2022-08-02 00:00:00-04:00,157.24099208938756,159.50973846034333,156.7793839981374,157.152587890625,59907000,0.0,0.0,268.22833970476506,267.0815734863281,22754200,113.2191202849986,114.34137725830078,20236000
2022-08-03 00:00:00-04:00,157.96774380452692,163.61506130985595,157.8793546055034,163.1632843017578,82507500,0.0,0.0,268.9669655407717,274.51617431640625,23518900,114.91739550950312,117.27116394042967,28499000
2022-08-04 00:00:00-04:00,163.0454244700845,164.20436008201335,161.49363796486168,162.8489990234375,55474100,0.0,0.0,273.8650200050531,275.6629333496094,18098700,116.67528876714736,117.38042449951172,21602900
2022-08-05 00:00:00-04:00,160.51808440274291,163.11454067024195,160.31154145785612,162.62278747558594,56697000,0.23,0.0,271.2896517042955,274.9437866210937,16774600,115.43385532537566,116.66535949707033,19159500
2022-08-08 00:00:00-04:00,163.62597080235415,165.04222255656555,161.49176350864772,162.1507110595703,60276900,0.0,0.0,276.0517095079037,272.4267578125,18739200,117.57904337218184,116.49651336669922,19138300
2022-08-09 00:00:00-04:00,161.31472511427808,163.0850396486981,160.5574209787257,162.1998748779297,63135500,0.0,0.0,271.7658486047469,274.3509216308594,23405200,116.33761682995618,115.83110809326172,19086500
2022-08-10 00:00:00-04:00,164.91435623038078,166.54698055787682,164.14722239112217,166.44863891601562,70170500,0.0,0.0,280.0557082242468,281.017822265625,24687800,117.96637720002796,118.88007354736328,30930400
2022-08-11 00:00:00-04:00,167.25511117853088,168.1697800173322,165.41595884571527,165.7110137939453,57149200,0.0,0.0,282.6601585238004,278.93798828125,20065900,120.44924388844952,118.02595520019533,24293700
2022-08-12 00:00:00-04:00,167.0190809905204,169.33031226065586,166.60599505436244,169.261474609375,68039400,0.0,0.0,280.3569279405796,283.6903381347656,22619700,119.4362404313281,120.84651184082033,19096300
2022-08-15 00:00:00-04:00,168.6910117877752,170.53016384292243,168.52381751068145,170.33346557617188,54091700,0.0,0.0,282.80590988855005,285.20635986328125,18085700,120.30027720751173,121.2437744140625,19494800
2022-08-16 00:00:00-04:00,169.930270808534,170.84493975917735,168.82874820804471,170.1761474609375,56377100,0.0,0.0,283.76810711776506,284.46783447265625,18102900,120.68760382332331,120.86637115478516,19041200
2022-08-17 00:00:00-04:00,169.92042587693876,173.24466771389544,169.72372757411412,171.6710662841797,79542000,0.0,0.0,282.1791399463547,283.7179260253906,18253400,119.29719726513474,118.7311019897461,22847000
2022-08-18 00:00:00-04:00,170.8842371095866,172.01526346746522,170.26462327491188,171.2776336669922,62290100,0.0,0.0,282.61745934130954,282.5979919433594,17186200,118.61191857047314,119.34684753417967,17987700
2022-08-19 00:00:00-04:00,170.1761140668042,170.87441022573427,168.48448182965225,168.69102478027344,70346300,0.0,0.0,281.3610688013757,278.6828308105469,20570000,118.2444536299456,116.4071273803711,21809500
2022-08-22 00:00:00-04:00,166.89121173091766,167.05840602639253,164.38326728455968,164.80618286132812,69026800,0.0,0.0,274.71900818026165,270.50201416015625,25061100,114.4108893191489,113.45746612548828,21456600
2022-08-23 00:00:00-04:00,164.32425128292837,165.92737151886493,163.90133572678997,164.47177124023438,54147100,0.0,0.0,269.2262268066406,269.2262268066406,17527400,112.70267618703092,113.08007049560548,15870400
2022-08-24 00:00:00-04:00,164.56030249873976,165.33726597260625,163.50794341888323,164.76683044433594,53841500,0.0,0.0,268.22308164579806,268.5931701660156,18137000,112.72253867644604,112.91123962402344,17734600
2022-08-25 00:00:00-04:00,165.9962181286182,167.33378750652878,165.57331755675585,167.22560119628906,51218200,0.0,0.0,270.0929188602087,271.5732727050781,16583400,113.45747189022576,115.85096740722656,16956800
2022-08-26 00:00:00-04:00,167.75673954884368,168.22881854744674,160.8623482022366,160.92135620117188,78961000,0.0,0.0,271.7972879434224,261.0940856933594,27549300,113.93419313124014,109.58419036865234,37245700
2022-08-29 00:00:00-04:00,158.49205968709833,160.21319598841637,157.18400930436007,158.71827697753906,73314000,0.0,0.0,258.91253188901453,258.3087158203125,20338500,109.236581726649,108.67048645019533,21191200
2022-08-30 00:00:00-04:00,159.45592432505862,159.8788249449609,155.11865676791015,156.28903198242188,77906200,0.0,0.0,259.71121737335454,256.1077575683594,22767100,109.41535713980008,108.19378662109376,27513300
2022-08-31 00:00:00-04:00,157.665923552681,157.93147450788678,154.54820976951913,154.62689208984375,87991100,0.0,0.0,258.464585387242,254.64686584472656,24791800,109.89207703712616,107.47872161865234,28627000
2022-09-01 00:00:00-04:00,154.05642452911226,155.8070645231953,152.11891593895604,155.3546600341797,74229900,0.0,0.0,252.11470907784695,253.6047821044922,23263400,107.53831323927108,108.98831176757812,28360900
2022-09-02 00:00:00-04:00,157.11517641377614,157.71511602884905,152.41401615420267,153.2401580810547,76957800,0.0,0.0,254.8708733039259,249.37803649902344,22855400,109.8324657196554,107.11123657226562,24160700
2022-09-06 00:00:00-04:00,153.88925181756636,154.4990209999667,151.15510515135455,151.9812469482422,73714800,0.0,0.0,249.5144035204149,246.6413726806641,21328200,106.56501052381782,106.07836151123048,25068300
2022-09-07 00:00:00-04:00,152.2664983933652,154.08597659166026,151.0764488090942,153.3876953125,87449600,0.0,0.0,248.0534903559057,251.3550262451172,24126700,106.32665101955834,108.70027923583984,23167000
2022-09-08 00:00:00-04:00,152.08946906346367,153.78110171657892,150.1617894097554,151.91244506835938,84923800,0.0,0.0,250.7902106845793,251.7738342285156,20319900,107.2999515779475,107.63761901855467,24238300
2022-09-09 00:00:00-04:00,152.90577277832278,155.21701929836195,152.19764682354997,154.77442932128906,68028800,0.0,0.0,253.7021834620477,257.558837890625,22084700,108.32288788088223,109.8920669555664,23197700
2022-09-12 00:00:00-04:00,156.95780504262976,161.5507787814024,156.672594749297,160.73446655273438,104956000,0.0,0.0,258.8444189971821,259.69171142578125,18747700,110.22973087368234,110.10062408447266,22966800
2022-09-13 00:00:00-04:00,157.2627059256093,157.89214957569482,150.84040875911936,151.3026580810547,122656600,0.0,0.0,252.08549941911832,245.4142608642578,33353300,107.06158881718636,103.6054229736328,38172900
2022-09-14 00:00:00-04:00,152.23695501832623,154.50886749732993,151.07642462426648,152.74838256835938,87965400,0.0,0.0,246.91405740824067,245.63824462890625,23913000,103.85370686767357,104.28076171875,26395100
2022-09-15 00:00:00-04:00,152.09925057054045,152.67953072071606,148.8831956207659,149.8568572998047,90481100,0.0,0.0,243.2521867435892,238.97674560546875,31530900,103.31740907499702,102.20508575439452,34188300
2022-09-16 00:00:00-04:00,148.71601438946803,148.85370468985187,145.92284471335466,148.21441650390625,162278800,0.0,0.0,237.8859696087846,238.35345458984372,39791800,101.370837496437,102.09584045410156,42797200
2022-09-19 00:00:00-04:00,146.8473562182448,152.01076545240036,146.64082825286496,151.9320831298828,81474200,0.0,0.0,236.1426678581361,238.13917541503903,26826900,101.05302529143924,102.36398315429688,23036800
2022-09-20 00:00:00-04:00,150.86986170957442,155.47267903670416,150.55514749457834,154.3121337890625,107689800,0.0,0.0,235.75312576969003,236.12319946289065,26660300,101.38076814646514,100.44720458984376,26517100
2022-09-21 00:00:00-04:00,154.74492033364538,156.12183853779936,151.06661536137307,151.18463134765625,101696800,0.0,0.0,237.89568781443512,232.71450805664065,28625600,100.97358111903203,98.5999526977539,31487300
2022-09-22 00:00:00-04:00,149.86673172221157,151.92225679396847,148.42097590441998,150.22079467773438,86652500,0.0,0.0,231.66271451815115,234.69155883789065,31061200,98.14309788632384,99.4540557861328,34298600
2022-09-23 00:00:00-04:00,148.69635763891162,148.97173827223702,146.10973061112034,147.94888305664062,96029900,0.0,0.0,233.28913142247737,231.7114105224609,34176000,98.94754744299672,98.06364440917967,31625400
2022-09-26 00:00:00-04:00,147.19160174855077,151.23381448556898,147.171927414505,148.28329467773438,93339400,0.0,0.0,230.8641214166978,231.2536773681641,27694200,97.42802313116287,97.49754333496094,27072700
2022-09-27 00:00:00-04:00,150.22080529252614,152.16814418194363,147.47681344155066,149.2569580078125,84442700,0.0,0.0,233.7176617574624,230.24082946777344,27018700,98.74892590357744,96.83214569091795,30072800
2022-09-28 00:00:00-04:00,145.20489532446575,148.1554147485666,142.45107419388137,147.3686065673828,146691400,0.0,0.0,230.6303619280171,234.7792053222656,29029700,96.98111550841472,99.36467742919922,32466300
2022-09-29 00:00:00-04:00,143.690261753566,144.30003079499565,138.35964494587614,140.1299591064453,128138200,0.0,0.0,232.65607976574745,231.30235290527344,27484200,97.96433766405389,96.75269317626952,31047200
2022-09-30 00:00:00-04:00,138.9498106360333,140.7397998435746,135.72391020279727,135.9206085205078,124925300,0.0,0.0,232.0717487914595,226.8224029541016,35694800,96.38522371736838,94.99481201171876,32941500
2022-10-03 00:00:00-04:00,135.93043653465315,140.71027860420344,135.41900896557823,140.10049438476562,114311700,0.0,0.0,229.26689591019425,234.4578094482422,28880400,96.09721298076929,97.9643325805664,27982000
2022-10-04 00:00:00-04:00,142.6379484443843,143.80832359652302,141.88064422703837,143.6903076171875,87830100,0.0,0.0,238.69429935915923,242.38540649414065,34888400,99.7520094013306,100.94378662109376,28850800
2022-10-05 00:00:00-04:00,141.69377951288206,144.94918341662515,140.65125008419213,143.98533630371094,79471000,0.0,0.0,239.5708412510312,242.6970672607422,20347100,99.14618310911276,100.73522186279295,22176900
2022-10-06 00:00:00-04:00,143.40504822367146,145.1065098853438,142.82478312042986,143.03131103515625,68402200,0.0,0.0,241.46016522278583,240.34991455078125,20239900,99.99035938714276,100.72528839111328,22324000
2022-10-07 00:00:00-04:00,140.18900681575843,140.73978304959337,137.1499753994762,137.7794189453125,85925600,0.0,0.0,234.6136667746723,228.12747192382807,37769600,99.16604271542336,98.00405883789062,27502800
2022-10-10 00:00:00-04:00,138.10398864746094,139.54974448383035,136.28451052504542,138.10398864746094,74899000,0.0,0.0,226.96847977157327,223.26763916015625,29743600,98.32186494334556,97.1896743774414,18225100
2022-10-11 00:00:00-04:00,137.5925530590874,139.0186494867963,135.9402693459634,136.68772888183594,77033700,0.0,0.0,221.68018361933272,219.52786254882807,30474000,96.76261553045552,96.51432800292967,26507100
2022-10-12 00:00:00-04:00,136.83526713014228,138.04497594951954,135.88126460377657,136.05828857421875,70433700,0.0,0.0,219.5181209293946,219.85899353027344,21903900,96.63351005621551,96.8917236328125,21876400
2022-10-13 00:00:00-04:00,132.76354024673512,141.22168665886508,132.15375604675947,140.631591796875,113224000,0.0,0.0,214.11298206401756,228.12747192382807,42551800,94.49823387339498,98.3814468383789,34574500
2022-10-14 00:00:00-04:00,141.92982762072037,142.1363705990491,135.9107723458466,136.09764099121094,88598000,0.0,0.0,229.3935394888531,222.5956878662109,30198600,99.30508010298726,95.89857482910156,25410700
2022-10-17 00:00:00-04:00,138.743247069302,140.5430504714938,137.95643899314493,140.06114196777344,85250900,0.0,0.0,229.66623513189376,231.33160400390625,28142300,98.18282760627488,99.28522491455078,28419200
2022-10-18 00:00:00-04:00,143.09033465697712,144.2803688565933,138.29081918893948,141.3790283203125,99136600,0.0,0.0,236.8925893556901,232.2762756347656,26329600,102.42356970435208,100.0797348022461,24060700
2022-10-19 00:00:00-04:00,139.35303637893844,142.55926212019432,139.16616774549112,141.48724365234375,61758300,0.0,0.0,230.8543900542244,230.3090057373047,19985700,99.32494982352485,98.94754791259766,23811100
2022-10-20 00:00:00-04:00,140.6611165197279,143.48377562705596,140.29720887706276,141.02500915527344,64522000,0.0,0.0,229.61750568038707,229.98757934570312,21811000,99.31501820767156,99.28522491455078,25323200
2022-10-21 00:00:00-04:00,140.51355110159545,145.41142365797057,140.29717849836038,144.8409881591797,86548600,0.0,0.0,228.61439693552748,235.8018035888672,26299700,97.17973986521672,100.43727111816406,32458700
2022-10-24 00:00:00-04:00,144.7623420825169,147.75219561004096,143.59196680128505,146.9850616455078,75981900,0.0,0.0,237.3989952337496,240.7979278564453,24911200,101.10268728739813,101.8177490234375,27176400
2022-10-25 00:00:00-04:00,147.61450271725704,149.97492757312142,146.89654709772452,149.827392578125,74732300,0.0,0.0,240.8076725980602,244.11895751953125,34775500,102.19514899283054,103.76432800292967,40611400
2022-10-26 00:00:00-04:00,148.47013415168624,149.48314455270017,145.59828223025528,146.88668823242188,88194300,0.0,0.0,225.13755100638363,225.2836456298828,82543200,95.7694645312069,94.2797393798828,88114100
2022-10-27 00:00:00-04:00,145.62781359762897,146.5916457586151,141.75279561471663,142.4117431640625,109180200,0.0,0.0,225.0109147247709,220.83287048339844,40424600,93.87255109519648,91.58831024169922,60710900
2022-10-28 00:00:00-04:00,145.75564835945892,154.90226106166642,145.3819261249116,153.17129516601562,164762400,0.0,0.0,220.3362415763472,229.7149353027344,40647700,91.63796414593529,95.63043212890624,43697300
2022-10-31 00:00:00-04:00,150.6338586024099,151.69604741946125,149.4143051442136,150.81088256835938,97943200,0.0,0.0,227.65996437056043,226.072509765625,28357300,94.766387840837,93.86262512207033,31675000
2022-11-01 00:00:00-04:00,152.52217870801033,152.8860712842191,146.6703184608035,148.1652374267578,80379300,0.0,0.0,228.47805057491365,222.21583557128903,30592300,94.79618761427888,89.85030364990234,47161400
2022-11-02 00:00:00-04:00,146.49328294195223,149.66017491618842,142.60843546015093,142.637939453125,93604600,0.0,0.0,223.47216271711693,214.35641479492188,38407000,90.31707478646692,86.374267578125,57038300
2022-11-03 00:00:00-04:00,139.7169294177421,140.44472962212055,136.4615253404881,136.58938598632812,97918500,0.0,0.0,214.3466881841221,208.6590881347656,36633900,85.72872394565061,82.8585205078125,61288000
2022-11-04 00:00:00-04:00,139.97824816387146,140.5496299805745,132.38284296255216,136.32339477539062,140814800,0.23,0.0,211.8729869376078,215.6127777099609,36789100,84.81502104184743,85.9869384765625,51124900
2022-11-07 00:00:00-05:00,135.0722495976569,137.08192417351185,133.65364870551917,136.8553466796875,83374600,0.0,0.0,216.1971107205747,221.9236602783203,33498000,86.68214691275777,87.88385772705078,34078900
2022-11-08 00:00:00-05:00,138.32325240295037,139.32808250128076,135.44665078479818,137.42677307128906,89908500,0.0,0.0,222.73200573046225,222.89756774902344,28192500,88.29105377197266,88.29105377197266,30429000
2022-11-09 00:00:00-05:00,136.44159482466026,136.4908547245009,132.5897021500865,132.86553955078125,74917800,0.0,0.0,221.43670467861037,218.65133666992188,27852900,87.84412735927378,86.72187042236328,31769100
2022-11-10 00:00:00-05:00,139.14089348616804,144.6872100830078,137.42674799216064,144.6872100830078,118854000,0.0,0.0,229.2863751045428,236.6393585205078,46268000,91.61809043991572,93.29651641845705,51620100
2022-11-11 00:00:00-05:00,143.6528333928847,147.7805490726991,142.2243712372686,147.47515869140625,93979700,0.0,0.0,236.6490929704392,240.6615753173828,34620200,94.04139140730278,95.7496109008789,33090500
2022-11-14 00:00:00-05:00,146.7559957323241,148.04652398997993,145.238874932201,146.0762481689453,73374100,0.0,0.0,235.67522458522933,235.2467041015625,31123300,94.43864192776208,95.04446411132812,30179500
2022-11-15 00:00:00-05:00,149.95768214517247,151.3073161661693,146.35207406862938,147.81007385253906,89868300,0.0,0.0,239.24944207060548,235.65573120117188,31390100,97.58693396732818,97.76570129394533,41640800
2022-11-16 00:00:00-05:00,146.9136479496193,147.64264051462695,145.10098244243153,146.5786895751953,64218300,0.0,0.0,237.12064919463364,236.0854034423828,24093300,97.22940010842292,98.17288970947266,29105200
2022-11-17 00:00:00-05:00,144.25373060276158,149.2286798359038,143.97789320265173,148.47998046875,80389400,0.0,0.0,232.22767936193608,236.0366058349609,23123500,96.30577068517638,97.68624877929688,26052600
2022-11-18 00:00:00-05:00,150.04639484222366,150.4305981338356,147.74117509255214,149.0415496826172,74829600,0.0,0.0,237.82387701389203,235.5873565673828,27613500,98.09343657704216,96.76261901855467,28342300
2022-11-21 00:00:00-05:00,147.92831248822412,148.13518303183807,145.52457357758468,145.8102569580078,58724100,0.0,0.0,235.79243178186516,236.39796447753903,26394700,96.62358621558477,94.94515991210938,21647400
2022-11-22 00:00:00-05:00,145.92849249022925,148.1844518302865,144.7463148991296,147.94801330566406,51804100,0.0,0.0,237.90200273092583,239.30838012695312,19665700,95.29275972414906,96.3852310180664,23438500
2022-11-23 00:00:00-05:00,147.22886486968167,149.57349802080938,147.1204990929822,148.82479858398438,58301400,0.0,0.0,239.3865334483189,241.79885864257807,19508500,96.4249422059745,97.78556060791016,18868100
2022-11-25 00:00:00-05:00,146.1058228227629,146.66735873059727,144.93350612985708,145.90879821777344,35195900,0.0,0.0,241.53510238359647,241.71090698242188,9200800,97.56707539206504,96.79241943359376,9701400
2022-11-28 00:00:00-05:00,142.9829242489195,144.46063120272478,141.24908683464577,142.07659912109375,69246000,0.0,0.0,240.33386298973988,236.1147308349609,24778200,96.3752988162524,95.39208221435548,26237500
2022-11-29 00:00:00-05:00,142.14557128350813,142.65784730969276,138.2641397568449,139.0719451904297,83763800,0.0,0.0,235.7631467017508,234.7181396484375,17956300,95.07426584986467,94.5379638671875,20061700
2022-11-30 00:00:00-05:00,139.29853096586902,146.50974957221172,138.4611725421372,145.8300018310547,111380900,0.0,0.0,234.95251010235395,249.18228149414065,47594200,94.1704983332708,100.29823303222656,43647500
2022-12-01 00:00:00-05:00,146.00729966926298,146.9136247638141,144.43107296360157,146.10580444335938,71250400,0.0,0.0,247.9419383198584,248.7427978515625,26041500,100.32802632483222,100.29823303222656,28687100
2022-12-02 00:00:00-05:00,143.7907393167646,145.80041408602733,143.48533393064037,145.6132354736328,65447400,0.0,0.0,243.98653586131007,249.0651092529297,21528500,98.37152838636052,99.75200653076172,21480700
2022-12-05 00:00:00-05:00,145.5738317516645,148.67701012513257,143.60355595085647,144.45077514648438,68826400,0.0,0.0,246.12538359731664,244.35765075683597,23435300,98.71913015086434,98.798583984375,24405100
2022-12-06 00:00:00-05:00,144.88423366279338,145.11081116378415,139.81076461635996,140.7860565185547,64727200,0.0,0.0,244.9631836631235,239.39627075195312,22463700,98.6198123778136,96.31570434570312,24910700
2022-12-07 00:00:00-05:00,140.07679006739448,141.2392458201791,137.9193352044314,138.84536743164062,69721100,0.0,0.0,239.11303779534452,238.6637725830078,20481500,95.74961245738876,94.28968048095705,31045400
2022-12-08 00:00:00-05:00,140.24423909407787,141.38700272319693,139.00297068921475,140.52992248535156,62128300,0.0,0.0,239.1228268856705,241.623046875,22611800,94.72665891342506,93.06809997558594,32213300
2022-12-09 00:00:00-05:00,140.2245130259643,143.40651899251785,138.8059121667718,140.0471954345703,76097000,0.0,0.0,238.9860661155432,239.6892547607422,20609700,93.12769363601662,92.1941375732422,28225400
2022-12-12 00:00:00-05:00,140.5791698825673,142.352421040337,138.96354439037955,142.3425750732422,70462700,0.0,0.0,241.6718654401659,246.61370849609372,30665100,92.07494883207544,92.67083740234376,29420000
2022-12-13 00:00:00-05:00,147.2781498799709,147.7411660018872,142.09632874722436,143.30804443359375,93886200,0.0,0.0,255.579352180181,250.92074584960935,42196900,97.09035971387452,94.97494506835938,40593700
2022-12-14 00:00:00-05:00,143.1898139764628,144.48034234830936,139.06208336103646,141.0816192626953,82291200,0.0,0.0,251.1258502529427,251.2137451171875,35410900,94.5478918878186,94.41878509521484,28733600
2022-12-15 00:00:00-05:00,139.01284678575612,139.69259452336593,134.00834311374663,134.4713592529297,98931900,0.0,0.0,247.7954592877002,243.1954345703125,35560400,92.49206485576931,90.23761749267578,40107000
2022-12-16 00:00:00-05:00,134.6585187405124,135.60424282446493,131.74250357896327,132.5109100341797,160156900,0.0,0.0,242.74620073337888,238.9763336181641,86102000,90.13830631838148,89.64173126220703,58011800
2022-12-19 00:00:00-05:00,133.1019778704447,133.19063667083125,129.36831196695024,130.40269470214844,79592600,0.0,0.0,239.1423697856944,234.83534240722656,29696400,89.64173089197104,87.83419799804688,29493000
2022-12-20 00:00:00-05:00,129.43726118544186,131.2696181831246,127.95955441414964,130.333740234375,77432800,0.0,0.0,233.8098412838887,236.15380859375,25150800,87.50646975018819,88.41023254394531,23453800
2022-12-21 00:00:00-05:00,131.00365840968308,134.7767390812449,130.77708085896677,133.43695068359375,85928000,0.0,0.0,236.04637204350925,238.72238159179688,23690600,88.46980985381954,88.96638488769531,24745600
2022-12-22 00:00:00-05:00,132.35327292045574,132.56014344596582,128.36346171921937,130.2647705078125,77852100,0.0,0.0,235.6264185705002,232.62811279296875,28651700,87.55612082820765,87.15885925292969,27658300
2022-12-23 00:00:00-05:00,128.97425178436364,130.45195863115794,127.71327647766012,129.90028381347656,63814900,0.0,0.0,230.5966857124809,233.15550231933597,21207000,86.5133086638046,88.61878967285156,23003000
2022-12-27 00:00:00-05:00,129.42743066905106,129.45698360544398,126.80696007412172,128.0974884033203,69007800,0.0,0.0,233.1261790492013,231.42681884765625,16688600,88.19173478905765,86.79138946533203,20097300
2022-12-28 00:00:00-05:00,127.74283419111389,129.08262238361158,123.99931454878694,124.16678619384766,85438400,0.0,0.0,231.3584666981209,229.05357360839844,17457100,86.38420166698455,85.43077087402344,19523200
2022-12-29 00:00:00-05:00,126.08781241864538,128.5408039711882,125.8316819463041,127.6837387084961,75703700,0.0,0.0,230.14739203902255,235.3822326660156,19770700,86.02666490506726,87.84412384033203,23333500
2022-12-30 00:00:00-05:00,126.50156359082804,128.01866936965655,125.53612512465858,127.99896240234376,77034200,0.0,0.0,232.64767130900037,234.22007751464844,21938500,86.38419566315923,87.6256332397461,23986300
2023-01-03 00:00:00-05:00,128.34377240566317,128.9545531314731,122.32457886036784,123.2112045288086,112117500,0.0,0.0,237.40392951699792,233.98565673828125,25740000,88.97631857972549,88.5095443725586,28131200
2023-01-04 00:00:00-05:00,125.00416235162118,126.7478608503369,123.22106494631888,124.48204040527344,89113600,0.0,0.0,226.856119380338,223.75038146972656,50623400,89.73111687687052,87.47666931152344,34854800
2023-01-05 00:00:00-05:00,125.24059093401247,125.87107865122056,122.9058186898535,123.16194915771484,80962700,0.0,0.0,221.89471081098847,217.118896484375,39585600,86.87084008200145,85.60953521728516,27194400
2023-01-06 00:00:00-05:00,124.13724683818648,128.35362894146016,123.03388952483932,127.69358825683594,87754700,0.0,0.0,217.7927931270933,219.6777191162109,43613600,86.19550170469084,86.74172973632812,41381500
2023-01-09 00:00:00-05:00,128.53093430540028,131.4272419402479,127.95955255827974,128.21568298339844,70790800,0.0,0.0,221.1622513114738,221.8166046142578,27369800,87.75474345560666,87.41706848144531,29003900
2023-01-10 00:00:00-05:00,128.32406282244906,129.30920076375085,126.21586822934368,128.78707885742188,63896200,0.0,0.0,222.4416512068121,223.50621032714844,27033900,85.39105735353961,87.81433868408203,30467800
2023-01-11 00:00:00-05:00,129.29935853420528,131.52576493439358,128.52110615216108,131.50607299804688,69458900,0.0,0.0,225.8892181686805,230.26461791992188,28669300,88.56912924744373,90.89309692382812,26862000
2023-01-12 00:00:00-05:00,131.89027740511193,132.26461961526783,129.48653833184324,131.42726135253906,71379600,0.0,0.0,229.76654780758065,232.94065856933597,27269500,90.8533764264124,90.50576782226562,30258100
2023-01-13 00:00:00-05:00,130.0677495016975,132.9147972949888,129.70325330640753,132.75717163085938,57809700,0.0,0.0,231.46589026262427,233.6438140869141,21333300,90.22768590186172,91.4889907836914,26329200
2023-01-17 00:00:00-05:00,132.82614355724837,135.24957434953774,132.1365500404185,133.91964721679688,63646600,0.0,0.0,232.41324073937315,234.7376708984375,29831300,91.42939508883155,90.6646728515625,32602400
2023-01-18 00:00:00-05:00,134.7865730896908,136.54996329562516,133.0231678517452,133.20050048828125,69672800,0.0,0.0,235.9291745717664,230.3036651611328,30028700,91.50885177199906,90.49584197998048,29116700
2023-01-19 00:00:00-05:00,132.0873116107182,134.22505937639417,131.78192122019502,133.25962829589844,58280400,0.0,0.0,228.32105876899536,226.5142517089844,28623000,90.09858641353044,92.41262817382812,37000400
2023-01-20 00:00:00-05:00,133.26946486486585,135.9687483442848,132.22522101014553,135.8209686279297,80223600,0.0,0.0,229.37584660771927,234.61068725585935,35389800,94.44857523506278,97.34857177734376,63191100
2023-01-23 00:00:00-05:00,136.06723455139834,141.1899633789221,135.85050302260262,139.01280212402344,81760300,0.0,0.0,235.4701364255893,236.9155731201172,31934000,97.2790527522602,99.10645294189452,40005100
2023-01-24 00:00:00-05:00,138.22472018745663,141.03236969957698,138.21487421828232,140.41172790527344,66435100,0.0,0.0,236.83744881664003,236.38818359375,40234400,97.42803093472394,97.03076934814452,33078500
2023-01-25 00:00:00-05:00,138.7960782416761,140.3131839948148,136.7469896041819,139.7516632080078,65799300,0.0,0.0,229.00472733419517,234.99159240722656,66526600,94.91536534057045,94.56776428222656,42330000
2023-01-26 00:00:00-05:00,141.04218251884544,142.10613318815084,139.79105325512376,141.82044982910156,54105100,0.0,0.0,237.96062965186184,242.2090606689453,33454500,95.83898757649445,96.85199737548828,30114000
2023-01-27 00:00:00-05:00,141.03234821855804,145.04185173584784,140.95353538112576,143.76116943359375,70555800,0.0,0.0,243.1759467422718,242.3653259277344,26498900,96.6434366363265,98.6893310546875,33879800
2023-01-30 00:00:00-05:00,142.80558684927905,143.38681456291806,140.7269454208997,140.8747100830078,64015300,0.0,0.0,238.80054431424625,237.04258728027344,25867400,96.8122800793185,96.2759780883789,27226200
2023-01-31 00:00:00-05:00,140.57917270592753,142.19479823056315,140.1654165994733,142.14553833007812,65874500,0.0,0.0,237.765261353504,242.02345275878903,26541100,96.20645682604396,98.16295623779295,29870700
2023-02-01 00:00:00-05:00,141.83029241325443,144.43105564330162,139.21968321658196,143.26858520507812,77663600,0.0,0.0,242.209029774048,246.84811401367188,31259900,98.0338535340818,99.74207305908205,35531100
2023-02-02 00:00:00-05:00,146.68702845858084,148.9331416858034,145.96788199485025,148.57850646972656,118339000,0.0,0.0,252.77632563075437,258.4213562011719,39940400,105.0753001852966,107.00200653076172,69883800
2023-02-03 00:00:00-05:00,145.82996797468513,155.04101372137666,145.6329433931969,152.2038116455078,154357300,0.0,0.0,253.47959800298776,252.3173828125,29077300,102.22494486291488,104.06227111816406,65309300
2023-02-06 00:00:00-05:00,150.30250288074524,150.82462478693864,148.53909754834626,149.4749755859375,69858300,0.0,0.0,251.4285991046345,250.77423095703125,22518000,101.69857720610024,102.19515228271484,31999600
2023-02-07 00:00:00-05:00,148.40119485902974,152.92297488891165,148.40119485902974,152.35159301757812,83322600,0.0,0.0,254.44644293620124,261.3122863769531,50841400,102.51295768495852,106.90267944335938,49010200
2023-02-08 00:00:00-05:00,151.59301668652708,152.28261017293363,148.92328650742598,149.66213989257812,64120100,0.0,0.0,266.8206006287345,260.5016784667969,54686000,101.35097370371372,98.6893310546875,94743500
2023-02-09 00:00:00-05:00,151.49454806895722,152.0363770741855,148.18448318394462,148.62779235839844,56007100,0.0,0.0,267.4065458729489,257.4642639160156,42375100,99.31501673753093,94.35919952392578,119455000
2023-02-10 00:00:00-05:00,147.46352995054943,149.3184067990407,147.22673043469464,148.99281311035156,57450700,0.23,0.0,255.42310477455004,256.9564514160156,25818500,94.79618010978967,93.92221069335938,54980700
2023-02-13 00:00:00-05:00,148.9336202674222,152.19940317198714,148.90402220916044,151.79489135742188,62199000,0.0,0.0,261.3904046708747,264.9844665527344,44630900,94.0910437433125,93.9619369506836,50076100
2023-02-14 00:00:00-05:00,150.08797404321209,151.71594235255213,148.84481056104855,151.15354919433594,61707600,0.0,0.0,266.3030219967699,265.814697265625,37047900,93.78316845750275,94.03145599365234,54726100
2023-02-15 00:00:00-05:00,151.06476513520522,153.4228390365263,150.83784167870803,153.25511169433594,65573800,0.0,0.0,262.71093736345534,263.6900329589844,28922400,93.84275567149736,96.2759780883789,50169000
2023-02-16 00:00:00-05:00,151.45945880624,154.24179740593806,151.30160747506113,151.65679931640625,68167900,0.0,0.0,258.50076451207207,256.6698608398437,29603600,94.7167258913076,94.85576629638672,42462600
2023-02-17 00:00:00-05:00,150.314927401964,150.95623873407766,148.83496427712012,150.5122528076172,59144100,0.0,0.0,253.96760380179387,252.66539001464844,30000100,94.20028752420988,93.7037124633789,34284100
2023-02-21 00:00:00-05:00,148.19363813923312,149.27895045459564,146.42755543146694,146.49661254882812,58867200,0.0,0.0,249.16025274812105,247.3880920410156,28397400,92.36296567753288,91.1612548828125,33629300
2023-02-22 00:00:00-05:00,146.88139380804506,147.94696900428042,145.19424437189434,146.92086791992188,51011300,0.0,0.0,248.77837226249528,246.25230407714844,22491100,91.07186212673857,91.02220916748048,30884000
2023-02-23 00:00:00-05:00,148.08508220881998,148.33174268890195,145.2731617688621,147.404296875,48394200,0.0,0.0,250.21766227886485,249.44418334960935,29219100,91.2903613655164,90.26741790771484,41206400
2023-02-24 00:00:00-05:00,145.14491019093927,145.22384336023686,143.77347836618958,144.75025939941406,55469600,0.0,0.0,244.734713648484,244.0101776123047,24990900,88.82735191404939,88.51947021484375,36585100
2023-02-27 00:00:00-05:00,145.73689015780175,147.17737898488724,145.4803536136917,145.94407653808594,44998500,0.0,0.0,247.18248010394743,244.93055725097656,21190000,89.25440979003906,89.25440979003906,27502300
2023-02-28 00:00:00-05:00,145.085741426228,147.08862392793702,144.86867893348426,145.44093322753906,50547000,0.0,0.0,243.863319197075,244.20599365234372,22491000,88.7181046101625,89.44309997558594,30142000
2023-03-01 00:00:00-05:00,144.86867310742886,145.26332395747403,143.07297711330398,143.3689727783203,55479000,0.0,0.0,245.51797045383336,241.1218414306641,27565300,89.36365638021726,89.74105072021484,31111200
2023-03-02 00:00:00-05:00,142.4514066454644,144.7502847940671,141.97780754659183,143.96096801757812,52238100,0.0,0.0,241.3960138819759,245.86068725585935,24808200,89.0458443432277,91.36981201171876,32204400
2023-03-03 00:00:00-05:00,146.06250758539213,149.09150642636217,145.36200004016092,149.0125732421875,70732300,0.0,0.0,246.9180905750437,249.95327758789065,30760100,91.84653053055096,93.00851440429688,35160100
2023-03-06 00:00:00-05:00,151.7356876269036,154.21216902598104,151.41010897005816,151.77516174316406,87558000,0.0,0.0,251.06947021639408,251.50027465820312,24109800,93.3759733982114,94.4783706665039,32639300
2023-03-07 00:00:00-05:00,151.64689058754286,151.9724842932115,149.1112281718285,149.574951171875,56182000,0.0,0.0,250.94217713898317,248.83712768554688,21473200,94.32939468285896,93.2170639038086,27835500
2023-03-08 00:00:00-05:00,150.76880680073876,151.41999432910836,149.80190156632025,150.8280029296875,47204800,0.0,0.0,248.7294190422308,248.3965301513672,17340200,93.47529384441702,93.60440063476562,34103300
2023-03-09 00:00:00-05:00,151.5087739759212,152.47567911750554,148.2232536400137,148.5784454345703,53833600,0.0,0.0,250.47222930235247,247.0453948974609,26653400,93.40577517359714,91.6876220703125,28813500
2023-03-10 00:00:00-05:00,148.20350666672326,148.92375113671451,145.63823135434072,146.51634216308594,68572400,0.0,0.0,245.83129418074137,243.39334106445312,28333900,91.53864552759404,90.00919342041016,35941000
2023-03-13 00:00:00-04:00,145.83556564568843,151.09436981836478,145.72703441304543,148.4600372314453,84457100,0.0,0.0,242.22824622027488,248.6119537353516,33339700,89.472898681437,90.48591613769533,37335600
2023-03-14 00:00:00-04:00,149.25921331444258,151.35088971565344,148.09498288130473,150.5517120361328,73695900,0.0,0.0,251.38277879923007,255.3383331298828,33620300,91.92597905952276,93.32632446289062,36050200
2023-03-15 00:00:00-04:00,149.17042182051847,151.20290214198522,147.91738213550175,150.94638061523438,77167900,0.0,0.0,254.54531996903435,259.89117431640625,46028000,92.5814568700086,95.45166015625,50622100
2023-03-16 00:00:00-04:00,150.127461556798,154.3700254849667,149.6144034630521,153.76817321777344,76161100,0.0,0.0,259.665957162543,270.4262390136719,54768800,95.54103889104196,99.63282012939452,65492000
2023-03-17 00:00:00-04:00,153.99511025228628,154.64629769155513,152.21915135199143,152.92953491210938,98944600,0.0,0.0,272.4431589301929,273.58868408203125,69527400,99.57323488486855,100.92391967773438,61028500
2023-03-20 00:00:00-04:00,152.99859207349292,155.7118577491849,152.0908681263484,155.29745483398438,73641400,0.0,0.0,271.18988829736253,266.5391845703125,43466600,99.43420102629749,100.52666473388672,32960400
2023-03-21 00:00:00-04:00,155.21853377224946,157.2707359778321,154.44893912645242,157.15234375,73938300,0.0,0.0,269.1338043529948,268.0567932128906,34558700,100.55645006709534,104.20130920410156,42110300
2023-03-22 00:00:00-04:00,157.17212136652458,159.97418188471804,155.70201892005895,155.7217559814453,75701800,0.0,0.0,267.6846819650657,266.597900390625,34873300,103.55576297366062,102.66193389892578,43427400
2023-03-23 00:00:00-04:00,156.70836691747317,159.39203464017027,155.57371946683134,156.80702209472656,67622100,0.0,0.0,272.12982794030694,271.8556823730469,36610900,104.34034599156392,104.87664794921876,40797800
2023-03-24 00:00:00-04:00,156.73797352277555,158.1981996984371,155.74147036488569,158.10940551757812,59196500,0.0,0.0,271.44445936393123,274.7048645019531,28172000,104.27083604812334,104.71775817871094,30393300
2023-03-27 00:00:00-04:00,157.80352453027854,158.62243920020293,155.76116835559435,156.1656951904297,52390300,0.0,0.0,274.6362856404628,270.6024169921875,26840200,103.90336362277968,101.7581558227539,31120900
2023-03-28 00:00:00-04:00,155.85984584155918,156.3729039229444,153.8964227422894,155.5441131591797,45992200,0.0,0.0,270.02476204854537,269.4764709472656,21878600,101.7383046499017,100.33795928955078,32057900
2023-03-29 00:00:00-04:00,157.241143834068,158.8987103608656,157.22142183199622,158.62245178222656,51305700,0.0,0.0,273.12847169713626,274.6460876464844,25087000,101.57939865477051,100.69549560546876,28779600
2023-03-30 00:00:00-04:00,159.37229315696538,160.2997391161816,159.11577163727372,160.1912078857422,49501700,0.0,0.0,278.288350979598,278.1120910644531,25053400,100.21878081953102,100.19891357421876,33086200
2023-03-31 00:00:00-04:00,160.27014967971024,162.79595111857384,159.74723055627194,162.69728088378906,68749800,0.0,0.0,277.7988101339081,282.27325439453125,32766000,100.60611500458978,103.01947021484376,36863400
2023-04-03 00:00:00-04:00,162.07571848273926,164.06872488806627,162.0263833617239,163.95033264160156,56976200,0.0,0.0,280.5304066816727,281.2255859375,24883300,101.68864224254398,103.64514923095705,25035400
2023-04-04 00:00:00-04:00,164.37458557847015,164.61137005549932,162.90448337873613,163.41754150390625,46278300,0.0,0.0,281.2256084444779,281.1766357421875,25824300,103.6153575922124,104.002685546875,24420100
2023-04-05 00:00:00-04:00,162.53942989245922,162.84528654392068,159.63869962188485,161.572509765625,51511700,0.0,0.0,279.87447046132644,278.3960266113281,22064800,105.0554187673096,103.75439453125,28290500
2023-04-06 00:00:00-04:00,160.26024212498575,162.75646006875297,159.835993319716,162.46046447753906,45390100,0.0,0.0,277.28973525465466,285.5043640136719,29770300,104.53898710670686,107.67733764648438,48711500
2023-04-10 00:00:00-04:00,159.26379397330305,159.8656463623047,157.94169694007527,159.8656463623047,47716900,0.0,0.0,283.16422470598815,283.3404846191406,23103000,106.24720131772598,105.71089935302734,27067400
2023-04-11 00:00:00-04:00,160.18136751588224,160.1912285181147,158.3659344224378,158.65206909179688,47644200,0.0,0.0,279.77660574444366,276.9176330566406,27276600,105.82014926393512,104.62836456298828,26311800
2023-04-12 00:00:00-04:00,159.0664602524204,159.8952361057982,157.64569304379242,157.96142578125,50133100,0.0,0.0,278.83659319523866,277.5637512207031,27403400,105.84994678392115,103.92323303222656,24370300
2023-04-13 00:00:00-04:00,159.47096870837692,163.58526449148977,159.26376724154565,163.3484649658203,68445600,0.0,0.0,277.6616894967238,283.7810363769531,24222700,105.11500961516911,106.69412231445312,24843600
2023-04-14 00:00:00-04:00,162.39144539168964,164.09834733508953,161.6317416937249,163.003173828125,49386500,0.0,0.0,281.0004245840228,280.1584167480469,20987900,106.15781931069009,108.12425994873048,26578000
2023-04-17 00:00:00-04:00,162.8847436304976,163.1807392768596,161.83890539432053,163.0228729248047,41516200,0.0,0.0,283.86916963303577,282.7627868652344,23836200,103.94310106029504,105.24412536621094,37571200
2023-04-18 00:00:00-04:00,163.88128507276087,165.17378402192244,163.4372840126962,164.246337890625,49923000,0.0,0.0,285.4748530730522,282.3417358398437,20161800,105.76055392984836,103.78418731689452,26596400
2023-04-19 00:00:00-04:00,163.5852966627984,165.91377309743532,163.32876002913073,165.39085388183594,47720200,0.0,0.0,280.01150857079625,282.42010498046875,17150300,102.87049630184782,103.46638488769533,20905700
2023-04-20 00:00:00-04:00,163.87140244421354,165.6276243886042,163.3484832728481,164.42391967773438,52456400,0.0,0.0,279.2870204448904,280.1290283203125,23244400,103.19823452834044,104.56877899169922,27820800
2023-04-21 00:00:00-04:00,162.84527188495923,164.22656472043278,162.2927547507698,162.815673828125,58337300,0.0,0.0,279.05199435523303,279.78631591796875,21676400,104.74755197991318,104.6879653930664,25800100
2023-04-24 00:00:00-04:00,162.79594256316088,163.38793383083043,161.7007692564465,163.1215362548828,41949600,0.0,0.0,276.19304795792937,275.8797302246094,26611000,104.76740994777748,105.24412536621094,23542800
2023-04-25 00:00:00-04:00,162.98341218856248,164.08844653165775,161.54290808705858,161.58238220214844,48714100,0.0,0.0,273.6670652081368,269.6625671386719,45772200,105.10508198445908,103.13864135742188,46664100
2023-04-26 00:00:00-04:00,160.8818632857178,163.07221001839787,160.625341751742,161.572509765625,45498800,0.0,0.0,290.4976789797235,289.1954650878906,64599200,104.20130635010432,102.99959564208984,53347600
2023-04-27 00:00:00-04:00,162.98344154461137,166.30842122903613,162.98344154461137,166.16043090820312,64902300,0.0,0.0,289.7829594762134,298.4577331542969,46462600,103.73452148035896,106.85301208496094,50089200
2023-04-28 00:00:00-04:00,166.23931504498196,167.58114875947356,165.63746282624027,167.4134063720703,55275900,0.0,0.0,297.6548232687838,300.8368835449219,36469600,106.30679582140084,106.604736328125,36139800
2023-05-01 00:00:00-04:00,167.01875886308397,168.17312821243692,166.38730857655852,167.32461547851562,52472900,0.0,0.0,300.5530139001896,299.1724853515625,21294100,106.1081635645774,106.4656982421875,26681700
2023-05-02 00:00:00-04:00,167.8179333575238,168.07446991146244,165.30199325866425,166.28863525390625,48425700,0.0,0.0,301.32648498759136,299.0256042480469,26404400,106.4061047175776,104.59857177734376,30997200
2023-05-03 00:00:00-04:00,167.23583030731814,168.6368602354505,164.9270914844083,165.2132110595703,65136000,0.0,0.0,300.21027546467184,298.03668212890625,22360800,104.80713856675996,104.6879653930664,21795400
2023-05-04 00:00:00-04:00,162.68742177323023,164.8086963510818,162.11516752574818,163.5753936767578,81235400,0.0,0.0,299.838240485608,299.0256042480469,22519900,104.76740065591308,103.97288513183594,23419500
2023-05-05 00:00:00-04:00,168.6960805994559,171.97173995816638,168.47901810918157,171.25149536132812,113453200,0.0,0.0,299.32910233190466,304.1560363769531,28197100,104.10200016796126,104.84686279296876,26639300
2023-05-08 00:00:00-04:00,170.17603958076435,171.52774960942492,169.81098679048802,171.1824188232422,55962800,0.0,0.0,303.6469483411657,302.1978759765625,21318600,104.45952890885576,107.0317840576172,26511400
2023-05-09 00:00:00-04:00,170.73841026688106,171.22185523763014,169.30778230115573,169.4755096435547,45326900,0.0,0.0,301.5614319841714,300.58233642578125,21340800,107.64753918803392,106.61466217041016,36360100
2023-05-10 00:00:00-04:00,170.70882753380215,171.70533067690712,169.60377809797177,171.24160766601562,53724500,0.0,0.0,302.1684462755373,305.78131103515625,30078000,107.2304212898766,110.98452758789062,63153400
2023-05-11 00:00:00-04:00,171.527716852344,172.2578222934666,169.8701504721675,171.42904663085938,49514700,0.0,0.0,303.61754869817486,303.6273193359375,31680200,114.60953101340723,115.77151489257812,78900000
2023-05-12 00:00:00-04:00,171.5377460938216,171.97247152405595,168.94917294661113,170.50035095214844,45533100,0.24,0.0,304.058158011807,302.5111999511719,19774700,115.880769244237,116.70508575439452,41102300
2023-05-15 00:00:00-04:00,171.0832715155854,171.13267487374878,169.4135375098661,170.00634765625,37266700,0.0,0.0,302.6384456998606,302.99090576171875,16336500,115.31466773479636,115.71192932128906,36266800
2023-05-16 00:00:00-04:00,169.92730529834623,171.0635071571624,169.73958158279842,170.00634765625,42110300,0.0,0.0,303.35312967414006,305.22320556640625,26730300,115.69205805683868,118.69137573242188,45035600
2023-05-17 00:00:00-04:00,169.65066921503973,170.85602374756016,168.37613188825594,170.61891174316406,57951600,0.0,0.0,306.4301577933981,308.1080627441406,24315000,118.79069754797295,120.01226806640624,33323600
2023-05-18 00:00:00-04:00,170.92517510124802,173.13831574371522,170.51021405749552,172.95059204101562,65496700,0.0,0.0,308.62809167291,312.543212890625,27276000,120.12150510967228,121.98863220214844,35234200
2023-05-19 00:00:00-04:00,174.27452457823847,174.27452457823847,172.84191768629904,173.0592803955078,55809500,0.0,0.0,310.7966243634161,312.3666076660156,27546700,122.7037103565703,121.91912078857422,41353400
2023-05-22 00:00:00-04:00,171.89343134950482,172.61468722054929,171.3697889134683,172.1107940673828,43570900,0.0,0.0,312.62177529023154,315.1533508300781,24115700,122.0978731372896,124.19342041015624,35253000
2023-05-23 00:00:00-04:00,171.05361929309908,171.300620989034,169.22580071286586,169.50244140625,50747300,0.0,0.0,314.02496753538287,309.344482421875,30797200,123.3095281992432,121.7204818725586,34046300
2023-05-24 00:00:00-04:00,169.03807815911904,170.35212899950594,168.4749221279745,169.77908325195312,45143500,0.0,0.0,308.8244300073926,307.9609375,23384900,120.29034788119394,120.07185363769533,34182600
2023-05-25 00:00:00-04:00,170.34228313513364,171.81440385308167,169.6309169197775,170.9153289794922,56058300,0.0,0.0,317.17470817825347,319.804443359375,43301700,123.66705529543532,122.63418579101562,42317000
2023-05-26 00:00:00-04:00,171.24133948884744,173.66195304430255,171.03385143516303,173.32601928710938,54835000,0.0,0.0,317.9399988951654,326.6435852050781,36630600,122.32630058666038,123.75643920898438,35635900
2023-05-30 00:00:00-04:00,174.8376957969301,176.84334846181008,174.45237373510062,175.17361450195312,55964400,0.0,0.0,328.939735353525,324.9951477050781,29503100,124.7793829644057,122.8228759765625,35076700
2023-05-31 00:00:00-04:00,175.20324889662425,177.19902686801004,174.64007778024913,175.12420654296875,99625300,0.0,0.0,326.0549025994876,322.22808837890625,45950600,121.90917009488528,122.02835083007812,37325800
2023-06-01 00:00:00-04:00,175.56877944546235,177.9597537396585,174.8080101004683,177.93011474609375,68901800,0.0,0.0,319.81423378408647,326.3394470214844,26773900,121.97869907015976,122.8725357055664,30772700
2023-06-02 00:00:00-04:00,178.8588732872537,179.5998784017098,177.1100969959167,178.7798309326172,61996900,0.0,0.0,327.9780910808691,329.10650634765625,25873800,123.14067480159812,123.8160171508789,26980100
2023-06-05 00:00:00-04:00,180.4397244340229,182.73189284985287,175.90476081626858,177.42630004882812,121946500,0.0,0.0,328.9298920270993,329.6363830566406,21307100,123.16055031668364,125.1468505859375,32305500
2023-06-06 00:00:00-04:00,177.81157917901706,177.95977416384898,175.30203354675976,177.06069946289062,64848400,0.0,0.0,329.0378566628356,327.4188232421875,20396200,125.14685941446244,126.43795013427734,26638300
2023-06-07 00:00:00-04:00,176.29993732672585,179.03672040758232,175.19337452542106,175.6873779296875,61944600,0.0,0.0,325.42688293374783,317.31207275390625,40717100,126.10027879089004,121.66089630126952,52539000
2023-06-08 00:00:00-04:00,175.76641213704826,178.67115468077665,175.3317017878174,178.40440368652344,50214900,0.0,0.0,317.8615607379673,319.15679931640625,23277700,121.39275507491422,121.3033676147461,29389200
2023-06-09 00:00:00-04:00,179.3232356709596,180.04447641965535,178.46367457216073,178.7897186279297,48900000,0.0,0.0,318.8918688562613,320.6581115722656,22529000,121.41259801006572,121.39273834228516,23778300
2023-06-12 00:00:00-04:00,179.09600328256303,181.68457636718009,178.7995982167716,181.5857696533203,54274900,0.0,0.0,322.41450809645136,325.6231689453125,24260300,121.94890708399345,122.79308319091795,28306400
2023-06-13 00:00:00-04:00,180.6076484418825,181.94144859403625,180.2519653861507,181.1115264892578,54929100,0.0,0.0,328.19397978099306,328.0173645019531,22951300,124.1239051576865,122.98178100585938,22278300
2023-06-14 00:00:00-04:00,181.17082015656317,182.17859141427,179.8370198890403,181.74386596679688,57462900,0.0,0.0,328.0664239854366,331.0101318359375,26003800,122.25678069993415,122.8228759765625,30592300
2023-06-15 00:00:00-04:00,181.7537423543279,184.2830374169013,181.57589328622848,183.77914428710935,65433200,0.0,0.0,331.1474868081879,341.5682067871094,38899100,122.2964994259107,124.23313903808594,35246300
2023-06-16 00:00:00-04:00,184.4904993080967,184.7473907159192,182.0600111046737,182.70220947265625,101256200,0.0,0.0,344.7278258132524,335.906494140625,46552000,125.06738423166338,122.68382263183594,45535600
2023-06-20 00:00:00-04:00,182.1983730630018,183.8681072920673,182.1983730630018,182.79116821289065,49799100,0.0,0.0,332.943123305957,331.7067565917969,26375400,122.08794882394656,122.25678253173828,26097500
2023-06-21 00:00:00-04:00,182.68246747271863,183.18636063386023,180.40017397466636,181.75375366210935,49515700,0.0,0.0,330.0582649391525,327.3009948730469,25117800,121.56158475873276,119.72425842285156,30306300
2023-06-22 00:00:00-04:00,181.53636658960147,184.8066665365007,181.4671988803744,184.75726318359372,51245300,0.0,0.0,327.85052734982696,333.33563232421875,23556800,119.1780103443809,122.30643463134766,26952200
2023-06-23 00:00:00-04:00,183.32467881492,185.3105672079408,182.7911466595608,184.4411163330078,53117000,0.0,0.0,328.0859928290581,328.7336120605469,23146900,120.54856799361532,121.50199127197266,34913600
2023-06-26 00:00:00-04:00,184.58932295318664,185.7946925251213,183.0085059512365,183.04803466796875,48088700,0.0,0.0,327.4580044139379,322.43408203125,21520600,119.9328098317089,117.52938079833984,33969900
2023-06-27 00:00:00-04:00,183.6606074612621,186.13062478419891,183.4432447307805,185.80458068847656,50730800,0.0,0.0,325.6329130408029,328.2920837402344,24354100,116.27802486079214,117.51946258544922,39535900
2023-06-28 00:00:00-04:00,185.6761245932701,187.62249934110088,185.350095591546,186.9803009033203,51216800,0.0,0.0,328.3804225415333,329.548095703125,20259500,116.28795064666332,119.3567886352539,27091400
2023-06-29 00:00:00-04:00,186.8123298388604,187.79046201011187,186.67400948819943,187.3162078857422,46347300,0.0,0.0,328.4294449258427,328.7630615234375,16997000,118.42322773873823,118.28418731689452,24090900
2023-06-30 00:00:00-04:00,189.33175958026345,192.14757008838143,188.96618679019105,191.6436920166016,85213200,0.0,0.0,331.412428873496,334.15008544921875,26832800,119.3468553444313,118.88007354736328,29532200
2023-07-03 00:00:00-04:00,191.45594020037944,191.5547469022835,189.4601624130482,190.1517791748047,31458200,0.0,0.0,332.8254444079519,331.64794921875,12508700,118.42321450872616,119.07869720458984,14467900
2023-07-05 00:00:00-04:00,189.2724664103648,190.66554451499093,188.33384790710164,189.03533935546875,46920300,0.0,0.0,328.8022915360956,331.80487060546875,18172400,118.42322188319096,120.91603088378906,27584800
2023-07-06 00:00:00-04:00,187.56322301313529,189.71708585705596,186.93089921117289,189.5095977783203,45094300,0.0,0.0,330.9708256570031,334.8663330078125,28161200,118.97938023952536,119.2872543334961,24745200
2023-07-07 00:00:00-04:00,189.11436793531536,190.35925096234297,187.9584018939785,188.3931121826172,46815000,0.0,0.0,332.953027253258,330.8924255371094,21214800,119.27733118880712,118.66158294677734,21709500
2023-07-10 00:00:00-04:00,186.9901751208951,187.7114309918433,184.796798659538,186.3479766845703,59922200,0.0,0.0,328.3215584005841,325.603515625,32791400,117.4896622756818,115.65232849121094,35315200
2023-07-11 00:00:00-04:00,186.89135939582036,187.02967973701,184.3620645421884,185.8243103027344,46638100,0.0,0.0,324.84786894757605,326.2314147949219,26698200,115.49342464859208,116.3376007080078,23078800
2023-07-12 00:00:00-04:00,187.40513225686783,189.4009103170613,186.20965240962747,187.4940643310547,60750200,0.0,0.0,330.2840246615467,330.8727722167969,29995300,117.9862420229038,118.11534881591795,30404400
2023-07-13 00:00:00-04:00,188.21527762484376,188.89700466458703,187.50391158996257,188.2547912597656,41342300,0.0,0.0,333.18844846906484,336.23028564453125,20567200,120.10165493888594,123.68692779541016,44297900
2023-07-14 00:00:00-04:00,187.94854060692288,188.88714410801785,187.35574553686783,188.4030303955078,41616200,0.0,0.0,341.06778168374007,338.7618713378906,28352700,123.9451495447948,124.56089782714844,33283100
2023-07-17 00:00:00-04:00,189.5985214914688,191.98951149918832,189.50960448705808,191.66346740722656,50520200,0.0,0.0,339.193596022569,339.24267578125,20363900,125.07733004581448,123.7961654663086,25716200
2023-07-18 00:00:00-04:00,191.0311076104692,191.9993499863452,190.11225351055063,191.4065399169922,48288200,0.0,0.0,339.34079062698265,352.7444763183594,64738600,123.7465044333863,122.91226196289062,26193600
2023-07-19 00:00:00-04:00,190.7841182449009,195.85258285437448,190.3395031262878,192.7601318359375,80507300,0.0,0.0,354.96209307208494,348.417236328125,39732900,123.74650254253834,121.19410705566406,37224000
2023-07-20 00:00:00-04:00,192.7502514500073,194.1137057180757,190.1913173439326,190.8137664794922,59581200,0.0,0.0,346.9355591197213,340.3612670898437,33778400,120.58829377086548,118.3834991455078,37906800
2023-07-21 00:00:00-04:00,191.77214478083425,192.63170595716372,188.93655473427472,189.63804626464844,71951700,0.0,0.0,342.59854299009623,337.3194885253906,69405400,119.79376445227324,119.19786834716795,72937900
2023-07-24 00:00:00-04:00,191.09039681521517,192.57240699977407,189.94430532096732,190.4383087158203,45377800,0.0,0.0,339.36047337459183,338.63433837890625,26678100,120.8266470185418,120.6975326538086,29686100
2023-07-25 00:00:00-04:00,191.01138196195055,192.1080702594407,190.60629550166385,191.2978973388672,37283200,0.0,0.0,340.59678737512286,344.3941955566406,41637700,120.52870291550938,121.37287902832033,52509600
2023-07-26 00:00:00-04:00,191.34726521155525,193.2936397125564,191.00147189498236,192.1673126220703,47471900,0.0,0.0,335.03324796096075,331.4320983886719,58383700,129.1790446188331,128.384521484375,61682100
2023-07-27 00:00:00-04:00,193.6691015614277,194.8349423755621,190.24071668140024,190.90267944335935,47460200,0.0,0.0,334.0912153820297,324.51434326171875,39635300,130.76808123057597,128.5136260986328,44952100
2023-07-28 00:00:00-04:00,192.3352927070371,194.2717927767204,191.8116502798051,193.48138427734372,48291400,0.0,0.0,327.40896167261354,332.020751953125,28484900,129.8841862905285,131.67185974121094,36591200
2023-07-31 00:00:00-04:00,193.70859582748605,194.1334465580661,192.9181874334056,194.0939178466797,38824100,0.0,0.0,330.59799610493667,329.61676025390625,25446000,131.82080861382926,131.81088256835938,28055500
2023-08-01 00:00:00-04:00,193.88645666636083,194.37057034188453,192.93796352063416,193.26400756835935,35175100,0.0,0.0,328.9004543649791,330.02886962890625,18311900,129.884165463508,130.64889526367188,23166800
2023-08-02 00:00:00-04:00,192.7008590133255,192.83917937620112,189.54912966810335,190.27037048339844,50389300,0.0,0.0,327.3697478835023,321.3547668457031,27761300,128.5632807351884,127.50061798095705,26273300
2023-08-03 00:00:00-04:00,189.27247006657564,190.0628634465897,188.4030192576153,188.87725830078125,61235200,0.0,0.0,319.88292875697346,320.5305480957031,18253700,127.09341398106744,127.57012176513672,20089500
2023-08-04 00:00:00-04:00,183.29500493096032,185.13269797319032,179.7381748247779,179.80734252929688,115956800,0.0,0.0,325.65258996189004,321.6295166015625,23741500,128.39445152048964,127.2324676513672,26147200
2023-08-07 00:00:00-04:00,179.94567809387448,180.9336848652445,175.2230069327887,176.70501708984375,97576100,0.0,0.0,322.20840022870215,323.9157409667969,17741500,128.2752674889027,130.6290283203125,22746300
2023-08-08 00:00:00-04:00,177.5349496271552,178.10799539743132,175.45025461361834,177.6436309814453,67823000,0.0,0.0,320.82490464522823,319.9319763183594,22327600,129.72525263284138,130.49990844726562,23535200
2023-08-09 00:00:00-04:00,178.70079919463467,178.76007719518685,174.88709204262926,176.05294799804688,60378500,0.0,0.0,320.3440854180899,316.18365478515625,22373300,130.75815086279874,128.7718505859375,24912900
2023-08-10 00:00:00-04:00,177.3274561288203,178.58222898523437,175.47001359754938,175.8355712890625,54686900,0.0,0.0,319.9025601772297,316.8705444335937,20113700,130.42047521494374,128.8016357421875,20857800
2023-08-11 00:00:00-04:00,175.4299516016464,176.71608281179377,174.6681548123879,175.89492797851562,52036700,0.24,0.0,314.25064527888804,314.986572265625,24355500,127.77868690101997,128.67251586914062,19591100
2023-08-14 00:00:00-04:00,176.07301094207762,177.7746785921086,175.42004228880285,177.54713439941406,43675600,0.0,0.0,315.35938689096906,317.95965576171875,18836100,128.5036910412777,130.43040466308594,24695600
2023-08-15 00:00:00-04:00,176.9733287591711,177.56692432110015,175.1628328578025,175.55856323242188,43622600,0.0,0.0,316.9392105100473,315.8205871582031,16966300,130.20200257868774,128.8910369873047,19770700
2023-08-16 00:00:00-04:00,175.24198634047178,176.63694575843348,174.61869664349865,174.68795776367188,46964900,0.0,0.0,315.44693875811095,315.0536193847656,20698900,127.81842041015624,127.81842041015624,25216100
2023-08-17 00:00:00-04:00,175.25185467548476,175.6179059949575,171.6308631878828,172.14532470703125,66062900,0.0,0.0,315.1913076048041,311.5923767089844,21257200,128.91088665122683,129.03005981445312,33446300
2023-08-18 00:00:00-04:00,170.46348268413263,173.23364091556027,170.12711031715548,172.63014221191406,61172200,0.0,0.0,309.24222157279775,311.19903564453125,24755000,127.62972484003718,126.58692169189452,30504800
2023-08-21 00:00:00-04:00,173.2039318191006,174.2526308376999,171.88810651020768,173.96571350097656,46311900,0.0,0.0,312.6249017619795,316.5090026855469,24040000,126.30882582321787,127.49066925048828,25248700
2023-08-22 00:00:00-04:00,175.17272569654477,175.78611232307705,174.3713618531986,175.34091186523438,42038900,0.0,0.0,320.06850470582657,317.0792236328125,16084600,127.62971321202188,128.19581604003906,22054900
2023-08-23 00:00:00-04:00,176.6171452729967,179.61484705303545,176.42916808280543,179.18942260742188,52722800,0.0,0.0,318.4165278621223,321.54345703125,21166400,129.28827098070656,131.46327209472656,27819700
2023-08-24 00:00:00-04:00,178.74423570753817,179.16966018527063,174.13390304899033,174.49996948242188,54945800,0.0,0.0,327.2959435690594,314.630859375,23281400,133.03247167127745,128.8910369873047,28500700
2023-08-25 00:00:00-04:00,175.4893219988908,177.2404448053197,173.9459523611551,176.70620727539062,51449600,0.0,0.0,316.1057936940379,317.5906066894531,21684100,128.6526586317479,128.99034118652344,26762900
2023-08-28 00:00:00-04:00,178.17042326142217,178.66509377862053,176.6468447107556,178.2693634033203,43820700,0.0,0.0,320.2258392914253,318.2985534667969,14808500,130.410527384116,130.11257934570312,20543300
2023-08-29 00:00:00-04:00,177.78457014737916,182.9291401969668,177.58670497165372,182.15745544433597,53003900,0.0,0.0,316.5089267598385,322.9299621582031,19284600,131.33418219305656,133.64822387695312,43075600
2023-08-30 00:00:00-04:00,182.96870544998345,185.8476910446741,182.7708402924688,185.6498107910156,60813900,0.0,0.0,323.1855960723184,323.3035888671875,15222100,133.85676288912396,134.94923400878906,28315800
2023-08-31 00:00:00-04:00,185.83782890921285,187.10418431162185,185.4816655087761,185.8675079345703,60794500,0.0,0.0,323.70683696860954,322.2908630371094,26411000,135.0783512444633,135.2372589111328,30053800
2023-09-01 00:00:00-04:00,187.4702460412081,187.8956554579994,186.27313669620688,187.4405670166016,45766500,0.0,0.0,325.78161725017856,323.17584228515625,14942000,136.51843204322375,134.7307586669922,21543700
2023-09-05 00:00:00-04:00,186.27310100874212,187.9549774975224,185.61024442594643,187.67796325683597,45280000,0.0,0.0,323.51012766421536,327.98419189453125,18553900,134.5122549790437,134.83999633789062,19403100
2023-09-06 00:00:00-04:00,186.39182984634903,186.83704535292617,179.5357042757167,180.9603576660156,81755800,0.0,0.0,327.81703513152416,327.32537841796875,17535800,135.0882981356743,133.5389862060547,18684500
2023-09-07 00:00:00-04:00,173.31276751432003,176.3104849506932,171.69024870609164,175.6674041748047,112488800,0.0,0.0,325.76188443553343,324.4049072265625,18381000,132.67492193999442,134.33348083496094,18844300
2023-09-08 00:00:00-04:00,176.4489782367689,178.3188321743013,175.89493458078306,176.28077697753906,65551300,0.0,0.0,324.5819262572276,328.6921691894531,19530100,133.98589926905944,135.44583129882812,23558300
2023-09-11 00:00:00-04:00,178.15063513987275,178.37817933531872,175.44972343125323,177.4481964111328,58953100,0.0,0.0,331.6126329067601,332.30096435546875,16583300,135.6046995764689,135.9821014404297,20763400
2023-09-12 00:00:00-04:00,177.57680682896927,178.20998441272386,172.95658655286022,174.42080688476562,90370200,0.0,0.0,330.2162623454097,326.2338256835937,17565500,135.32662963976946,134.41293334960938,18405500
2023-09-13 00:00:00-04:00,174.6285604188278,175.41014819975618,172.12552909799857,172.35308837890625,84267900,0.0,0.0,325.7815623439832,330.4523010253906,16544400,134.1646460710429,135.7735595703125,20749500
2023-09-14 00:00:00-04:00,172.14534712441645,174.2229694212733,171.72982568427443,173.86680603027344,60895800,0.0,0.0,333.4907212996785,333.0482482910156,20267000,136.65744721261478,137.15402221679688,24751000
2023-09-15 00:00:00-04:00,174.5989096220804,174.61870067060727,171.96727382158934,173.1445770263672,109259500,0.0,0.0,331.29795899971333,324.7097473144531,37679800,137.03483007677767,136.45880126953125,38919600
2023-09-18 00:00:00-04:00,174.59888982853914,177.46798769380123,174.2921965438023,176.07301330566406,67257600,0.0,0.0,322.3301073607741,323.569091796875,16834200,135.6742440861328,137.26329040527344,21861300
2023-09-19 00:00:00-04:00,175.62781908525017,177.71532920549458,175.24197669791334,177.1613006591797,51826900,0.0,0.0,320.72726561315443,323.1658630371094,16505900,136.4786884171114,137.0944366455078,20353700
2023-09-20 00:00:00-04:00,177.34928142287384,177.78459392537832,173.53042414564908,173.61947631835938,58436200,0.0,0.0,324.01159870782635,315.4174194335937,21436500,137.1341818172231,132.82391357421875,29927500
2023-09-21 00:00:00-04:00,172.6894667209782,174.42081339229338,172.00681904661934,172.07606506347656,63149100,0.0,0.0,313.93260581832857,314.1980895996094,35560400,130.53965894518316,129.5465087890625,31503900
2023-09-22 00:00:00-04:00,172.80822480527712,175.19254070949162,172.1948380948388,172.92694091796875,56725400,0.0,0.0,315.9582935275562,311.72021484375,21447900,129.86428913269586,129.3577880859375,26397300
2023-09-25 00:00:00-04:00,172.34318970903263,175.08366835534056,172.2937196425223,174.20315551757812,46172700,0.0,0.0,311.3071733116646,312.2413330078125,17836000,128.94068310930032,130.2119140625,20094600
2023-09-26 00:00:00-04:00,172.95657538348075,173.33251464271248,169.8302546610243,170.12705993652344,64588900,0.0,0.0,309.87158577781963,306.9314880371094,26297600,128.88109288658347,127.68931579589844,25718700
2023-09-27 00:00:00-04:00,170.7800628332761,171.19558430072632,167.24812281187548,168.6134033203125,66921800,0.0,0.0,307.08874321728234,307.5705871582031,19410100,127.6893361771831,129.6458282470703,22746500
2023-09-28 00:00:00-04:00,167.53498917707262,170.19631868961176,165.83332157268651,168.87060546875,56294400,0.0,0.0,305.8005680361721,308.4063720703125,19683600,128.9506045787111,131.4036865234375,22513100
2023-09-29 00:00:00-04:00,170.18644988639232,171.2252609973693,168.5243490895999,169.3850860595703,51861100,0.0,0.0,312.4478279409763,310.481201171875,24147300,132.36706001789275,129.96363830566406,30859800
2023-10-02 00:00:00-04:00,169.39496352748424,172.4421355524603,169.10804618991,171.8979949951172,52164500,0.0,0.0,311.0023277139253,316.4302062988281,20570000,130.31124518071243,133.25096130371094,22288000
2023-10-03 00:00:00-04:00,170.42388604353025,171.77929356494764,168.9992475938596,170.56239318847656,49594600,0.0,0.0,315.47643841498,308.1606140136719,21033500,133.0225394165618,131.5228729248047,22989400
2023-10-04 00:00:00-04:00,169.26636140324675,172.35311583182798,169.14764530465982,171.80897521972656,53020300,0.0,0.0,308.7899364537143,313.6376647949219,20720100,131.880399206417,134.31362915039062,26752300
2023-10-05 00:00:00-04:00,171.93756684563112,173.57987653919332,170.83939772477277,173.04563903808594,48527900,0.0,0.0,313.7654610161512,314.03094482421875,16965600,134.14479064941406,134.14479064941406,19832600
2023-10-06 00:00:00-04:00,171.947458780219,176.09279974358,171.33405713065292,175.59812927246094,57266700,0.0,0.0,311.26779630289883,321.7991027832031,25673600,133.0920354756824,136.63758850097656,27597600
2023-10-09 00:00:00-04:00,174.9253669894116,177.1414961017949,173.92613808717138,177.08213806152344,42390800,0.0,0.0,319.33100051797163,324.31640625,19891200,136.00198949560956,137.4718475341797,19278100
2023-10-10 00:00:00-04:00,176.20165363527434,177.80438136546655,176.0532434145344,176.48855590820312,43698000,0.0,0.0,325.4374015243932,322.9103088378906,20557100,137.55129206777264,137.1143035888672,27786600
2023-10-11 00:00:00-04:00,176.30057789253502,177.9329997364432,175.7069823006886,177.88352966308594,47551100,0.0,0.0,325.6831856730943,326.8730163574219,20063200,137.63077293396748,139.5872802734375,25884300
2023-10-12 00:00:00-04:00,178.1506358590928,180.39642899359671,177.13160077070958,178.7838134765625,56743100,0.0,0.0,325.05388196216046,325.634033203125,19313100,140.08383585702484,138.01808166503906,24765500
2023-10-13 00:00:00-04:00,179.48624788964275,179.9908063804386,176.24121051823693,176.9436492919922,51427100,0.0,0.0,326.8337234807313,322.2613220214844,21072400,138.42528082227236,136.4191131591797,23420500
2023-10-16 00:00:00-04:00,174.86601479996662,177.17118104988546,174.6285675347915,176.8150177001953,52517000,0.0,0.0,325.52583051903275,327.0893249511719,22158000,137.22353364056477,138.1471710205078,28501900
2023-10-17 00:00:00-04:00,174.7670787756051,176.51821654411026,172.93680701299223,175.26174926757812,57549400,0.0,0.0,324.0902273964624,326.5190124511719,18338500,137.6804245719955,138.76295471191406,23515800
2023-10-18 00:00:00-04:00,173.70849028197048,175.68717223288098,173.2434988158149,173.96571350097656,54764400,0.0,0.0,326.94182238673613,324.6015319824219,23153600,138.49476796952968,137.01498413085938,23375000
2023-10-19 00:00:00-04:00,174.16355660570562,175.94437315507756,173.322625940824,173.58975219726562,59302900,0.0,0.0,326.60754929555145,325.7914123535156,25052100,137.55130492277888,136.8064422607422,26066000
2023-10-20 00:00:00-04:00,173.4413376633683,173.55016575799414,170.7997994714244,171.03724670410156,64244000,0.0,0.0,326.1847456816056,321.2190246582031,25027700,136.38930324394852,134.67115783691406,26335700
2023-10-23 00:00:00-04:00,169.08828663709707,172.15523490983713,168.1187215150264,171.156005859375,55980100,0.0,0.0,320.0390357293436,323.8247985839844,24374700,134.11499648001524,135.56500244140625,26317900
2023-10-24 00:00:00-04:00,171.20543575158294,171.818822242944,169.6224843657014,171.59127807617188,43816600,0.0,0.0,325.77172794180206,325.0145874023437,31153600,136.88589368436072,137.8591766357422,44814300
2023-10-25 00:00:00-04:00,170.04792986204652,171.21534495437086,168.83102960610762,169.2762451171875,57157000,0.0,0.0,339.2628021799774,334.98541259765625,55053800,127.28212386646624,124.74958801269533,84366200
2023-10-26 00:00:00-04:00,168.554001286647,169.55324523930184,163.90410215906684,165.11109924316406,70625300,0.0,0.0,334.8575167574631,322.4186096191406,37828500,122.42562997194932,121.44241333007812,57061100
2023-10-27 00:00:00-04:00,165.13090664912622,167.1590586780216,165.05175755916278,166.42694091796875,58499100,0.0,0.0,324.91622907683893,324.3065795898437,29856500,122.03828847268004,121.3331527709961,44566500
2023-10-30 00:00:00-04:00,167.21841659954197,169.34549366723184,167.0700063949142,168.47486877441406,51131000,0.0,0.0,327.846541065036,331.68145751953125,22828100,122.36602995491228,123.6074676513672,28940100
2023-10-31 00:00:00-04:00,167.54490564738762,169.07837213199355,166.1103491096919,168.94976806640625,44846000,0.0,0.0,333.1957815178894,332.4681091308594,20265300,124.2033549220586,123.23007202148438,26292300
2023-11-01 00:00:00-04:00,169.1773025316942,172.37286957481675,168.30667766450742,172.1156463623047,56934900,0.0,0.0,334.12011087039247,340.2953186035156,28158800,123.22013718892472,125.58383178710938,30082400
2023-11-02 00:00:00-04:00,173.64912468069178,175.88502975328987,173.5897666401313,175.67727661132812,77334800,0.0,0.0,341.4457865467099,342.5077819824219,24348100,127.5403521341741,126.6167221069336,27124600
2023-11-03 00:00:00-04:00,172.3827893945109,174.93529110628108,171.5022764668811,174.76708984375,79829200,0.0,0.0,343.7959073621998,346.9129943847656,23637700,127.1430941962939,128.2156982421875,26393100
2023-11-06 00:00:00-05:00,174.49999736781203,177.51747580704054,174.33181118336782,177.31961059570312,63841300,0.0,0.0,347.5521572342444,350.58074951171875,23828300,128.16601111139252,129.3577880859375,19052700
2023-11-07 00:00:00-05:00,177.27009874628624,180.4953598060514,177.06234560698942,179.88197326660156,70530000,0.0,0.0,353.40285853517474,354.5140075683594,25833900,129.81464716535797,130.07286071777344,29757300
2023-11-08 00:00:00-05:00,180.4063447558776,181.4946108426327,179.65443590363796,180.94058227539065,49340300,0.0,0.0,355.6448096480016,357.13946533203125,26767800,130.07285401571562,130.9368896484375,26425800
2023-11-09 00:00:00-05:00,181.00982351508927,182.15744752284812,179.87207238589124,180.46568298339844,53763500,0.0,0.0,356.25438460418644,354.6712646484375,24847300,131.0561046568559,129.34788513183594,23747800
2023-11-10 00:00:00-05:00,182.2488540012565,184.8245355233408,181.81296804065445,184.65611267089844,66133400,0.24,0.0,355.45796855398606,363.5014953613281,28042100,129.2088437191894,131.68177795410156,26913300
2023-11-13 00:00:00-05:00,184.0815368898242,184.2895637344097,182.48659891185952,183.07107543945312,43627500,0.0,0.0,362.0756513284613,360.5613403320313,19986500,130.8773218098438,131.18519592285156,18324800
2023-11-14 00:00:00-05:00,185.94394820695572,186.35011603301567,184.55705211313364,185.68638610839844,60108400,0.0,0.0,364.8191029634498,364.0914306640625,27683900,133.27083007070482,132.70472717285156,32395200
2023-11-15 00:00:00-05:00,186.09254599086609,187.72710311138576,186.0231936311185,186.25103759765625,53790500,0.0,0.0,365.8255911591098,364.2392578125,26860100,133.94616352823743,133.6978759765625,23861500
2023-11-16 00:00:00-05:00,187.79647578680803,189.173470968727,186.88506958999568,187.93516540527344,54412900,0.0,0.0,365.51028582126,370.6437683105469,27182300,134.26397851452822,135.99205017089844,28013200
2023-11-17 00:00:00-05:00,188.47008739636428,188.59887599886423,186.805812145748,187.9153289794922,50922700,0.0,0.0,368.12133741912425,364.4165954589844,40157000,135.06842424103002,134.38314819335938,37240600
2023-11-20 00:00:00-05:00,188.11347160798348,190.1145776039652,188.10357060538217,189.65887451171875,46505100,0.0,0.0,365.766486587499,371.8951110839844,52465100,132.7742344288309,135.3166961669922,27815500
2023-11-21 00:00:00-05:00,189.6192457228965,189.728217210096,187.9648714107105,188.8564453125,38134500,0.0,0.0,370.1511657162715,367.58935546875,28423100,135.35640367556994,136.03175354003906,22635300
2023-11-22 00:00:00-05:00,189.6985112393308,191.12502655036587,189.0446822742513,189.5201873779297,39617700,0.0,0.0,372.4468931555256,372.2991027832031,23345300,136.52834920416743,137.54136657714844,17813900
2023-11-24 00:00:00-05:00,189.08427709134529,189.11399521175224,187.47943812523724,188.1927032470703,24048300,0.0,0.0,371.786716969812,371.88525390625,10176600,137.0845255620382,135.7537078857422,12514300
2023-11-27 00:00:00-05:00,188.14317764380084,188.88616092409407,187.13271615011263,188.01438903808597,40552600,0.0,0.0,371.24480993983406,373.04791259765625,22179200,135.098214546326,135.47561645507812,23436500
2023-11-28 00:00:00-05:00,188.00447297715704,189.2923135830507,187.62802330816436,188.61866760253903,38415400,0.0,0.0,372.79177939368793,377.077880859375,20453100,135.14786959064773,136.26019287109375,18730000
2023-11-29 00:00:00-05:00,189.11401237919708,190.29288164913223,187.2020759179661,187.59832763671875,43014200,0.0,0.0,378.122265050378,373.2843933105469,28963400,136.62768277470195,134.0653533935547,23967200
2023-11-30 00:00:00-05:00,188.0639258522052,188.5394460391124,186.42936866830843,188.1728973388672,48794400,0.0,0.0,372.9296627723548,373.343505859375,30554400,134.12491953523792,131.62217712402344,38988300
2023-12-01 00:00:00-05:00,188.54934617033047,189.76783452208105,187.4596313087432,189.45083618164065,45704800,0.0,0.0,371.2250938337567,369.0081481933594,33040500,130.956787109375,130.956787109375,31442300
2023-12-04 00:00:00-05:00,188.20260275786185,188.2719551156173,185.6962738498395,187.65774536132807,43389500,0.0,0.0,363.67758971521135,363.7170104980469,32063300,128.9903436695441,128.384521484375,36669900
2023-12-05 00:00:00-05:00,188.43046796633192,192.58125508438908,188.40073472916,191.6104278564453,66628400,0.0,0.0,361.0665294174841,367.0473327636719,23065000,128.06672315933784,130.09275817871094,27384800
2023-12-06 00:00:00-05:00,192.63079897005184,192.9378963129568,190.3126947209947,190.52073669433597,41089700,0.0,0.0,368.0523432541626,363.3819580078125,21182100,130.53966601076132,129.12939453125,23576200
2023-12-07 00:00:00-05:00,191.8185027618749,193.1756809137271,191.77886851619465,192.4525146484375,47477700,0.0,0.0,362.82041555159645,365.5004577636719,23118900,134.11499689135425,135.99205017089844,56767100
2023-12-08 00:00:00-05:00,192.3831304135776,194.15639227120215,191.8580901155405,193.87901306152344,53406400,0.0,0.0,363.7761351529084,368.7322387695313,20154400,133.280756234884,134.0653533935547,32260100
2023-12-11 00:00:00-05:00,191.30334341541183,191.6797931299085,189.62915193698308,191.3726806640625,60943700,0.0,0.0,363.06672692464986,365.8452758789063,27708800,131.47322847678203,132.37698364257812,31138000
2023-12-12 00:00:00-05:00,191.27361158280868,192.898267700878,189.92633467152928,192.88836669921875,52696900,0.0,0.0,365.4018953884048,368.8800354003906,24838300,130.90711565395327,131.6122589111328,29032800
2023-12-13 00:00:00-05:00,193.26481149731427,196.1475903161728,193.02706651664724,196.10797119140625,70404200,0.0,0.0,370.4959629431741,368.8702087402344,30955500,132.4663754884051,131.66192626953125,30104800
2023-12-14 00:00:00-05:00,196.16740691178524,197.75242887078264,194.32480773637585,196.25656127929688,66831600,0.0,0.0,367.8258172782938,360.5542297363281,43277500,132.46637833464752,131.03623962402344,38722400
2023-12-15 00:00:00-05:00,195.68199966761293,196.54385551373443,195.15695931123605,195.7216339111328,128538400,0.0,0.0,361.46071708829936,365.2837219238281,78502300,130.7183982551423,131.6916961669922,50847100
2023-12-18 00:00:00-05:00,194.25545312358383,194.79040955452612,192.5713606983871,194.0573272705078,55751900,0.0,0.0,364.0224743454713,367.1754455566406,21802900,131.72151251769395,134.8697967529297,32258000
2023-12-19 00:00:00-05:00,194.32481746504556,195.1074199235508,194.0573392330858,195.09751892089844,40714100,0.0,0.0,366.0325032557898,367.7765197753906,20603700,135.90265968897415,135.71395874023438,25476800
2023-12-20 00:00:00-05:00,195.0578893685013,195.8305908429342,193.00726318359372,193.00726318359372,52242800,0.0,0.0,369.490921222126,365.1752624511719,26316700,138.01805383828915,137.39236450195312,49107200
2023-12-21 00:00:00-05:00,194.26535554386368,195.236182736706,191.6896742873876,192.85862731933597,46482500,0.0,0.0,367.0867239874754,368.0523376464844,17708000,138.53450759923203,139.4581298828125,27488300
2023-12-22 00:00:00-05:00,193.35394675355903,193.58180582555468,191.16463132079943,191.7887420654297,37149600,0.0,0.0,368.1902847387993,369.0770568847656,17107500,139.80575888567296,140.5208282470703,26532200
2023-12-26 00:00:00-05:00,191.79868551282587,192.07606476826223,191.0259839989623,191.24392700195312,28919300,0.0,0.0,369.4909463405908,369.1559448242188,12673100,140.62012603356706,140.5506134033203,16780300
2023-12-27 00:00:00-05:00,190.68914273833013,191.68968812345565,189.30223153241624,191.34295654296875,48087700,0.0,0.0,368.2002236622604,368.57464599609375,14905400,140.62012214444914,139.40847778320312,19628600
2023-12-28 00:00:00-05:00,192.32370988068791,192.8388492190412,191.3627835700825,191.7689514160156,34049900,0.0,0.0,369.8554894003956,369.7668151855469,14327000,139.81565998573095,139.26942443847656,16045700
2023-12-29 00:00:00-05:00,192.0859377183744,192.5812599044621,189.9362412446781,190.728759765625,42672100,0.0,0.0,370.4762957614539,370.5157165527344,18730800,138.6735677093716,138.733154296875,18733000
2024-01-02 00:00:00-05:00,185.39909638597567,186.67703614744315,182.16960103197144,183.9032287597656,82488700,0.0,0.0,368.36763432010537,365.4215698242188,25258600,137.60095843072804,137.2235565185547,23711200
2024-01-03 00:00:00-05:00,182.49652699212288,184.14100045386292,181.7139093893273,182.5262451171875,58414500,0.0,0.0,363.58894066618615,365.1555786132813,23083500,136.30984033190612,137.96839904785156,24212100
2024-01-04 00:00:00-05:00,180.4458748691036,181.37708304150152,179.18776734055538,180.2081298828125,71983600,0.0,0.0,365.2245421546535,362.5346374511719,20901500,137.47184312113336,135.45574951171875,27137700
2024-01-05 00:00:00-05:00,180.28737421180145,181.05015949262307,178.48439420396812,179.4849395751953,62379700,0.0,0.0,363.5495210017282,362.3474426269531,21004600,135.81327982358127,134.80026245117188,22513900
2024-01-08 00:00:00-05:00,180.3864372916263,183.86360885082055,179.80196071659407,183.823974609375,59144500,0.0,0.0,363.8746851951502,369.1855163574219,23134000,135.35641092575742,137.88894653320312,21404000
2024-01-09 00:00:00-05:00,182.19931060924736,183.41779895114087,181.0204413910758,183.40789794921875,42841800,0.0,0.0,366.544880616997,370.2693481445313,20830000,137.55129746260243,139.98451232910156,24759600
2024-01-10 00:00:00-05:00,182.6253074687535,184.6561164657865,182.1993225017619,184.44808959960935,46792900,0.0,0.0,370.8407867125645,377.1467590332031,25514200,140.03417366063587,141.30540466308594,21320200
2024-01-11 00:00:00-05:00,184.7947925921475,185.3000308909078,181.90211286972465,183.8536834716797,49128400,0.0,0.0,380.3293610152563,378.9794921875,27850800,142.50714182290835,141.10679626464844,24008700
2024-01-12 00:00:00-05:00,184.3193079074704,184.99295400827785,183.45745205458948,184.1806182861328,40477800,0.0,0.0,379.8268596012935,382.7630920410156,21661200,141.69271880711432,141.6728515625,18785500
2024-01-16 00:00:00-05:00,180.45578462721195,182.5361287641061,179.23728115128063,181.9120330810547,65603000,0.0,0.0,387.8768338056293,384.53662109375,27202300,141.0273279986293,141.51397705078125,22670500
2024-01-17 00:00:00-05:00,179.57413473456663,181.2185931345764,178.61320834965068,180.97093200683597,47317400,0.0,0.0,382.28028145481545,383.7483825683594,22234100,140.3817881279767,140.50096130371094,20968600
2024-01-18 00:00:00-05:00,184.34901955890965,187.3704881134165,184.0914574471942,186.86526489257807,78005800,0.0,0.0,385.9653010602353,388.0837097167969,23392100,141.076979705048,142.49717712402344,25746400
2024-01-19 00:00:00-05:00,187.5587047602819,190.15418823308323,187.0534815615711,189.7678375244141,68903000,0.0,0.0,389.9459184488016,392.8131713867188,29331100,143.74853865835965,145.37730407714844,34271900
2024-01-22 00:00:00-05:00,190.5009136397872,193.50256484427592,190.4612794003693,192.07603454589844,60133900,0.0,0.0,394.14341273142753,390.68499755859375,27016900,146.09238746431797,144.989990234375,32200400
2024-01-23 00:00:00-05:00,193.19548176740477,193.91864797179585,192.01661247228012,193.35397338867188,42355600,0.0,0.0,389.93613781643626,393.0398559570313,20525900,144.89067452886135,146.0327911376953,21636100
2024-01-24 00:00:00-05:00,193.59171936806808,194.542744606446,192.5218216434054,192.68032836914065,53631300,0.0,0.0,395.64108304054,396.6460876464844,24867000,147.5225193379935,147.68142700195312,25233500
2024-01-25 00:00:00-05:00,193.3936037302796,194.43378338829356,191.3033434118829,192.3534240722656,54822100,0.0,0.0,398.3802111244257,398.922119140625,21021200,149.04203864825777,150.82969665527344,29149100
2024-01-26 00:00:00-05:00,192.4524795638358,192.9378856146602,190.14427644491343,190.61978149414065,44594000,0.0,0.0,398.429510169981,397.9959716796875,17803300,150.06499195893298,151.14752197265625,26115500
2024-01-29 00:00:00-05:00,190.2136280052267,190.4018528619721,187.8063693410428,189.93624877929688,47145600,0.0,0.0,400.0946315969203,403.7008666992188,24510200,151.01840096976417,152.45846557617188,27784300
2024-01-30 00:00:00-05:00,189.1536239832176,190.00557868100643,185.7160870725139,186.2807464599609,55859400,0.0,0.0,406.2035612023494,402.5874633789063,33477600,151.75333332236926,150.42251586914062,36331800
2024-01-31 00:00:00-05:00,185.2901205380725,185.349571899096,182.62529981948688,182.67481994628903,55467800,0.0,0.0,400.9814326093679,391.7392272949219,47871100,142.63621252421888,139.1403350830078,71910000
2024-02-01 00:00:00-05:00,182.2686717659614,185.20097077595156,182.1002640289582,185.11181640625,64885400,0.0,0.0,395.92680994843744,397.8481750488281,30657700,141.14651577713002,140.19309997558594,40466500
2024-02-02 00:00:00-05:00,178.1773017145222,185.5774165638072,177.57300802816712,184.11126708984372,102551700,0.0,0.0,397.8776885413844,405.1788330078125,28256700,138.3060853281464,141.40472412109375,62499600
2024-02-05 00:00:00-05:00,186.3897373769733,187.47945226083425,184.10135123689923,185.92413330078125,69668800,0.0,0.0,403.87823795810993,399.690673828125,25352300,141.84172140070677,142.69581604003906,38505400
2024-02-06 00:00:00-05:00,185.1118168962398,187.53889270164484,185.02266252630227,187.52899169921875,43490800,0.0,0.0,399.91724394896175,399.532958984375,18382600,143.65915070969015,143.11293029785156,29128200
2024-02-07 00:00:00-05:00,188.85645841865116,189.26262627331204,186.8454513829838,187.63796997070312,53439000,0.0,0.0,401.4543753811385,407.9672546386719,22340500,143.7684044294837,144.54306030273438,25208900
2024-02-08 00:00:00-05:00,187.61814818475136,187.7667388029894,185.5972401965417,186.55816650390625,40962000,0.0,0.0,407.9672815558181,408.0263977050781,21225300,144.83108389157408,144.91053771972656,22563800
2024-02-09 00:00:00-05:00,187.12353611951417,188.45270503827624,186.47880163607175,187.32192993164065,45155200,0.24,0.0,409.1496384913206,414.3717651367188,22032800,145.6752695511064,147.97938537597656,26829500
2024-02-12 00:00:00-05:00,186.89539390047275,187.1433710203601,185.278578235504,185.6356658935547,41781900,0.0,0.0,414.381611300105,409.1594848632813,21202900,147.403342720252,146.51943969726562,21564100
2024-02-13 00:00:00-05:00,184.2668592804613,184.7033014728981,182.02513622573116,183.54275512695312,56529500,0.0,0.0,398.991129023294,400.3508605957031,27824900,143.92730350603156,144.1457977294922,27837700
2024-02-14 00:00:00-05:00,183.8204888809099,184.02878118831163,180.96378758253468,182.65994262695312,54630500,0.0,0.0,402.8186579213264,404.2203674316406,20401200,145.07936327887248,144.94032287597656,22704200
2024-02-15 00:00:00-05:00,182.06480997798815,182.99720639873476,179.8826142837668,182.37229919433597,65434500,0.0,0.0,402.8877787891035,401.3280944824219,21825500,142.15949863580622,141.7920379638672,37590700
2024-02-16 00:00:00-05:00,181.9358425720657,183.3542794985624,180.20000281806105,180.83482360839844,49752500,0.0,0.0,402.71009676405504,398.86029052734375,22296500,142.0105467049223,139.55746459960938,31468900
2024-02-20 00:00:00-05:00,180.31903131312703,180.95385211869663,178.543521838827,180.0908966064453,53665600,0.0,0.0,398.050788880468,397.6065979003906,24307900,138.70336003010283,140.15335083007812,25144700
2024-02-21 00:00:00-05:00,180.4678422502364,181.41015233649017,179.1982005294332,180.8447723388672,41371400,0.0,0.0,395.0203117904289,397.0044250488281,18518900,140.4810913513108,141.5735626220703,23223300
2024-02-22 00:00:00-05:00,181.99539101250983,183.46342668087547,180.9836551083553,182.8781890869141,52292200,0.0,0.0,404.9113664023,406.3525695800781,27009900,143.9372392880377,143.10299682617188,27191900
2024-02-23 00:00:00-05:00,183.512994445696,183.5427504912176,180.75548990166288,181.04315185546875,45119700,0.0,0.0,410.3208439519873,405.0594177246094,16295900,142.68587020226934,142.97389221191406,19493800
2024-02-26 00:00:00-05:00,180.76543120985792,181.2812127915497,179.18828501122448,179.6941680908203,40867400,0.0,0.0,406.1650087554213,402.2954711914063,16193500,141.16635848967314,136.62767028808594,53641800
2024-02-27 00:00:00-05:00,179.6346334198553,182.43180748858956,178.1070858709482,181.1522521972656,54318900,0.0,0.0,402.7397141163555,402.2362976074219,14835800,137.07458595594144,137.92869567871094,33099200
2024-02-28 00:00:00-05:00,181.03320292829392,181.6382676787398,178.67247114624934,179.9520263671875,48953900,0.0,0.0,402.9272164600946,402.47314453125,13183100,136.95540871597794,135.44583129882812,37328600
2024-02-29 00:00:00-05:00,179.80325698202418,181.09274105155225,178.07733075339527,179.28746032714844,136682600,0.0,0.0,403.3812996686875,408.3169555664063,31947300,136.3396411924551,137.51156616210938,42133000
2024-03-01 00:00:00-05:00,178.09718827908785,179.06925444803085,175.94474848019505,178.206298828125,73563100,0.0,0.0,405.9774393001269,410.1530151367188,17823400,137.4817642909518,136.2006072998047,31151100
2024-03-04 00:00:00-05:00,174.7246735635979,175.46860492728393,172.38376893378626,173.6831817626953,81510100,0.0,0.0,408.11957070674777,409.5805358886719,17596000,134.73074347371,132.4365692138672,55999400
2024-03-05 00:00:00-05:00,169.37829007310003,170.6479317427376,168.24751498810025,168.74346923828125,95132400,0.0,0.0,408.6328669666895,397.4684143066406,26919200,130.97664850689333,131.76123046875,40194800
2024-03-06 00:00:00-05:00,169.67584582521192,169.85439720478274,167.31509902687867,167.7515411376953,68587700,0.0,0.0,397.7843298406592,396.9156494140625,22344100,132.20812771862853,130.49990844726562,35318600
2024-03-07 00:00:00-05:00,167.78133333619056,169.34855073763018,167.12668516420615,167.63255310058594,71765100,0.0,0.0,400.8937223940283,403.8748779296875,18718500,131.88039821915834,133.4595184326172,37738200
2024-03-08 00:00:00-05:00,167.6325286145872,172.29449531822434,167.57301652903823,169.34852600097656,76267000,0.0,0.0,402.7100302645635,400.992431640625,18002200,133.29069048269943,134.4824676513672,39370400
2024-03-11 00:00:00-04:00,171.54066841678448,172.96901916174485,170.65787040570808,171.35220336914062,60139500,0.0,0.0,398.5640708528504,399.3142700195313,16120800,135.1975450664785,136.72698974609375,32437800
2024-03-12 00:00:00-04:00,171.74893835615396,172.62182261661565,169.62625492438514,171.8282928466797,59825400,0.0,0.0,402.3744232866482,409.9358520507813,22457000,136.09136807062538,137.55130004882812,27563400
2024-03-13 00:00:00-04:00,171.3720295685671,171.78862930722158,169.3782838692582,169.74530029296875,52488700,0.0,0.0,412.7196031326607,409.7582092285156,17115900,138.04787651328522,138.83245849609375,23347200
2024-03-14 00:00:00-04:00,171.51090581587792,172.8995716896694,170.65786388331372,171.6001739501953,72913500,0.0,0.0,414.8320308055619,419.7479553222656,34157300,140.22286121787153,142.11978149414062,42753400
2024-03-15 00:00:00-04:00,169.7849869531436,171.22325134277344,168.91210257419098,171.22325134277344,121752700,0.0,0.0,413.8943109252552,411.0612487792969,45079900,141.52388652336936,140.21292114257812,49475400
2024-03-18 00:00:00-04:00,174.1493830977455,176.27206668827822,172.11596763998543,172.31434631347656,75604200,0.0,0.0,408.9191153478435,411.9496154785156,20106000,147.59204880216603,146.6684112548828,69273700
2024-03-19 00:00:00-04:00,172.92931675607417,175.18095319129145,171.62991909909198,174.65524291992188,55215200,0.0,0.0,412.4530828906041,415.9870300292969,19837900,147.14513750194735,146.0228729248047,24070400
2024-03-20 00:00:00-04:00,174.29817691484007,177.22430419921875,173.67326966604173,177.22430419921875,53423100,0.0,0.0,416.56942843935633,419.75787353515625,17860100,146.98620912870308,147.7211456298828,21311500
2024-03-21 00:00:00-04:00,175.61741650508932,176.05385870042272,169.45765758517675,169.98336791992188,106181300,0.0,0.0,424.2986459510556,423.8445739746094,21296200,148.44616000360566,146.58897399902344,24755600
2024-03-22 00:00:00-04:00,170.37020490965267,171.64977539848843,168.68396342338923,170.88600158691406,71160100,0.0,0.0,424.1703239707177,423.22265625,17648500,148.0985519993625,149.7372589111328,29211800
2024-03-25 00:00:00-04:00,169.1898266673456,170.54873636107317,168.0788789435942,169.46755981445312,54288300,0.0,0.0,419.7676509407111,417.4182739257813,18060500,148.91293885124503,149.04205322265625,19229300
2024-03-26 00:00:00-04:00,168.6244540719099,170.0329624014482,168.20785429573576,168.33680725097656,57388400,0.0,0.0,420.1329081875438,416.223876953125,16725600,149.1910248920745,149.637939453125,22149100
2024-03-27 00:00:00-04:00,169.03115531845486,172.19534630813845,168.73357969878504,171.90768432617188,60273300,0.0,0.0,418.9780192938283,416.0067443847656,16705000,150.1444219519495,149.8365478515625,22879200
2024-03-28 00:00:00-04:00,170.36028779920613,170.8363996494882,169.13031578937776,170.09246826171875,65672700,0.0,0.0,415.5427490202932,415.3058471679688,21871200,149.8167100033746,149.89614868164062,24485400
2024-04-01 00:00:00-04:00,169.80482284392966,169.86433493378763,168.1086526063626,168.65420532226562,46240500,0.0,0.0,418.4943066854124,419.1063232421875,16316000,149.65778808095055,154.42491149902344,31730800
2024-04-02 00:00:00-04:00,167.71187939021036,167.96977013364764,166.86875116942764,167.47381591796875,49329500,0.0,0.0,414.7037305350885,416.0166320800781,17912000,152.448545024683,153.50128173828125,24586000
2024-04-03 00:00:00-04:00,167.4242255584593,169.29893197888933,167.21593325359058,168.2772674560547,47691700,0.0,0.0,414.3286014685427,415.0393371582031,16502300,152.54786018366335,153.8588104248047,24705000
2024-04-04 00:00:00-04:00,168.9120862737285,170.5289019190824,167.45399475097656,167.45399475097656,53704400,0.0,0.0,419.5209306414664,412.50244140625,19370900,152.44855873219765,149.4989013671875,34724700
2024-04-05 00:00:00-04:00,168.217753601793,169.01128340394683,167.58293278713433,168.2078399658203,42104800,0.0,0.0,414.6049948261761,420.0440673828125,16554800,149.00231646564103,151.4553985595703,23459200
2024-04-08 00:00:00-04:00,167.66231443659373,167.83093708737283,166.87871327881734,167.08700561523438,37425500,0.0,0.0,419.698621129678,419.1260681152344,14272400,151.73347855806227,153.789306640625,20702000
2024-04-09 00:00:00-04:00,167.3349666518587,168.70380527202582,166.98780774616682,168.297119140625,42373800,0.0,0.0,420.9522866687586,420.7943420410156,12496900,155.02078176867565,155.5272979736328,31079500
2024-04-10 00:00:00-04:00,167.4341446269544,167.7217914097351,165.7578169724605,166.42239379882812,49709300,0.0,0.0,416.7569946282444,417.813232421875,16216600,155.1400081386409,155.0704803466797,22838600
2024-04-11 00:00:00-04:00,166.97785862713312,174.04025682035402,166.79932237773104,173.62364196777344,91070300,0.0,0.0,420.340202357621,422.4230346679688,17966400,155.83522411556208,158.31809997558594,27166400
2024-04-12 00:00:00-04:00,172.8499658132502,176.91679662448954,172.80038249764078,175.12144470214844,101670900,0.0,0.0,418.5929987916464,416.4706726074219,19253800,156.87800209265978,156.64956665039062,25353700
2024-04-15 00:00:00-04:00,173.94107267383276,175.20080068867838,171.10421379905583,171.2926788330078,73531800,0.0,0.0,421.1101672183344,408.3169555664063,20273500,157.77185655319172,153.79925537109375,27136500
2024-04-16 00:00:00-04:00,170.36027866522625,172.354009228837,166.9084414489389,168.00946044921875,73711200,0.0,0.0,409.2349917021277,409.2448425292969,16765600,153.1338236644043,153.34237670898438,20779500
2024-04-17 00:00:00-04:00,168.2375982616629,169.26917642354965,166.640625,166.640625,50901200,0.0,0.0,411.88051429574114,406.5401306152344,15855500,154.55402627985885,154.40505981445312,21763100
2024-04-18 00:00:00-04:00,166.67039519798726,167.27546002889196,165.20237475763562,165.6884002685547,43122900,0.0,0.0,405.34567475168,399.0675048828125,21029900,154.27595164428578,154.9413604736328,19883000
2024-04-19 00:00:00-04:00,164.86511767231858,165.05356757276493,162.7523477339115,163.66490173339844,68149400,0.0,0.0,398.8306438099327,393.98382568359375,30565800,155.13006297338708,153.03451538085938,32615600
2024-04-22 00:00:00-04:00,164.18067459044096,165.90658543557495,163.43674332676036,164.49807739257812,48116400,0.0,0.0,394.93142960410273,395.8001098632813,20286900,153.25298111285292,155.20948791503906,26446200
2024-04-23 00:00:00-04:00,164.01206877643943,165.69831011966792,163.58554027123327,165.5495147705078,49537800,0.0,0.0,399.0379094531618,402.3250732421875,15734500,155.88485079460835,157.17593383789062,21151600
2024-04-24 00:00:00-04:00,165.19243035823263,167.93010742906517,164.86511388137603,167.65237426757812,48251800,0.0,0.0,404.2894946072624,403.7959289550781,15065300,156.41124269561158,158.04000854492188,22779100
2024-04-25 00:00:00-04:00,168.15824741627387,169.2295104164757,166.78940883790665,168.5153350830078,50558300,0.0,0.0,388.9593694617433,393.9049072265625,40586500,150.29340271013402,154.93141174316406,57109700
2024-04-26 00:00:00-04:00,168.50542350147623,169.95360145871248,167.81107543218243,167.93011474609375,44838400,0.0,0.0,406.8659414588664,401.0912170410156,29694700,173.1756235931228,170.77220153808594,64665300
2024-04-29 00:00:00-04:00,171.96716217122307,174.60564226594082,171.69935778865286,172.0961151123047,68169400,0.0,0.0,400.0349103833964,397.0735168457031,19582100,167.901957086764,165.0118865966797,45610000
2024-04-30 00:00:00-04:00,171.92750782528833,173.57407962239418,168.6244505944639,168.9517822265625,65934800,0.0,0.0,396.323344705487,384.31982421875,28781400,164.47561025657222,161.6649932861328,33562900
2024-05-01 00:00:00-04:00,168.20784791968214,171.31252641733016,167.74164970644674,167.93011474609375,50383100,0.0,0.0,387.5575420390079,389.8575744628906,23562500,163.174567823391,162.73757934570312,33493200
2024-05-02 00:00:00-04:00,171.11414713776406,172.01678759624437,169.50726004906326,171.62994384765625,94214900,0.0,0.0,392.5426299953367,392.7203063964844,17709400,163.6611865828327,165.47865295410156,24294500
2024-05-03 00:00:00-04:00,185.13970898312533,185.4868830000885,181.1820038934194,181.89617919921875,163224100,0.0,0.0,397.1031789253354,401.42681884765625,17446700,166.41223681348706,166.0944366455078,34662400
2024-05-06 00:00:00-04:00,180.87450583987064,182.70952732957792,178.96011472526732,180.23968505859372,78569700,0.0,0.0,403.4998057579773,408.2182922363281,16996600,166.31294707001013,166.9485626220703,21871300
2024-05-07 00:00:00-04:00,181.96559437964424,183.4038585438568,179.85283976309742,180.9240875244141,77305800,0.0,0.0,409.32384154303776,404.0722961425781,20018200,167.34578737133612,170.0769500732422,28039700
2024-05-08 00:00:00-04:00,181.3704478041577,181.5886688519262,179.981767033329,181.26133728027344,45057100,0.0,0.0,402.917370243468,405.2568664550781,11792300,167.84237044353367,168.2197723388672,19569100
2024-05-09 00:00:00-04:00,181.0828227285221,183.1658367406673,180.6364669074405,183.0765686035156,48983000,0.0,0.0,405.28649730886616,407.0139770507813,14689700,168.22971923040683,168.7958221435547,15346700
2024-05-10 00:00:00-04:00,183.65261967053823,183.84134031553504,180.9013175850214,181.8151092529297,50759500,0.25,0.0,407.62600771381045,409.40283203125,13402300,166.87901799355728,167.49476623535156,29799900
2024-05-13 00:00:00-04:00,184.18898588060125,185.83779081511705,183.3745104951717,185.0233154296875,72044800,0.0,0.0,412.630736484542,408.39593505859375,15440200,163.13483724153954,167.98141479492188,31327600
2024-05-14 00:00:00-04:00,186.2450505169401,187.0297296576161,185.03327943466692,186.16558837890625,52393600,0.0,0.0,406.7177872432058,411.1993713378906,15109300,168.60711477724234,169.17320251464844,25127100
2024-05-15 00:00:00-04:00,186.6423374407049,189.36384333151435,186.1059718662387,188.44012451171875,70400000,0.0,0.0,413.2662380290556,418.3887939453125,22239500,169.4612265184219,171.32833862304688,26948400
2024-05-16 00:00:00-04:00,189.18505039119887,189.81080512810087,188.38051724709635,188.55929565429688,52845200,0.0,0.0,417.122946000089,416.3219299316406,17530100,172.1029744570571,172.98687744140625,27867900
2024-05-17 00:00:00-04:00,188.23153932133224,189.5227724100756,187.90376371878455,188.589111328125,41282900,0.0,0.0,417.8547794230839,415.5505981445313,15352200,172.9868768718215,174.85400390625,24479300
2024-05-20 00:00:00-04:00,188.05276500067424,190.6252889956646,187.73491647398643,189.751220703125,44361300,0.0,0.0,415.5505961780029,420.6237182617188,16272100,174.9831344869509,175.7081298828125,22554400
2024-05-21 00:00:00-04:00,189.80088903544183,191.42982486744876,189.63203768676544,191.05239868164065,42309400,0.0,0.0,422.0971677395987,424.2826843261719,21453300,175.68825488082155,176.6317596435547,16989400
2024-05-22 00:00:00-04:00,190.9729201671483,191.5192128106237,188.9864124860383,189.61215209960935,34648500,0.0,0.0,425.32108253196407,425.7463073730469,18073700,175.4300275271668,175.17181396484375,17880000
2024-05-23 00:00:00-04:00,189.6916095055364,189.71147882549133,185.3709645001415,185.6192779541016,51005900,0.0,0.0,428.1691242148773,422.2653198242188,17211700,175.85711428242732,172.36122131347656,21024900
2024-05-24 00:00:00-04:00,187.54620129756856,189.2943226367172,186.771449342652,188.6983642578125,36327000,0.0,0.0,422.4532201515353,425.3902893066406,11855300,173.78142537597992,173.79136657714844,16579400
2024-05-28 00:00:00-04:00,190.21803261577213,191.69798625592665,187.8243024405564,188.7082977294922,52280100,0.0,0.0,424.86617140902985,425.5485229492188,15718000,173.2550411409201,175.19168090820312,20572200
2024-05-29 00:00:00-04:00,188.33088121296123,190.9530710228537,188.23154975607,189.00628662109372,53068000,0.0,0.0,420.96986151310944,424.4112854003906,15517100,174.22830189331825,174.69508361816406,23388700
2024-05-30 00:00:00-04:00,189.47311885305376,190.88353764935988,189.34400614498344,189.99954223632807,49889100,0.0,0.0,419.5952156554495,410.072021484375,28394500,173.99992196516305,170.93109130859375,22931500
2024-05-31 00:00:00-04:00,190.14851552916036,191.2708972062775,188.62883838261533,190.9530487060547,75158300,0.0,0.0,412.1289792567511,410.5269470214844,47995300,170.6827744434952,171.31838989257812,37638900
2024-06-03 00:00:00-04:00,191.5986571441052,193.67456916074488,191.22123099586668,192.72103881835935,50080500,0.0,0.0,410.9225062489826,408.9347839355469,17484700,171.35812097814537,171.9838104248047,27459100
2024-06-04 00:00:00-04:00,193.32693160548868,194.0023521144802,191.7277922771992,193.0388946533203,47471400,0.0,0.0,407.856889503619,411.45654296875,14348900,172.09306246094846,172.5995635986328,26879600
2024-06-05 00:00:00-04:00,194.0817992315488,195.5716800296083,193.5553758953692,194.5486297607422,54156800,0.0,0.0,413.1772369623433,419.3085021972656,16988000,173.99989738382425,174.20846557617188,22068500
2024-06-06 00:00:00-04:00,194.36985841579607,195.17439165110096,192.86010824182844,193.1680145263672,41181800,0.0,0.0,419.3084807052153,419.8128051757813,14861300,174.69509279578756,175.5194091796875,23251000
2024-06-07 00:00:00-04:00,193.33685821193552,195.6114180436154,192.83030419832767,195.56175231933597,53103900,0.0,0.0,421.4742479856217,419.1502990722656,13621700,175.83722393107303,173.2649688720703,19661400
2024-06-10 00:00:00-04:00,195.5716829020276,195.96899354752293,190.8537269722117,191.8171844482422,97010200,0.0,0.0,419.9908379970184,423.1256713867188,13982900,173.97093148461332,174.0106964111328,23726700
2024-06-11 00:00:00-04:00,192.34360572370616,205.762475197422,192.32375155853347,205.7525329589844,172373300,0.0,0.0,420.7621778016169,427.88232421875,14551100,175.21378603801926,175.6114959716797,21540600
2024-06-12 00:00:00-04:00,205.97105482418647,218.7145040828182,205.50422428227435,211.6326141357422,198134300,0.0,0.0,430.493059431206,436.1694030761719,22366200,177.23216026578223,176.7747802734375,27864700
2024-06-13 00:00:00-04:00,213.29135046662023,215.2877853731434,210.17253378994005,212.7947235107422,97862700,0.0,0.0,435.9617684934111,436.68365478515625,15960600,175.10440825817855,174.1598358154297,20913300
2024-06-14 00:00:00-04:00,212.4073597694496,213.71844708080008,209.87455920751867,211.05653381347656,70122700,0.0,0.0,433.42024926631433,437.6626892089844,13582000,173.22520023784008,175.780517578125,18063600
2024-06-17 00:00:00-04:00,211.9305571780885,217.4729151673675,211.28494827432183,215.2082977294922,93728300,0.0,0.0,437.68246749988464,443.39837646484375,20790000,174.45813130980525,176.22796630859375,19618500
2024-06-18 00:00:00-04:00,216.12210108008887,217.15509356895643,211.56306955662495,212.8443603515625,79943300,0.0,0.0,444.7234969265718,441.390869140625,17112500,176.12853810674497,174.09024047851562,21869900
2024-06-20 00:00:00-04:00,212.48678595825905,212.79470737847507,207.4410698062104,208.2654571533203,86172500,0.0,0.0,441.351318534406,440.7579956054688,19877400,174.36862216738828,175.29331970214844,20160100
2024-06-21 00:00:00-04:00,208.9707014370345,210.46058238700795,205.71282963889428,206.09027099609372,241805100,0.0,0.0,442.4193728058131,444.7927551269531,34187100,175.98932165115332,178.60430908203125,57759000
2024-06-24 00:00:00-04:00,206.3187055335118,211.2651058128792,205.1963237537201,206.73587036132807,80727000,0.0,0.0,444.812502964026,442.7061462402344,15913700,179.1312749634446,178.19664001464844,18298000
2024-06-25 00:00:00-04:00,207.73905391104032,209.95402109263304,207.20270345608853,207.65960693359372,55549700,0.0,0.0,443.27969425576566,445.9497680664063,16413400,178.59434958875684,182.9791717529297,23130200
2024-06-26 00:00:00-04:00,210.07319184959564,213.41052543273105,209.2189929218928,211.81138610839844,66213200,0.0,0.0,444.0213670965085,447.1463317871094,16507000,181.5871699689987,182.8300323486328,19839000
2024-06-27 00:00:00-04:00,213.2416710401095,214.28459061162127,210.91746067332397,212.65565490722656,49772700,0.0,0.0,447.1661206636861,447.8287048339844,14806300,183.128330697181,184.351318359375,18848900
2024-06-28 00:00:00-04:00,214.31439376890185,214.6123729638464,208.8812938369491,209.1991271972656,82542700,0.0,0.0,448.04624507062687,441.9941101074219,28362300,183.2675470494924,181.10992431640625,29156600
2024-07-01 00:00:00-04:00,210.6591990639401,216.0426329500864,210.49034773322808,215.2877655029297,60402900,0.0,0.0,443.6851547691378,451.6656799316406,17662800,181.984894318308,181.94512939453125,16006100
2024-07-02 00:00:00-04:00,214.6918109818244,218.89328562800327,213.6489065767971,218.78402709960935,58046200,0.0,0.0,448.1748078930114,454.1873779296875,13979800,181.0104790320944,184.1822662353516,17372500
2024-07-03 00:00:00-04:00,218.5158580863075,220.05540466308597,217.55240059045883,220.05540466308597,37369800,0.0,0.0,453.1095094538045,455.660888671875,9932800,183.794524848586,184.7589874267578,10242100
2024-07-05 00:00:00-04:00,220.1547167062081,224.92233836715076,220.1547167062081,224.8130798339844,60412400,0.0,0.0,454.5137192746822,462.3755798339844,16000300,184.79873308828007,189.5116729736328,20967500
2024-07-08 00:00:00-04:00,225.55802531049065,226.31290797690275,221.7439339584199,226.2831115722656,59085900,0.0,0.0,461.37678118625774,461.0702209472656,12962300,188.81566526397512,187.9506378173828,21035900
2024-07-09 00:00:00-04:00,226.3923429370984,227.85242731023644,224.84286935479295,227.1372833251953,48076100,0.0,0.0,461.8217923289273,454.4445190429688,17207200,189.22334760268737,187.90093994140625,15121400
2024-07-10 00:00:00-04:00,227.75311249906628,231.50761086701092,227.70344677503343,231.4082794189453,62627700,0.0,0.0,456.1059138794407,461.08013916015625,18196100,188.06994097173063,190.08834838867188,15952500
2024-07-11 00:00:00-04:00,229.82902744909745,230.8222813842516,224.24694518340357,226.0348052978516,64710600,0.0,0.0,457.84639154158754,449.658203125,23111200,188.76595095990965,184.5103912353516,25625800
2024-07-12 00:00:00-04:00,227.3756747865633,231.07058040656065,227.13728840093884,228.9847412109375,53046500,0.0,0.0,449.2922850558392,448.52093505859375,16324300,184.0231973260217,184.0132598876953,22898400
2024-07-15 00:00:00-04:00,234.8846802776345,235.6296207097681,231.5175501306247,232.81871032714844,62631300,0.0,0.0,448.2737061930426,448.9263916015625,14429400,183.86408221767505,185.4648895263672,16474000
2024-07-16 00:00:00-04:00,233.4146487749432,234.67608537579065,230.7626628820321,233.23587036132807,43234300,0.0,0.0,449.1835423040314,444.53564453125,17175700,186.29017198367765,182.86981201171875,18290700
2024-07-17 00:00:00-04:00,227.9020842921952,229.8985341554608,225.1110435034522,227.3359375,57345900,0.0,0.0,437.6824616204732,438.6021423339844,21778000,181.92523630082096,179.9863739013672,20734100
2024-07-18 00:00:00-04:00,228.7265030667722,228.88542732552744,220.7705449165008,222.6676483154297,66034600,0.0,0.0,439.4130413837652,435.487060546875,20794800,180.89116422058456,176.67538452148438,25315700
2024-07-19 00:00:00-04:00,223.3033373506296,225.2699757257536,221.7737179376491,222.79676818847656,49151500,0.0,0.0,428.2976983913284,432.2632141113281,20940400,177.85860388752832,176.64556884765625,18881900
2024-07-22 00:00:00-04:00,225.47855462210336,226.2433643424177,221.5850012868185,222.4491424560547,48201800,0.0,0.0,436.8913524368939,438.0285949707031,15808800,179.5588249067722,180.63265991210935,24100300
2024-07-23 00:00:00-04:00,222.8563682936816,225.40903804109772,221.17776681088287,223.49205017089844,39960300,0.0,0.0,438.9779716060993,439.9174499511719,13107100,181.01049348787305,180.75196838378903,36352700
2024-07-24 00:00:00-04:00,222.48886176091068,223.2834678697984,215.66521268088363,217.0656890869141,61777600,0.0,0.0,435.5662371027095,424.144287109375,26805800,172.60874962060436,171.644287109375,49585200
2024-07-25 00:00:00-04:00,217.4530848788309,219.36014584277987,213.1721626831937,216.02281188964844,51391200,0.0,0.0,424.0453575896341,413.76068115234375,29943800,171.53491413564743,166.3248291015625,44852000
2024-07-26 00:00:00-04:00,217.22462220056255,218.0093012590926,214.55276681781487,216.4896240234375,41601300,0.0,0.0,413.5629210032518,420.5545043945313,23583800,166.19555465619968,166.04641723632812,41336900
2024-07-29 00:00:00-04:00,215.4963669678409,217.82057739339885,214.2945231128628,216.76773071289065,36311800,0.0,0.0,426.7945811015514,421.9983825683594,15125800,167.86596604502552,168.5619659423828,20293800
2024-07-30 00:00:00-04:00,217.71131248471116,218.84362126060284,214.66201590891487,217.32394409179688,41643800,0.0,0.0,422.97732451431415,418.2305603027344,32687600,169.2679245935279,169.317626953125,18959700
2024-07-31 00:00:00-04:00,219.94613576688096,222.31008478832948,219.14160257039836,220.58181762695312,50036300,0.0,0.0,415.8373969334193,413.7112426757813,42891400,172.25080624759823,170.5605010986328,25729100
2024-08-01 00:00:00-04:00,222.8563831356547,222.9656416760084,215.55597572208575,216.88693237304688,62501000,0.0,0.0,416.12417291556886,412.4849548339844,30296400,169.2778754387371,169.7849578857422,24531400
2024-08-02 00:00:00-04:00,217.67159881719564,224.07809897050203,216.24132584869807,218.37681579589844,105568600,0.0,0.0,407.9162184867556,403.9605712890625,29437900,165.4896290110481,165.7083740234375,29130100
2024-08-05 00:00:00-04:00,197.74691336614487,212.0597055615941,194.6777624827749,207.85824584960935,119548600,0.0,0.0,384.85479031825656,390.7684631347656,40709200,154.61209547201543,158.34068298339844,53630700
2024-08-06 00:00:00-04:00,203.91501287026543,208.5733757245506,199.7135534430835,205.8319854736328,69660500,0.0,0.0,395.5647061878266,395.1790161132813,24946500,158.42022424958387,157.3861541748047,49004600
2024-08-07 00:00:00-04:00,205.50421123787663,212.1987475040528,204.9976572409954,208.40452575683597,63516400,0.0,0.0,404.1089265381238,394.0121154785156,20650900,160.329247442372,158.03244018554688,25138600
2024-08-08 00:00:00-04:00,211.67235443417223,212.75499762550604,207.42122864939225,211.8710021972656,47161100,0.0,0.0,397.97762559147657,398.224853515625,20203000,159.59347241017986,161.10479736328125,25578800
2024-08-09 00:00:00-04:00,210.66916408754707,215.31758519349225,210.5400362270979,214.7812347412109,42201600,0.0,0.0,399.5500195790903,401.5179443359375,19276700,159.09632314224646,162.7354278564453,28602300
2024-08-12 00:00:00-04:00,214.86078610016068,218.28152162650585,214.393415209592,216.31260681152344,38028100,0.25,0.0,402.5464528145219,402.2992248535156,16762900,163.41157729244355,161.3633270263672,15895300
2024-08-13 00:00:00-04:00,217.7843155173404,220.648202590176,217.7843155173404,220.03167724609372,44155300,0.0,0.0,405.0483692456352,409.41937255859375,19414300,162.47692353255772,163.22264099121094,18551700
2024-08-14 00:00:00-04:00,219.33559848009435,221.7818227179272,218.4704570730026,220.47915649414065,41960600,0.0,0.0,410.2005761710246,412.23773193359375,18267000,161.47267673043564,159.4542694091797,40591100
2024-08-15 00:00:00-04:00,223.3430330024236,224.0888356302054,221.51331902381992,223.4623565673828,46414000,0.0,0.0,415.8934346982465,417.1119995117188,20752100,159.58354749716605,160.3789825439453,31524300
2024-08-16 00:00:00-04:00,222.66684293368957,225.56056092969672,222.3983497244224,224.7849273681641,44340200,0.0,0.0,416.6859891605723,414.5758056640625,22775600,160.5479977673965,162.0294952392578,24208600
2024-08-19 00:00:00-04:00,224.4567771868955,224.72527040192085,221.791767703572,224.62582397460935,40687800,0.0,0.0,415.06120860773046,417.6072998046875,15234000,164.33622991201835,165.71829223632812,22416200
2024-08-20 00:00:00-04:00,224.50649118022676,225.89865006504533,224.18827476461456,225.24234008789065,30299000,0.0,0.0,417.7757654099591,420.8468933105469,16387600,165.9469875992757,166.2253875732422,18341500
2024-08-21 00:00:00-04:00,225.2523038357409,226.70412456960105,223.7905293550798,225.13296508789065,34765500,0.0,0.0,420.1335542188186,420.1930236816406,16067300,164.20698475195752,164.9029998779297,22902000
2024-08-22 00:00:00-04:00,226.51518775043243,227.06211276120644,222.6469583809866,223.2734375,43695300,0.0,0.0,420.4109349910718,411.6829223632813,19361900,166.3049195405105,162.86468505859375,22493300
2024-08-23 00:00:00-04:00,224.39710671028325,226.9427773475752,223.07454817990703,225.57049560546875,38677300,0.0,0.0,413.0996723021897,412.9114379882813,18493800,163.77944623676203,164.67430114746094,13955700
2024-08-26 00:00:00-04:00,225.4909673979149,226.0080615471861,222.6370337628865,225.9086151123047,30602200,0.0,0.0,412.4953858524353,409.6421813964844,13152800,165.42997242725056,165.2112274169922,14190400
2024-08-27 00:00:00-04:00,224.73520717839608,227.5692634267734,223.63141860700009,226.75384521484372,35934600,0.0,0.0,409.01800038370646,409.9888916015625,13492900,164.89304984017366,163.7396697998047,11821900
2024-08-28 00:00:00-04:00,226.6444476309267,228.57359288043327,224.41697829182957,225.2224578857422,38052200,0.0,0.0,411.019191950483,406.7790222167969,14882700,164.09761789324529,161.92013549804688,16407400
2024-08-29 00:00:00-04:00,228.81226038667728,231.61647047641185,227.59908685526068,228.5039825439453,51906300,0.0,0.0,411.0786443893992,409.2755737304688,17045200,163.37179962157677,160.8562469482422,19699800
2024-08-30 00:00:00-04:00,228.9017723040151,229.1105885676507,226.20693181059323,227.7184295654297,52990800,0.0,0.0,411.7325316355679,413.2582092285156,24308300,161.69142770230633,162.4470977783203,22123800
2024-09-03 00:00:00-04:00,227.27093626472063,227.71841483123856,219.9322331496077,221.52328491210935,50190600,0.0,0.0,414.0210025733613,405.62982177734375,20313600,160.7965764689147,156.4614715576172,38945300
2024-09-04 00:00:00-04:00,220.4195086889333,220.5388322671096,216.26289369284987,219.61404418945312,43840200,0.0,0.0,402.1326826766194,405.0948486328125,15135800,155.76547872304474,155.55667114257812,19353800
2024-09-05 00:00:00-04:00,220.38966486266608,224.2181094473344,220.28027986462445,221.13546752929688,36615400,0.0,0.0,403.82677622219455,404.5896301269531,14195500,155.40752807028366,156.3421630859375,18688700
2024-09-06 00:00:00-04:00,222.69667077468375,223.97945984429649,218.54007124155592,219.58419799804688,48423000,0.0,0.0,405.2533785520499,397.9618835449219,19609500,156.4018018567198,150.0582275390625,37912100
2024-09-09 00:00:00-04:00,219.58419811845144,220.0316766790804,215.49719894103853,219.67369079589844,67180000,0.0,0.0,403.4503023301037,401.9444580078125,15295100,151.84037111346015,148.05706787109375,39260500
2024-09-10 00:00:00-04:00,217.69481595725216,220.24048653111632,215.5170698289156,218.87815856933597,51591000,0.0,0.0,404.4014154009755,410.3455810546875,19594300,149.78942780245947,148.00729370117188,31118800
2024-09-11 00:00:00-04:00,220.22062862304543,221.84149617822104,216.6706004766808,221.41390991210935,44587100,0.0,0.0,411.6334289532487,419.103271484375,19266900,149.2617463560954,150.49630737304688,29607700
2024-09-12 00:00:00-04:00,221.25479170284095,222.2989184736456,218.5897974500539,221.52328491210935,37455600,0.0,0.0,419.37076416429335,423.02642822265625,17395700,153.1247267348267,154.0108184814453,29621500
2024-09-13 00:00:00-04:00,222.3287642541488,222.78618142445663,220.66811202153605,221.2548065185547,36766600,0.0,0.0,421.8672937914901,426.5830078125,15874600,154.7475604574538,156.76866149902344,29591200
2024-09-16 00:00:00-04:00,215.32816036173188,216.00436273599223,212.72282764614783,215.10940551757807,59357400,0.0,0.0,426.5929152766965,427.3260192871094,13834700,156.61929036893335,157.36599731445312,18379800
2024-09-17 00:00:00-04:00,214.5425786319653,215.6861367129052,213.299574120772,215.5767517089844,45519300,0.0,0.0,436.1332986571775,431.1005554199219,18874200,158.32181279555903,158.62049865722656,20715600
2024-09-18 00:00:00-04:00,216.33249894497217,221.46362499015893,216.322545198334,219.45492553710935,59894900,0.0,0.0,430.95197545729616,426.8009643554688,18898000,159.1581209112091,159.10833740234375,23677300
2024-09-19 00:00:00-04:00,223.7308662842885,228.53383738270648,223.37288038958053,227.58914184570312,66781300,0.0,0.0,437.1240071994986,434.6076354980469,21706600,162.9912145689688,161.4281005859375,26587700
2024-09-20 00:00:00-04:00,228.68298057338347,231.78551472560144,226.3461262129669,226.92288208007807,318679900,0.0,0.0,433.1513176803596,431.2194519042969,55167100,162.78213342108606,162.87173461914062,40896400
2024-09-23 00:00:00-04:00,226.06771724362264,228.16590950652684,224.54628090601008,225.2025909423828,54146000,0.0,0.0,430.23868426031646,429.4758605957031,15128900,163.6283970678755,161.13937377929688,24150900
2024-09-24 00:00:00-04:00,227.37036953161189,228.06646416724692,224.4667129366972,226.0975341796875,43556100,0.0,0.0,428.9705844602765,425.1762390136719,17015800,162.31419475907774,161.5774383544922,23332100
2024-09-25 00:00:00-04:00,223.6711754067507,226.0179683097268,222.76627973963284,225.1031188964844,42308700,0.0,0.0,425.8300552065777,428.0888366699219,13396400,160.7610436422212,160.7809600830078,18869200
2024-09-26 00:00:00-04:00,226.02791885863684,227.2212000254045,224.1484968482946,226.24668884277344,36636700,0.0,0.0,431.0411178765214,427.2962951660156,14492000,162.9215110711205,162.0155029296875,20319300
2024-09-27 00:00:00-04:00,227.1814462394898,228.23551159576573,226.0279344568732,226.5151824951172,34026000,0.0,0.0,427.5043252487667,424.0368957519531,14896100,162.09515427507873,163.2301483154297,21101300
2024-09-30 00:00:00-04:00,228.75260351180964,231.696044921875,228.36478670449856,231.696044921875,54541900,0.0,0.0,424.225137648764,426.2956848144531,16807300,162.60292056233942,165.12181091308594,20413900
2024-10-01 00:00:00-04:00,228.2355040411627,228.36476618305375,222.4878528116685,224.94403076171875,63285000,0.0,0.0,424.4629120903149,416.7751159667969,19092900,166.9537289039037,166.25680541992188,28338100
2024-10-02 00:00:00-04:00,224.62581519597003,226.09752818761768,221.771881889721,225.5108337402344,32880600,0.0,0.0,418.6475564553425,413.248291015625,16582300,165.6893137329917,165.13177490234375,17760200
2024-10-03 00:00:00-04:00,223.87999557549333,225.54064754177276,222.07018915877285,224.4070281982422,34044200,0.0,0.0,413.7436103396226,412.6637573242188,13686400,163.68814431760305,165.13177490234375,15073100
2024-10-04 00:00:00-04:00,226.62458134960903,226.72402778202945,222.87569058700512,225.5307464599609,37245100,0.0,0.0,414.3479385531917,412.188232421875,19169700,167.3221169901183,166.32650756835938,19047400
2024-10-07 00:00:00-04:00,223.243612563182,224.42695529805292,220.0913549103801,220.4493408203125,39505400,0.0,0.0,412.1288194383124,405.72894287109375,20919800,166.98361369115,162.26441955566406,22463100
2024-10-08 00:00:00-04:00,223.0447257693685,224.71531649859696,222.00059897690352,224.50650024414065,31855700,0.0,0.0,407.0762569270798,410.8507995605469,19229300,163.22019363060423,163.65826416015625,23072700
2024-10-09 00:00:00-04:00,223.9695094391901,228.46421777631028,223.57175408478048,228.25538635253903,33591100,0.0,0.0,411.9900785341084,413.5751953125,14974300,162.7323530653501,161.1493377685547,31181800
2024-10-10 00:00:00-04:00,226.50525089558744,228.2156263022252,225.89866409237996,227.75819396972656,28183500,0.0,0.0,411.3659669240718,411.9702758789063,13848400,160.16366845010265,161.3683624267578,14144100
2024-10-11 00:00:00-04:00,228.01672590281865,228.126110894907,226.06768836380624,226.27651977539065,31759200,0.0,0.0,412.2675135925343,412.4458312988281,14144900,161.41814270869355,162.5232696533203,15344300
2024-10-14 00:00:00-04:00,227.4200987868959,230.433140461172,227.32066753158787,230.00555419921875,39882100,0.0,0.0,413.8822865985765,415.2395629882813,16653100,162.9215061976869,164.2357177734375,19016100
2024-10-15 00:00:00-04:00,232.30261271123655,236.160903320606,231.0695468532438,232.5412750244141,64751400,0.0,0.0,418.2512520382671,414.84326171875,18900200,165.06207349535208,164.73353576660156,20247200
2024-10-16 00:00:00-04:00,230.30386376880503,230.8209426799016,228.55370384388215,230.48284912109372,34082200,0.0,0.0,411.3065392799767,412.2476806640625,15508900,163.80760621471472,164.43484497070312,16406000
2024-10-17 00:00:00-04:00,232.123619666284,232.5412825211578,229.22991678936268,230.8507843017578,32993800,0.0,0.0,418.4296327349341,412.8421325683594,14820000,165.00232392781157,162.21461486816406,21453400
2024-10-18 00:00:00-04:00,234.8582185948981,234.8582185948981,232.7003647541102,233.6848297119141,46431500,0.0,0.0,413.2581795909367,414.2686767578125,17145300,162.47349822564962,162.70248413085938,19757700
2024-10-21 00:00:00-04:00,233.1379171151628,235.52449481958175,233.1379171151628,235.15655517578125,36254500,0.0,0.0,412.2476842514802,414.8829345703125,14206100,162.234547045473,163.34963989257812,20946500
2024-10-22 00:00:00-04:00,232.5810627118631,234.89802497361623,231.29828871484364,234.5400390625,38846600,0.0,0.0,414.595626294547,423.5317077636719,25482200,162.26441234616763,164.41493225097656,16568100
2024-10-23 00:00:00-04:00,232.76999409553275,233.82405947286145,226.4853561254601,229.46856689453125,52287000,0.0,0.0,426.8504984713963,420.6487731933594,19654400,164.03661010564252,162.0653076171875,18280500
2024-10-24 00:00:00-04:00,228.6929229452488,229.52823345451665,227.131717270346,229.27963256835935,31109500,0.0,0.0,421.3719497046553,420.7775573730469,13581600,162.11505656598337,162.0055389404297,22412500
2024-10-25 00:00:00-04:00,228.45427709115,231.91479719738325,228.28523030841905,230.11492919921875,38802300,0.0,0.0,422.7886308311735,424.1656799316406,16899100,162.9513914150895,164.54437255859375,19828900
2024-10-28 00:00:00-04:00,232.0142415868445,233.41633904858517,231.2485466113364,232.09378051757807,36087100,0.0,0.0,427.6430661566951,422.6202392578125,14882400,168.00907708946656,165.9879913330078,32138600
2024-10-29 00:00:00-04:00,231.7954872619061,233.01859945208068,231.0198536609764,232.3622894287109,35417200,0.0,0.0,424.017135059726,427.9303894042969,17644100,166.99354716216052,168.9349822998047,42169000
2024-10-30 00:00:00-04:00,231.3082186556225,232.1634063461827,228.2653461113998,228.8122711181641,47070900,0.0,0.0,433.3692866656604,428.5049743652344,29749100,179.88667593834245,173.69400024414062,68890800
2024-10-31 00:00:00-04:00,228.05650301771783,228.5437662121666,224.10871977089283,224.6457061767578,64370100,0.0,0.0,411.4947379049696,402.568603515625,53971000,172.3698540409386,170.3587188720703,44769000
2024-11-01 00:00:00-04:00,219.7333456007168,224.0888378455061,219.03726617591772,221.66249084472656,65276700,0.0,0.0,405.20384836550784,406.5511779785156,24230400,169.3232735157594,170.53790283203125,31796500
2024-11-04 00:00:00-05:00,219.7532516264011,221.5431659237015,218.48041626355015,220.7675323486328,44944500,0.0,0.0,405.9864621175824,404.658935546875,19672300,169.18387535736116,168.49691772460938,21492700
2024-11-05 00:00:00-05:00,220.55871830266648,222.6966799421733,219.90240829460964,222.1994781494141,28111300,0.0,0.0,404.56977062634746,407.6310119628906,17626000,168.68609929058584,168.9947509765625,18242100
2024-11-06 00:00:00-05:00,221.36417152277411,224.80481443000403,219.95212032394844,221.4735565185547,54561100,0.0,0.0,408.5821007827268,416.2698669433594,26681800,173.03690778369432,175.73500061035156,33695500
2024-11-07 00:00:00-05:00,223.37286824297072,226.60467969295212,223.31320645932945,226.2069091796875,42137700,0.0,0.0,417.35969403235873,421.4710693359375,19901800,176.63105879108298,179.95639038085938,25352900
2024-11-08 00:00:00-05:00,226.1471868576639,227.63048374280507,225.39061415381417,225.93814086914065,38328800,0.25,0.0,421.3620693729889,418.6079406738281,16891400,179.85682974504894,177.5669403076172,22006200
2024-11-11 00:00:00-05:00,223.986965892186,224.68381119249955,220.5027242005297,223.22042846679688,42005600,0.0,0.0,418.588127740074,414.1201171875,24503300,177.79591845275107,179.5581512451172,17450400
2024-11-12 00:00:00-05:00,223.53899499841924,224.5743058460154,222.354350392842,223.22042846679688,40398300,0.0,0.0,414.3578665238478,419.0933837890625,19401200,179.03048606955645,180.82257080078125,25134900
2024-11-13 00:00:00-05:00,223.0014118515957,225.62952490733252,221.75703985190805,224.10641479492188,48566200,0.0,0.0,417.7163255743709,421.2431945800781,21502200,179.66766908027805,178.0946044921875,23184000
2024-11-14 00:00:00-05:00,224.00686988588797,227.8395264579333,223.98695568104733,227.1924591064453,44923900,0.0,0.0,421.04505383486753,422.91748046875,30246900,177.49723958577857,174.80909729003906,31007500
2024-11-15 00:00:00-05:00,225.3806442603365,225.89830725108277,223.26024476090137,223.9869537353516,47923700,0.0,0.0,415.91327620196233,411.13812255859375,28247600,172.9671965454628,171.73265075683594,32504600
2024-11-18 00:00:00-05:00,224.2358298771528,228.70561947942852,224.1561882479486,226.9933624267578,44633700,0.0,0.0,411.0093198489206,411.89105224609375,24727000,172.6585688053745,174.5303192138672,20135300
2024-11-19 00:00:00-05:00,225.95804731142948,229.123737666772,225.63949596937007,227.252197265625,36211800,0.0,0.0,409.2656885605185,413.9021606445313,18133500,172.95726124320882,177.3379364013672,23434900
2024-11-20 00:00:00-05:00,227.0331781982001,228.89475383274825,224.8729502483013,227.9689483642578,35169600,0.0,0.0,412.9906980283946,411.62353515625,19191700,176.56135042889815,175.2073211669922,18997100
2024-11-21 00:00:00-05:00,227.8494991340082,229.1237348668511,224.69377351516383,227.4911193847656,42108300,0.0,0.0,416.4281041493026,409.8466491699219,20780200,173.1364567662256,166.8939971923828,59734400
2024-11-22 00:00:00-05:00,227.03318893672343,229.6812162999479,227.03318893672343,228.8350372314453,38168300,0.0,0.0,408.3576032912864,413.9463806152344,24814600,165.12181631038618,164.03659057617188,38604600
2024-11-25 00:00:00-05:00,230.41789305922475,232.19982717145672,228.70563588373935,231.821533203125,90152800,0.0,0.0,415.3162958278843,415.7232971191406,27691100,165.36074656125817,166.9138946533203,33135300
2024-11-26 00:00:00-05:00,232.27945661483372,234.509376705192,232.27945661483372,234.0016632080078,45986200,0.0,0.0,416.5174436728799,424.8559265136719,23458900,166.8939932592079,168.37744140625,20486700
2024-11-27 00:00:00-05:00,233.41431778082384,234.6288260383393,232.75728573526555,233.8722381591797,33498400,0.0,0.0,421.9969878965425,419.89251708984375,18332400,168.25798309333703,168.48696899414062,19266500
2024-11-29 00:00:00-05:00,233.75278591990275,236.7392786802237,232.91657159263397,236.26144409179688,28481400,0.0,0.0,417.0137525773511,420.3590698242188,16271900,167.76016976407897,168.20819091796875,14257200
2024-12-02 00:00:00-05:00,236.20171450499868,239.70585504150455,236.0922091638524,238.51126098632807,48137100,0.0,0.0,418.4829692975226,427.8240661621094,20207200,168.02898676148365,170.73704528808594,23789100
2024-12-03 00:00:00-05:00,238.73028547870092,241.6670004646685,237.8243789850029,241.5574951171875,38861000,0.0,0.0,426.6923626928357,428.04241943359375,18302000,170.73704276945597,170.5876922607422,22248700
2024-12-04 00:00:00-05:00,241.7765092325954,243.01093178619985,240.16380790150487,241.91587829589844,44383900,0.0,0.0,429.8590208353051,434.2168884277344,26009400,170.39852227748662,173.60438537597656,31615100
2024-12-05 00:00:00-05:00,242.8914746561807,243.43898620611924,241.03984843814555,241.94573974609372,40033900,0.0,0.0,434.71321944433936,439.3787841796875,21697800,174.5900625293299,171.8820037841797,21356200
2024-12-06 00:00:00-05:00,241.81631992920728,243.5285769758241,240.99005511798387,241.7466278076172,36870600,0.0,0.0,439.0611493611207,440.3218688964844,18821000,171.2746759024565,173.9429168701172,21462400
2024-12-09 00:00:00-05:00,240.74119161135067,246.1268373888661,240.6615499788263,245.6390380859375,44649200,0.0,0.0,439.358906375019,442.75384521484375,19144400,173.3947033817355,174.80010986328125,25389600
2024-12-10 00:00:00-05:00,245.77840669680955,247.0924708459312,244.23538234840328,246.65444946289065,36914800,0.0,0.0,441.1358533918597,440.0835876464844,18469500,182.2558148271153,184.5682678222656,54813000
2024-12-11 00:00:00-05:00,246.8435859006099,249.6707953739444,245.15122786747497,245.3802032470703,45205800,0.0,0.0,440.7983204027772,445.7021484375,19200200,184.70782161706583,194.76502990722656,67894100
2024-12-12 00:00:00-05:00,245.77839247075497,247.62006903646127,244.57383373711528,246.8435821533203,32777500,0.0,0.0,445.8212274935838,446.2679443359375,20834800,194.36632666128315,191.33621215820312,34817500
2024-12-13 00:00:00-05:00,246.70421556592945,248.16758302178013,245.131327579476,247.0128173828125,33155300,0.0,0.0,445.15616611270633,443.9947204589844,20177800,190.38927563816205,189.20315551757807,25143500
2024-12-16 00:00:00-05:00,246.87345818165343,250.2481944775453,246.53497744922527,249.9097137451172,51694800,0.0,0.0,443.99473862109255,448.2831115722656,23598800,192.2432425689094,196.02093505859372,44934900
2024-12-17 00:00:00-05:00,248.9540440613884,252.68716009783537,248.655391740455,252.33872985839844,51356400,0.0,0.0,447.70736185197006,451.132080078125,22733500,196.60901291047236,194.7849578857422,43504000
2024-12-18 00:00:00-05:00,251.02467749046983,253.13512753347692,246.62457993830327,246.9331817626953,56774100,0.0,0.0,448.0151211482652,434.1871337890625,24444500,194.5856103947524,187.7877655029297,34166100
2024-12-19 00:00:00-05:00,246.3856613682502,250.86540066585476,245.97750369773613,248.66534423828125,60882300,0.0,0.0,438.3861274271586,433.8297424316406,22963700,191.00728679661609,187.8974151611328,32265200
2024-12-20 00:00:00-05:00,246.9232356335886,253.8519061074548,244.58382522076937,253.34420776367188,147495300,0.0,0.0,429.9384288666516,433.4028930664063,64263700,185.1762848637503,190.7879943847656,63462900
2024-12-23 00:00:00-05:00,253.6229329525933,254.49896052911285,252.30886880268173,254.1206817626953,40858800,0.0,0.0,433.5418234500031,432.062744140625,19152500,191.99406521325344,193.9975433349609,25675000
2024-12-24 00:00:00-05:00,254.3397007808045,257.04744042152294,254.14058909817476,257.0375061035156,23234700,0.0,0.0,431.4671320524487,436.1128540039063,7164500,194.20684004621347,195.47271728515625,10403300
2024-12-26 00:00:00-05:00,257.02754060124687,258.9289447577566,256.4700643478404,257.8537902832031,27237100,0.0,0.0,435.8647231164583,434.9018249511719,8194200,194.51583613513964,194.96438598632807,12046600
2024-12-27 00:00:00-05:00,256.66914450564,257.53525297635,251.92063167469624,254.43923950195312,42355300,0.0,0.0,431.4175228637617,427.3773193359375,18117700,194.31647638353087,192.1335906982422,18891400
2024-12-30 00:00:00-05:00,251.0943626150189,252.3586488565982,249.62103037787767,251.0644989013672,35557500,0.0,0.0,422.940089683055,421.7190856933594,13158700,189.1832377151322,190.6185607910156,14264700
2024-12-31 00:00:00-05:00,251.30340504047,252.1396193404696,248.3069476803406,249.29249572753903,39480700,0.0,0.0,422.9797426113928,418.4134216308594,13246500,190.45907478557157,188.6848602294922,17466900
2025-01-02 00:00:00-05:00,247.8092203593721,247.9784683255357,240.73124671787497,242.75210571289065,55740700,0.0,0.0,422.4139505741353,415.5148315429688,16896500,190.03045932269364,188.81442260742188,20370800
2025-01-03 00:00:00-05:00,242.2642974853516,243.08059762167903,240.800914792456,242.2642974853516,40244100,0.0,0.0,417.99651176266025,420.2499084472656,16662900,190.74811471378376,191.166748046875,18596200
2025-01-06 00:00:00-05:00,243.210031063562,246.21643825220417,242.10502805254345,243.8969268798828,45045600,0.0,0.0,424.865875513533,424.7169799804688,20573600,193.34964695093385,196.23025512695312,29563600
2025-01-07 00:00:00-05:00,241.8859985205852,244.44443460073455,240.263347789176,241.11947631835935,40856000,0.0,0.0,425.8585548495616,419.277099609375,18139100,196.46946706904492,194.854736328125,26487200
2025-01-08 00:00:00-05:00,240.83078235887348,242.6127316047624,238.9692066706783,241.60726928710935,37628900,0.0,0.0,420.3590987735397,421.4510498046875,15054600,191.944242637603,193.3197479248047,24864800
2025-01-10 00:00:00-05:00,238.9293914792433,239.07872524452853,231.9509582467745,235.78363037109372,61710900,0.0,0.0,421.5205096250477,415.8821105957031,20201100,193.6685895212531,191.4159240722656,26665200
2025-01-13 00:00:00-05:00,232.47855694506205,233.61342361918983,228.68571346021636,233.3446350097656,49630700,0.0,0.0,412.19930745359136,414.1350402832031,17604800,189.4523648405139,190.3892974853516,21823700
2025-01-14 00:00:00-05:00,233.69305795736565,235.0568847872792,231.4233246799516,232.22967529296875,39435300,0.0,0.0,414.7504731982745,412.6261596679688,16935900,190.6185379959385,189.04367065429688,17174900
2025-01-15 00:00:00-05:00,233.5835582088168,237.88411516800545,233.3744970274307,236.79901123046875,39832000,0.0,0.0,416.06078709453215,423.1882019042969,19637800,192.462522950062,194.9145355224609,21776000
2025-01-16 00:00:00-05:00,236.2813537200708,236.93837057014852,227.00330909981085,227.23226928710935,71759100,0.0,0.0,425.5607418772124,421.4708862304688,15300000,193.50911023082176,192.2831115722656,17815400
2025-01-17 00:00:00-05:00,231.0749139636463,231.24414674448963,227.4513030577177,228.94454956054688,68488300,0.0,0.0,430.9112808415576,425.8883361816406,26197500,195.89135939313564,195.3630828857422,27735100
2025-01-21 00:00:00-05:00,222.9914505136237,223.40955766052627,218.39225670760808,221.6375732421875,98070400,0.0,0.0,427.04974598441896,425.3621826171875,26085700,198.4231075033933,197.4064178466797,29971300
2025-01-22 00:00:00-05:00,218.80041619812283,223.1109227348787,218.80041619812283,222.82223510742188,64126500,0.0,0.0,434.3558409675422,442.9325866699219,27803800,198.41313252508547,197.72537231445312,26200600
2025-01-23 00:00:00-05:00,223.72815445577547,226.0078374632505,221.29913768199057,222.65301513671875,60234800,0.0,0.0,438.7633112450764,443.4388122558594,18389300,197.4961383891992,197.33665466308597,26951400
2025-01-24 00:00:00-05:00,223.7679421578224,224.614121166801,220.4131202139208,221.7769470214844,54697900,0.0,0.0,441.9002090925553,440.8082580566406,15549500,197.4562585325301,199.5594024658203,23877500
2025-01-27 00:00:00-05:00,223.01138591977585,231.10477141655377,222.9715575076631,228.82508850097656,94863400,0.0,0.0,420.90507512895306,431.3778076171875,35647800,191.7847629127979,191.18670654296875,41728900
2025-01-28 00:00:00-05:00,229.81063008981928,239.1085741517517,229.7708016788408,237.187255859375,75707600,0.0,0.0,431.4175234893937,443.9252624511719,23491700,192.1236428916819,194.6653594970703,24157900
2025-01-29 00:00:00-05:00,233.0658900359753,238.78005164957875,232.9563846938824,238.2823028564453,45486100,0.0,0.0,443.4189695822032,439.09088134765625,23581400,194.92450036864415,194.7749938964844,18218300
2025-01-30 00:00:00-05:00,237.59540286874545,239.70585285329432,236.14198492507637,236.520263671875,55658300,0.0,0.0,415.7034295288443,411.95111083984375,54586300,197.35658576249432,200.21725463867188,24354700
2025-01-31 00:00:00-05:00,246.07705979363328,246.07705979363328,232.3889674810629,234.93743896484372,100959800,0.0,0.0,415.9119381542539,412.0206298828125,34161900,201.34358503753185,203.3570251464844,32001100
2025-02-03 00:00:00-05:00,228.9544945887561,230.78620649590428,224.6838014511222,226.9833984375,73063300,0.0,0.0,408.5859323997036,407.9109191894531,25679100,200.0378417940518,200.5760803222656,27838300
2025-02-04 00:00:00-05:00,226.2268315478868,232.0803623471157,225.62952690670863,231.75184631347656,45067300,0.0,0.0,409.6679752687522,409.3503112792969,20532100,202.7290614411804,205.7093505859375,43856400
2025-02-05 00:00:00-05:00,227.50107667347064,231.62243633567465,227.24225275297744,231.42333984375,39620300,0.0,0.0,409.3304917519487,410.26361083984375,16316700,190.4491175677977,190.7082672119141,70373900
2025-02-06 00:00:00-05:00,230.24863411824003,232.74734282564023,229.392505571298,232.16995239257807,29925300,0.0,0.0,410.96837509421607,412.7750549316406,16309800,188.8842045098162,190.97738647460935,29297400
2025-02-07 00:00:00-05:00,231.5527419594936,232.94643248808816,226.23677336593997,226.6051177978516,39707200,0.0,0.0,413.4302096384315,406.7494812011719,22886800,190.42915245859984,184.7377014160156,49315000
2025-02-10 00:00:00-05:00,228.7876615470872,229.8041745661949,226.4257278690688,226.8741912841797,33115600,0.25,0.0,410.6804954197058,409.201416015625,20817900,186.74118938897723,185.86404418945312,23105600
2025-02-11 00:00:00-05:00,227.4223198813819,234.42836130351915,227.35256634016287,231.82725524902344,53718400,0.0,0.0,406.6402867338733,408.4270935058594,18140600,184.4287225674103,184.71778869628903,21239500
2025-02-12 00:00:00-05:00,230.41209906543347,236.15247950770552,229.89386689621963,236.06277465820312,45243300,0.0,0.0,404.2280919312538,406.0447082519531,19121700,182.62460414541653,183.01333618164065,22072600
2025-02-13 00:00:00-05:00,236.10264318513748,241.514131106333,234.7672133917818,240.70689392089844,53614100,0.0,0.0,404.01963601763975,407.5337219238281,23891700,183.7210327362961,185.5351104736328,21402500
2025-02-14 00:00:00-05:00,240.4278440984732,244.7131931693581,240.1687356269457,243.7664337158203,40896200,0.0,0.0,404.8038502840872,405.4391479492188,22758500,184.4586365233707,184.62808227539065,20448400
2025-02-18 00:00:00-05:00,243.31796980618805,244.34445851455,241.0158443494388,243.6368865966797,48822500,0.0,0.0,405.012314606688,406.6403198242188,21423100,184.9968914707244,183.1728363037109,29916700
2025-02-19 00:00:00-05:00,243.8262313730556,245.1716216090192,242.33134319523683,244.03550720214844,32204200,0.0,0.0,404.89319663470326,411.7327270507813,24114200,183.471856036052,184.6679534912109,19549400
2025-02-20 00:00:00-05:00,244.10528213544583,245.9390080304084,243.45748811790236,244.99224853515625,32316900,0.0,0.0,413.0755241021682,413.9110412597656,23508700,184.1994764251086,183.9602508544922,20441500
2025-02-21 00:00:00-05:00,245.1118418459535,247.8425098737267,244.3843338177488,244.7132110595703,53197400,0.0,0.0,415.1146156659301,406.0332946777344,27524800,184.5483215731153,179.076171875,35199200
2025-02-24 00:00:00-05:00,244.0953010258401,248.0119159709633,243.5870445183064,246.25791931152344,51326400,0.0,0.0,406.3316944915949,401.8457336425781,26443700,181.3986125849473,178.66751098632812,29854200
2025-02-25 00:00:00-05:00,247.1548399621421,249.1480241553852,244.0753740332108,246.19810485839844,48013300,0.0,0.0,398.9612079589026,395.77825927734375,29387400,177.46142612582926,174.84994506835938,41913400
2025-02-26 00:00:00-05:00,243.49736566903923,244.14514449402503,238.3150894487839,239.5408935546875,44433600,0.0,0.0,395.8877115559134,397.5985412597656,19619000,174.50109332110333,172.16868591308594,35431300
2025-02-27 00:00:00-05:00,238.5941277716784,241.6337368385667,236.25213016109493,236.49131774902344,41153600,0.0,0.0,399.1302751559888,390.4368896484375,21127400,173.4246033939964,167.9524383544922,39991000
2025-02-28 00:00:00-05:00,236.1425036842072,241.2649866571528,229.41550676334808,241.01583862304688,56833400,0.0,0.0,390.5662102627109,394.87310791015625,32845700,168.13184735576206,169.72665405273438,48130600
2025-03-03 00:00:00-05:00,240.96599177281345,243.1983635012748,235.3053560708129,237.21881103515625,47184000,0.0,0.0,396.693360360252,386.4184265136719,23007700,171.37127977724876,166.46726989746094,40770500
2025-03-04 00:00:00-05:00,236.8999245639949,239.25188262538288,233.88023638606123,235.1259765625,53798100,0.0,0.0,381.3555708063787,386.5377807617188,29342900,165.69979362882594,170.3645782470703,45388000
2025-03-05 00:00:00-05:00,234.6177134735288,235.7438674276595,228.44880585950324,234.93663024902344,47227600,0.0,0.0,387.2638814624093,398.881591796875,23433100,169.96588759666264,172.457763671875,30954900
2025-03-06 00:00:00-05:00,233.6410487970976,237.0493918731741,232.36541215599715,234.52801513671875,45170400,0.0,0.0,392.1775831353154,394.773681640625,23304600,169.97585437589512,171.78994750976562,28302000
2025-03-07 00:00:00-05:00,234.3087681523361,240.5474291949517,233.9599548362388,238.2552795410156,46273600,0.0,0.0,390.2280267594304,391.2127380371094,22034100,170.70347150998992,173.29502868652344,27385800
2025-03-10 00:00:00-04:00,234.73730306532093,235.35520052510583,223.45588808739055,226.70477294921875,72071200,0.0,0.0,383.7825787420743,378.13287353515625,32840100,167.906369246359,165.52139282226562,43604000
2025-03-11 00:00:00-04:00,223.0472821864493,225.0703629938446,216.7089556312574,220.08740234375,76137400,0.0,0.0,376.9790454259089,378.42132568359375,30380200,164.56341811184632,163.6952362060547,39587400
2025-03-12 00:00:00-04:00,219.3898050520796,220.9943190932265,214.177632133622,216.24057006835935,62547500,0.0,0.0,380.9080172396425,381.2262878417969,24253600,166.2299041704089,166.7587890625,28372400
2025-03-13 00:00:00-04:00,215.2140760046737,216.1010424274323,207.7097381833997,208.96543884277344,61368300,0.0,0.0,381.11688044146297,376.7502746582031,20473000,165.69104376890482,162.41793823242188,31756200
2025-03-14 00:00:00-04:00,210.53009451028825,213.2208903100085,208.86578742228792,212.7624664306641,60107600,0.0,0.0,377.7548866940246,386.4880676269531,19952800,162.92686119092454,165.14219665527344,31995900
2025-03-17 00:00:00-04:00,212.5830704146544,214.48656508270392,209.25445626243933,213.27072143554688,48073400,0.0,0.0,384.6380144395121,386.6273498535156,22474300,164.68315235917976,163.9447021484375,31184300
2025-03-18 00:00:00-04:00,213.43018643369248,214.4168029665515,210.769287119016,211.96519470214844,42432400,0.0,0.0,385.0060336134189,381.4749450683594,19486900,163.3359896270705,160.3323211669922,42074800
2025-03-19 00:00:00-04:00,213.4899719913265,218.01449366985423,213.02157246340184,214.50650024414065,54385400,0.0,0.0,383.4742167490776,385.75201416015625,19185500,161.42003435006745,163.54556274414062,34275600
2025-03-20 00:00:00-04:00,213.2607508466693,216.74882322763477,211.4967785561088,213.3703765869141,48862900,0.0,0.0,383.6831116484138,384.7772521972656,18470500,161.23044451155243,162.45785522460938,28138500
2025-03-21 00:00:00-04:00,210.83902892918795,218.09421843072647,210.55998434888176,217.5261688232422,94127800,0.0,0.0,381.1765092189936,389.1736450195313,39675900,160.87119904116452,163.64535522460938,36625800
2025-03-24 00:00:00-04:00,220.2468673442068,220.7252273230714,217.8351161419945,219.977783203125,44299500,0.0,0.0,393.29158399443577,390.9839477539063,21004500,166.71888755590038,167.3275909423828,30879100
2025-03-25 00:00:00-04:00,220.0176475207108,223.3363011191594,219.32999652191663,222.98748779296875,34493600,0.0,0.0,391.8195087441688,393.0528869628906,15775000,168.62485688475655,170.2015380859375,24174400
2025-03-26 00:00:00-04:00,222.74828771017505,224.2531514656449,219.71865451354495,220.7750396728516,34466100,0.0,0.0,392.89374127883343,387.89056396484375,16108400,168.64481068044992,164.7130889892578,28901600
2025-03-27 00:00:00-04:00,220.6355197392567,224.22325730600969,219.8083464889556,223.08714294433597,37094800,0.0,0.0,388.049701698404,388.4972839355469,13766800,164.2840090226325,161.89903259277344,24508300
2025-03-28 00:00:00-04:00,220.91456609374504,223.0472725515885,216.93815819229235,217.15740966796875,39818600,0.0,0.0,386.01060482786494,376.7800903320313,21632000,160.15271877369267,154.0056610107422,48669300
2025-03-31 00:00:00-04:00,216.2704542730732,224.8511131847691,215.49311362240712,221.37301635742188,65299300,0.0,0.0,370.5534967757106,373.3883056640625,35184700,152.78821916221315,154.31500244140625,54603500
2025-04-01 00:00:00-04:00,219.0609113529448,222.91771798921508,218.15400887457568,222.4293975830078,36412700,0.0,0.0,372.65223585591366,380.1520385742188,19689500,153.29713724683472,156.73989868164062,30672900
2025-04-02 00:00:00-04:00,220.56578026164416,224.4225869866718,220.2667995775576,223.12701416015625,35905900,0.0,0.0,375.95454781806535,380.1023254394531,16092600,154.8239184605045,156.70994567871094,25041700
2025-04-03 00:00:00-04:00,204.8395564250824,206.7829234026015,200.56418252947896,202.49757385253903,103419000,0.0,0.0,372.7914870401276,371.1204223632813,30198000,150.79242377501242,150.4032440185547,46883400
2025-04-04 00:00:00-04:00,193.2292544699453,199.19884701911505,186.70157274086588,187.738037109375,125910900,0.0,0.0,362.1883363320907,357.92120361328125,49209900,147.6989298070746,145.29400634765625,62259500
2025-04-07 00:00:00-04:00,176.59612158290105,193.48835506739644,174.02491207450518,180.84161376953125,160466300,0.0,0.0,349.00902084094025,355.9517822265625,50425000,141.25250603263527,146.4415740966797,76794100
2025-04-08 00:00:00-04:00,186.0637635998773,189.69135865616963,168.63337548243626,171.83242797851562,120859500,0.0,0.0,366.2963003111999,352.6693420410156,35868900,150.9021908364876,144.39588928222656,52200200
2025-04-09 00:00:00-04:00,171.3640110222038,199.926344669284,171.30421792842867,198.1723480224609,184395900,0.0,0.0,351.65482301024804,388.4077758789063,50199700,144.11647401855743,158.37644958496094,70406200
2025-04-10 00:00:00-04:00,188.42568213047016,194.1162147014944,182.37636057603893,189.7710723876953,121880000,0.0,0.0,380.02270330397937,379.3164978027344,38024400,156.21099272991097,152.4988250732422,48022000
2025-04-11 00:00:00-04:00,185.46579368960585,198.85997858079665,185.42592149027783,197.47471618652344,87435900,0.0,0.0,378.61031016462425,386.378662109375,23839200,152.5786587351614,156.80975341796875,33636200
2025-04-14 00:00:00-04:00,210.71943358737076,212.2143217198501,200.4744681359889,201.829833984375,101352900,0.0,0.0,391.1232211496066,385.7420654296875,19251200,159.66374069863323,158.73570251464844,30333000
2025-04-15 00:00:00-04:00,201.1720967653651,202.81646776904176,199.11911932089467,201.45114135742188,51343900,0.0,0.0,386.4383315419063,383.6731567382813,17199900,158.79557178865275,155.9814910888672,27551500
2025-04-16 00:00:00-04:00,197.68401406478424,200.01603598224625,191.71442177543543,193.6079559326172,59732400,0.0,0.0,378.6401344902522,369.62841796875,21967800,152.77823911437727,153.00775146484375,28187400
2025-04-17 00:00:00-04:00,196.5279673080365,198.15241736523092,193.75744237056688,196.3087158203125,52164700,0.0,0.0,371.757014425277,365.81884765625,21120200,153.96572710201332,150.84231567382812,33046600
2025-04-21 00:00:00-04:00,192.61134997705832,193.13954254760668,189.1631347892109,192.5017242431641,46742500,0.0,0.0,360.8853609481404,357.205078125,20807300,148.5671133790027,147.35964965820312,26049100
2025-04-22 00:00:00-04:00,195.45165216386687,200.9030125684292,195.3021694205859,199.059326171875,52976400,0.0,0.0,361.44235434917846,364.864013671875,19485000,148.57707765672205,151.1516571044922,26971800
2025-04-23 00:00:00-04:00,205.29797863560773,207.29116289420588,202.1088868632085,203.9027557373047,52929200,0.0,0.0,374.05472426245655,372.3936462402344,20545500,155.28296188170384,155.0235137939453,31128800
2025-04-24 00:00:00-04:00,204.1917605029567,208.11833592046503,202.248408894664,207.65989685058597,47311000,0.0,0.0,373.696621578229,385.2347412109375,22232300,155.82180972917425,158.9452362060547,45894000
2025-04-25 00:00:00-04:00,205.66671618569228,209.0352025034097,205.49729734578435,208.5668029785156,38222300,0.0,0.0,384.93638434344297,389.7605285644531,18973200,164.72309348828867,161.61962890625,56034000
2025-04-28 00:00:00-04:00,209.2843516085664,210.7792398343419,206.7530142372406,209.4238739013672,38743100,0.0,0.0,389.86991018310994,389.0741882324219,16579400,162.08862808839123,160.2724609375,29745800
2025-04-29 00:00:00-04:00,207.97880282615472,211.51670773820763,207.65988606249564,210.4902191162109,36827600,0.0,0.0,389.2134328165618,391.9388427734375,14974000,159.98307743122987,159.8234100341797,26809000
2025-04-30 00:00:00-04:00,208.58675630135352,212.85216981941505,205.9657138762996,211.77584838867188,52286500,0.0,0.0,388.21877036685504,393.15234375,36461100,157.6479788523033,158.4662628173828,34981100
2025-05-01 00:00:00-04:00,208.3674918385056,213.82881264887996,208.18809734114117,212.59304809570312,57365700,0.0,0.0,428.8111662318345,423.1316223144531,58938100,160.11277889105028,160.96099853515625,30203200
2025-05-02 00:00:00-04:00,205.38767599056175,206.28461806468732,201.4710760745947,204.65020751953125,101010600,0.0,0.0,429.43779144193553,432.95892333984375,30757400,163.0665800855699,163.68527221679688,25715000
2025-05-05 00:00:00-04:00,202.4078790317576,203.4044712176219,197.5345438511527,198.21221923828125,69018500,0.0,0.0,430.5617862640975,433.8442077636719,20136100,162.65743494943675,163.86489868164062,21341800
2025-05-06 00:00:00-04:00,197.5345306234426,199.96620262041336,196.34858356859348,197.83349609375,51216500,0.0,0.0,429.8953841273505,430.99945068359375,15104200,161.82916262997554,162.88693237304688,21277200
2025-05-07 00:00:00-04:00,198.49125449640596,198.7603386318323,192.591430858442,195.58120727539065,68536700,0.0,0.0,431.5266230555768,431.0392456054688,23295300,163.73516530126716,151.06185913085938,127490100
2025-05-08 00:00:00-04:00,197.04619801698016,199.3682595147921,194.0165494128041,196.8169860839844,50478900,0.0,0.0,435.5948467417497,435.8335876464844,23491300,154.67425284055005,153.9557647705078,57498700
2025-05-09 00:00:00-04:00,198.32183886048443,199.85658408831688,196.86680762308345,197.8534393310547,36453900,0.0,0.0,437.6537503899646,436.3905334472656,15324200,153.84598414229956,152.42897033691406,32435300
2025-05-12 00:00:00-04:00,210.5267519291572,210.82612467262763,206.3156169574021,210.3471221923828,63775800,0.26,0.0,443.5621064267163,446.8644104003906,22821900,157.15900583261154,158.12696838378906,44138800
2025-05-13 00:00:00-04:00,209.98788789546765,212.95164926547025,208.5608995756232,212.48263549804688,51909300,0.0,0.0,445.392292323668,446.74505615234375,23618800,158.45626717049694,159.19471740722656,42382100
2025-05-14 00:00:00-04:00,211.9836919036665,213.4905292428568,210.1375877621875,211.8839111328125,49325800,0.0,0.0,445.750387563396,450.5247802734375,19902800,159.6238271640479,165.02244567871094,48755900
2025-05-15 00:00:00-04:00,210.506803034962,212.51258988469863,209.0997617101353,211.00575256347656,45029500,0.0,0.0,449.1894577663049,451.5411987304688,21992300,165.49145599350894,163.61541748046875,33146700
2025-05-16 00:00:00-04:00,211.9138418912236,212.12340739052024,209.3292870180407,210.81614685058597,54737900,0.0,0.0,450.4649981824022,452.6772155761719,23849800,167.3774855147182,165.84072875976562,42846900
2025-05-19 00:00:00-04:00,207.47318710280223,209.0398806327114,203.83084657536088,208.3413543701172,46140500,0.0,0.0,449.299072638698,457.2610473632813,21336500,164.16425471766837,166.1899871826172,30426100
2025-05-20 00:00:00-04:00,207.23369558110693,208.03201787298204,204.5992426766309,206.42539978027344,42496600,0.0,0.0,453.9925667897047,456.56353759765625,15441800,166.08022402030295,163.6353759765625,46607700
2025-05-21 00:00:00-04:00,204.7389515122616,206.6050179110669,200.2883301620853,201.66542053222656,59211800,0.0,0.0,452.97614166677727,450.983154296875,19216900,163.34598924433868,168.20574951171875,73416000
2025-05-22 00:00:00-04:00,200.28832240028711,202.32402973584547,199.28043462788852,200.93695068359372,46742400,0.0,0.0,453.3548479183862,453.26513671875,18025600,171.48884617085898,170.51089477539062,74864400
2025-05-23 00:00:00-04:00,193.2630967266574,197.28462846236872,193.053546464468,194.8597412109375,78432900,0.0,0.0,448.4022819903825,448.6015625,16883500,168.70469265151235,168.11593627929688,35211400
2025-05-27 00:00:00-04:00,197.8833769105113,200.31825293342968,197.01519441683536,199.78936767578125,56288500,0.0,0.0,454.879446629969,459.0746765136719,20974300,169.80238932071725,172.53662109375,37995700
2025-05-28 00:00:00-04:00,200.16857290124128,202.3040763244224,199.4800200994256,199.9989318847656,45339700,0.0,0.0,459.6028599574514,455.7563781738281,17086300,172.79607866823434,171.9977569580078,34784000
2025-05-29 00:00:00-04:00,203.15228556391767,203.38179807643976,198.09293019267844,199.5299072265625,51396800,0.0,0.0,459.9316790284528,457.0717468261719,13974800,173.63431165912297,171.49880981445312,29317300
2025-05-30 00:00:00-04:00,198.95112277889336,201.53569281345096,196.3665679710664,200.4280242919922,70819900,0.0,0.0,458.1080789456966,458.7458190917969,34770500,170.98989433565492,171.3790740966797,52639900
2025-06-02 00:00:00-04:00,199.85921507319503,201.70533435611304,199.69954757512767,201.27622985839844,35423300,0.0,0.0,455.5371682861151,460.3502197265625,16626500,167.4872574240746,168.6747589111328,38612300
2025-06-03 00:00:00-04:00,200.92697696252267,203.34189080211323,200.53779694760377,202.8429412841797,46381600,0.0,0.0,459.85196958801225,461.3467102050781,15743800,167.13800921175007,165.83074951171875,45084900
2025-06-04 00:00:00-04:00,202.4836823743862,205.80668775064265,201.67538665008357,202.3938751220703,43604000,0.0,0.0,462.3730793208357,462.2435302734375,14162700,166.38956355967437,167.69680786132812,26900800
2025-06-05 00:00:00-04:00,203.07244608657663,204.3198198340372,199.72947835269025,200.2084808349609,55126100,0.0,0.0,463.3296970825432,466.0401611328125,20131700,169.98200425737,167.8564910888672,36379100
2025-06-06 00:00:00-04:00,202.5734966384944,205.26782088834017,201.62549563553227,203.49156188964844,46607700,0.0,0.0,468.4417212017894,468.730712890625,15285600,170.47097086402252,173.31497192382812,35731800
2025-06-09 00:00:00-04:00,203.96057412654167,205.56719211084612,199.59976040917107,201.02674865722656,72862600,0.0,0.0,468.05311353771793,471.0924072265625,16469900,174.38402968862113,175.93264770507812,28935900
2025-06-10 00:00:00-04:00,200.17855851367187,203.9206800071224,200.1486227598628,202.24420166015625,54672600,0.0,0.0,469.53787169847936,469.2688293457031,15375900,176.04254985052344,178.44041442871094,61766100
2025-06-11 00:00:00-04:00,203.0724503091444,204.07034932786252,197.99314795828437,198.36236572265625,60989900,0.0,0.0,468.37197033665615,470.9628601074219,16399200,179.60936400867158,177.1915283203125,31646800
2025-06-12 00:00:00-04:00,198.66173587371063,199.26046614106752,196.94534836583952,198.78147888183597,43904600,0.0,0.0,473.3544415367432,477.1909484863281,18950600,176.02256609234394,175.54299926757812,20941900
2025-06-13 00:00:00-04:00,199.3103695725812,199.9490243445518,195.2888376882346,196.03726196289065,51447300,0.0,0.0,474.7395752703882,473.2946472167969,16814500,172.28591297451578,174.513916015625,27663100
2025-06-16 00:00:00-04:00,196.8854859861783,198.27256505925683,196.1470352061455,198.0031280517578,43020700,0.0,0.0,473.5437784887318,477.46002197265625,15626100,174.57385966373928,176.61204528808594,27389200
2025-06-17 00:00:00-04:00,196.78567812068,197.97318035709665,194.79986887227625,195.2289581298828,38856200,0.0,0.0,473.7331030955977,476.3638610839844,15414100,175.5429937823964,175.7927703857422,24973000
2025-06-18 00:00:00-04:00,195.5283374204853,197.15491770400297,194.66017014117492,196.1669921875,45394700,0.0,0.0,476.3239856832242,478.5561218261719,17526500,175.8527140571151,173.16513061523438,28707500
2025-06-20 00:00:00-04:00,197.82351706190548,201.27623931614943,196.44641147314488,200.5777130126953,96813500,0.0,0.0,480.53918652379775,475.7261047363281,37576200,173.7945541672621,166.4910888671875,75659900
2025-06-23 00:00:00-04:00,201.20637663769037,201.87496712850407,198.54198818263384,201.0766448974609,55814300,0.0,0.0,476.5332346653025,484.2959289550781,24864000,166.1214256591391,165.04238891601562,57671000
2025-06-24 00:00:00-04:00,202.16436301176623,203.0125832870988,199.77938491343545,199.87918090820312,54064000,0.0,0.0,487.23560408546166,488.3915100097656,22305600,166.77084680791774,166.62098693847656,40524300
2025-06-25 00:00:00-04:00,201.02675088646447,203.2420878888105,200.19849288768373,201.1365203857422,39525700,0.0,0.0,490.314771223071,490.5439453125,17495100,167.48021861146748,170.52748107910156,35479000
2025-06-26 00:00:00-04:00,201.00680230384165,202.2142668779585,199.04095514509615,200.5777130126953,50799100,0.0,0.0,491.2514824256969,495.705810546875,21578900,172.275909497391,173.38491821289062,31796700
2025-06-27 00:00:00-04:00,201.46584280819525,202.79305039965564,199.57981417332655,200.6575469970703,73188600,0.0,0.0,495.80545117387857,494.20111083984375,34539200,173.3849216100962,178.37046813964844,108140200
2025-06-30 00:00:00-04:00,201.58557286233471,206.95427439094752,198.84135059390303,204.7389373779297,91912800,0.0,0.0,495.2972567719388,495.66595458984375,28369000,180.6184624108643,176.07252502441406,63378900
2025-07-01 00:00:00-04:00,206.23578409144605,209.74839282792448,205.70689884063933,207.3833770751953,78788900,0.0,0.0,494.7292533047111,490.3247375488281,19945400,175.5829598377131,175.682861328125,35904500
2025-07-02 00:00:00-04:00,208.47108532398715,212.8917706186518,207.7026988246806,211.99366760253903,67941800,0.0,0.0,488.2719538404123,489.36810302734375,16319600,175.38312608280393,178.48036193847656,29128900
2025-07-03 00:00:00-04:00,211.70426588787652,214.1990133776075,211.3649838836884,213.1013336181641,34955800,0.0,0.0,492.07857999859937,497.0909423828125,13984800,178.34048951535135,179.36956787109375,21689700
2025-07-07 00:00:00-04:00,212.23315593085263,215.77570049162512,208.36131809352125,209.50889587402344,50229000,0.0,0.0,495.6360493014733,495.974853515625,13981600,178.89999490759814,176.63201904296875,34175600
2025-07-08 00:00:00-04:00,209.658593847986,210.985786168202,208.01205130024096,209.5687713623047,42848900,0.0,0.0,495.4965138505155,494.8786926269531,11846600,177.691079951528,174.20419311523438,40442500
2025-07-09 00:00:00-04:00,209.0897778625777,210.8859991217609,206.7846335910969,210.69639587402344,48749400,0.0,0.0,498.54580110123976,501.74456787109375,18659500,175.09340252603724,176.46217346191406,43025600
2025-07-10 00:00:00-04:00,210.06772774811225,213.03148920420767,209.58874045798785,211.9637451171875,44443600,0.0,0.0,501.2861517097084,499.7216796875,16492100,175.47306122205768,177.46127319335938,29252400
2025-07-11 00:00:00-04:00,210.12759762046792,211.68431760849728,209.41908263784933,210.7163543701172,39765800,0.0,0.0,496.72223609239006,501.5552368164063,16459500,176.6320206592132,180.02899169921875,34282900
2025-07-14 00:00:00-04:00,209.4889316669829,210.46688365912564,207.10395364435493,208.1816864013672,38840100,0.0,0.0,499.7615155353931,501.2562561035156,12058800,180.84823929966976,181.3977508544922,32536600
2025-07-15 00:00:00-04:00,208.7804390594974,211.44482767792792,208.48106630115817,208.6706695556641,42296300,0.0,0.0,501.2562471634966,504.0464477539063,14927200,182.6466456022175,181.83737182617188,33448300
2025-07-16 00:00:00-04:00,209.85816533566305,211.9537441254909,208.20164932080104,209.7184600830078,47490500,0.0,0.0,503.4086777923076,503.8471374511719,15154400,183.07626629854497,182.80650329589844,33104200
2025-07-17 00:00:00-04:00,210.12759810142077,211.3550095983717,209.1496461257956,209.5787506103516,48068100,0.0,0.0,503.9069415603956,509.9058532714844,17503100,181.9772389358081,183.41595458984372,31992600
2025-07-18 00:00:00-04:00,210.42696659875529,211.34503189230253,209.25942654413325,210.7363128662109,48974600,0.0,0.0,512.6760872301095,508.2616271972656,21209700,185.2343153104504,184.8946228027344,34014500
2025-07-21 00:00:00-04:00,211.6543933122032,215.32665448510332,211.18537954340883,212.03358459472656,51377400,0.0,0.0,504.9333159392007,508.2715759277344,14066800,186.08356432217508,189.9301300048828,45803100
2025-07-22 00:00:00-04:00,212.6921919281017,214.49838667908327,211.78410018506472,213.9495391845703,46404100,0.0,0.0,509.1784090675831,503.4983825683594,13868600,191.328882294876,191.1690216064453,44660200
2025-07-23 00:00:00-04:00,214.54829351655,214.69797228179937,211.9637386583707,213.7000732421875,46989300,0.0,0.0,504.97320231513,504.0962829589844,16396600,191.3288822581821,190.0600128173828,58681900
2025-07-24 00:00:00-04:00,213.45060308663847,215.23685093304425,213.08138530657155,213.31089782714844,46022600,0.0,0.0,506.9860970449216,509.0887145996094,16107000,196.85393348830104,191.99827575683597,74881700
2025-07-25 00:00:00-04:00,214.24891808809048,214.7877920897316,212.95164630742312,213.4306488037109,40268800,0.0,0.0,510.6731406114392,511.9088439941406,19125700,191.80844534575607,193.0073699951172,39785900
2025-07-28 00:00:00-04:00,213.5803337758995,214.39861831079745,212.6123704732672,213.6002960205078,37858000,0.0,0.0,512.2775105607909,510.7030334472656,14308000,193.47694913334269,192.4079132080078,38139500
2025-07-29 00:00:00-04:00,213.73000061776605,214.3586818606333,210.3770745937549,210.8261260986328,51411700,0.0,0.0,513.7224399565682,510.7727966308594,16469200,192.2580327538162,195.5750732421875,41389200
2025-07-30 00:00:00-04:00,211.454797150492,211.9437731540036,207.28358653790625,208.6107940673828,45512500,0.0,0.0,513.3636552782116,511.4404296875,26380400,195.42522371418744,196.35438537597656,32445400
2025-07-31 00:00:00-04:00,208.0519764228089,209.39913099136336,206.72476887181696,207.1339111328125,80698400,0.0,0.0,553.2831833968122,531.62939453125,51617300,195.5351238856708,191.728515625,51329200
2025-08-01 00:00:00-04:00,210.4269561886582,213.131269164684,201.07664747870345,201.95480346679688,104434500,0.0,0.0,533.1241706958108,522.2723388671875,28977600,188.86108179697592,188.96099853515625,34832200
2025-08-04 00:00:00-04:00,204.0803265791815,207.44325668811337,201.2562704772093,202.9227752685547,75109300,0.0,0.0,526.4177481275262,533.7619018554688,25349000,190.11995195242244,194.8657073974609,31547400
2025-08-05 00:00:00-04:00,202.97265486934364,204.908581407206,201.73526982787087,202.49366760253903,44155100,0.0,0.0,535.2964641743647,525.8995361328125,19171600,194.5360207683401,194.4960479736328,31602300
2025-08-06 00:00:00-04:00,205.1979708684584,214.9274858636443,205.15804638253505,212.8019561767578,108483100,0.0,0.0,529.0385508551038,523.0994262695312,21355700,194.32618893507828,195.91476440429688,21562900
2025-08-07 00:00:00-04:00,218.42014073215765,220.38600300495352,216.12496995802368,219.56771850585935,90224800,0.0,0.0,524.9529190734887,519.0138549804688,16079100,196.88390160867925,196.34439086914065,26321800
2025-08-08 00:00:00-04:00,220.36603010589775,230.5146607452676,218.78934791515115,228.86813354492188,113854000,0.0,0.0,520.7676288144971,520.2095947265625,15531000,197.04376174071103,201.2400054931641,39161800
2025-08-11 00:00:00-04:00,227.6992650180531,229.3376761213044,224.54232171734583,226.95997619628903,61806100,0.26,0.0,520.4686618064882,519.9405517578125,20194400,200.7604448484553,200.8203887939453,25832400
2025-08-12 00:00:00-04:00,227.78917070894937,230.57647717809445,226.8500938879156,229.42758178710935,55626200,0.0,0.0,521.9135974657331,527.3843383789062,18667000,201.19005382143945,203.1582946777344,30397900
2025-08-13 00:00:00-04:00,230.8462285986664,234.77241529044048,230.2068337695816,233.10403442382807,69878500,0.0,0.0,530.2443026581628,518.7547607421875,19619200,203.94760013613637,201.779541015625,28342900
2025-08-14 00:00:00-04:00,233.83332460758467,234.89229562265464,230.6264418350812,232.5545654296875,51916300,0.0,0.0,520.7277467800332,520.6480102539062,20269100,201.31993610316368,202.75865173339844,25230400
2025-08-15 00:00:00-04:00,233.77337703316005,234.0531046408583,229.11788646444975,231.3657073974609,56038700,0.0,0.0,520.9370505811125,518.3461303710938,25213300,203.66784557245276,203.71778869628903,34931400
2025-08-18 00:00:00-04:00,231.4756102221476,232.8942332130852,229.88715369469057,230.66639709472656,37476200,0.0,0.0,519.7611730136332,515.286865234375,23760600,204.01753247133053,203.3181610107422,18526600
2025-08-19 00:00:00-04:00,231.05601964615852,232.64447617946885,229.1278960385577,230.3367156982422,39402600,0.0,0.0,513.1942782099028,507.9826049804688,21481000,202.84857944432244,201.389892578125,24240200
2025-08-20 00:00:00-04:00,229.75726351111015,230.2467944412184,225.55134937034356,225.7911071777344,42263900,0.0,0.0,508.0822507382742,503.9468078613281,27723000,200.55061989251405,199.1418914794922,28955500
2025-08-21 00:00:00-04:00,226.05087353353892,226.30063142153253,223.56327948127884,224.68218994140625,30621200,0.0,0.0,502.7490438063696,503.2980041503906,18443300,199.57150268554688,199.57150268554688,19774600
2025-08-22 00:00:00-04:00,225.95095699429652,228.8681272027074,225.1916985271248,227.53941345214844,42477800,0.0,0.0,503.3079962424447,506.2824401855469,24324200,202.54883983863883,205.9058380126953,42827000
2025-08-25 00:00:00-04:00,226.26065308481304,229.0779292721956,226.01089520624416,226.94000244140625,30983100,0.0,0.0,505.6835608535286,503.3179931640625,21638600,206.2455237198617,208.3036956787109,29928900
2025-08-26 00:00:00-04:00,226.65028173376103,229.26775474756235,224.4724002828088,229.08792114257807,54575100,0.0,0.0,503.4177851675948,501.1021423339844,30835700,207.32455950181813,206.95489501953125,28464100
2025-08-27 00:00:00-04:00,228.38860049855515,230.676376013076,228.03893336267103,230.26678466796875,31259500,0.0,0.0,501.0621996360583,505.7933349609375,17277900,205.51617805576652,207.29458618164065,23022900
2025-08-28 00:00:00-04:00,230.59647266873003,233.1839607581121,229.11789497993007,232.33477783203125,38074700,0.0,0.0,506.1426727693108,508.68792724609375,18015600,207.0648053873533,211.4508819580078,32339300
2025-08-29 00:00:00-04:00,232.284813175836,233.15398096397084,231.145917853049,231.9151763916016,39418400,0.0,0.0,507.7097597194238,505.7434387207031,20961600,210.3218773757616,212.71974182128903,39728400
2025-09-02 00:00:00-04:00,229.02798202980685,230.6264386017744,226.75019132336067,229.49752807617188,44075600,0.0,0.0,499.53505401941584,504.1763610839844,18128000,208.25374472878948,211.16114807128903,47523000
2025-09-03 00:00:00-04:00,236.9802851593088,238.6186963224971,234.133039090421,238.2390594482422,66427800,0.0,0.0,502.8488615493355,504.4059448242188,16345100,226.00786746880672,230.45388793945312,103336100
2025-09-04 00:00:00-04:00,238.2190615253141,239.66765417218173,236.51072617258424,239.5477752685547,47549400,0.0,0.0,503.3578996917829,507.0210571289063,15509500,229.4447813472723,232.0924224853516,51684200
2025-09-05 00:00:00-04:00,239.7675678194568,241.0862967595893,238.25903569310344,239.45787048339844,54870400,0.0,0.0,508.1190099054552,494.0752868652344,31994800,231.9925075217388,234.79000854492188,46588900
2025-09-08 00:00:00-04:00,239.06825064349684,239.9174183063481,236.11111057683257,237.64962768554688,48999500,0.0,0.0,497.1794589519428,497.2693176269531,16771000,235.47000122070312,234.0399932861328,32474700
2025-09-09 00:00:00-04:00,236.7704743513664,238.5487492683241,233.13400016518185,234.123046875,66313900,0.0,0.0,500.4932596555404,497.4789123535156,14410500,234.1699981689453,239.6300048828125,38061000
2025-09-10 00:00:00-04:00,231.96513778704136,232.19491077497392,225.73117543382176,226.5703582763672,83440800,0.0,0.0,502.04038173392,499.4352416992188,21611800,238.8999938964844,239.1699981689453,35141100
2025-09-11 00:00:00-04:00,226.6602772530751,230.22681187017156,226.43048902665416,229.8072204589844,50208600,0.0,0.0,501.3117399538871,500.0740661621094,18881600,239.8800048828125,240.3699951171875,30599300
2025-09-12 00:00:00-04:00,228.9980136278554,234.28288383192944,228.7982103662064,233.84332275390625,55824200,0.0,0.0,505.70352006176233,508.9474487304688,23624900,240.3699951171875,240.8000030517578,26771600
2025-09-15 00:00:00-04:00,236.7704766731017,237.95932665324483,234.8023833057073,236.47076416015625,42699500,0.0,0.0,507.8395136770829,514.397216796875,17143800,244.66000366210935,251.6100006103516,58383800
2025-09-16 00:00:00-04:00,236.9502954777413,240.98639147239973,236.09114297984144,237.9193572998047,63421100,0.0,0.0,515.9144004162443,508.0890502929688,19711900,252.0800018310547,251.16000366210935,34109700
2025-09-17 00:00:00-04:00,238.73857528095925,239.86748583209587,237.4997706474641,238.7585601806641,46508000,0.0,0.0,509.6660849144807,509.0671997070313,15816600,251.22000122070312,249.52999877929688,34108000
2025-09-18 00:00:00-04:00,239.737599946219,240.9664044724694,236.4208079152849,237.64962768554688,44249600,0.0,0.0,510.5344514878828,507.5001525878906,18913700,251.67999267578125,252.02999877929688,31239500
2025-09-19 00:00:00-04:00,240.9963687007352,246.0614658116388,239.9773675285625,245.26223754882807,163741300,0.0,0.0,509.6061757592278,516.96240234375,52474100,253.25,254.72000122070312,55571400
2025-09-22 00:00:00-04:00,248.05953649140056,256.3914711896616,247.8797028858207,255.8319854736328,105517400,0.0,0.0,514.6268375894382,513.4889526367188,20009300,254.42999267578125,252.52999877929688,32290500
2025-09-23 00:00:00-04:00,255.63220171436936,257.0907792625319,253.33442606621003,254.18359375,60275200,0.0,0.0,512.8401566617626,508.2787170410156,19799600,253.0399932861328,251.66000366210935,26628000
2025-09-24 00:00:00-04:00,254.9728287261993,255.4923293909784,250.79686899703333,252.06564331054688,42303700,0.0,0.0,509.4265417419943,509.1969604492188,13533700,251.66000366210935,247.13999938964844,28201000
2025-09-25 00:00:00-04:00,252.9647721258288,256.9209435623003,251.466224879955,256.6212158203125,55202100,0.0,0.0,507.3504106819217,506.0827941894531,15786500,244.3999938964844,245.7899932861328,31020400
2025-09-26 00:00:00-04:00,253.8539172209246,257.3505275669758,253.5342198150173,255.2126007080078,46076300,0.0,0.0,509.1071380786861,510.5045166015625,16213100,247.07000732421875,246.5399932861328,18503200
2025-09-29 00:00:00-04:00,254.3134727315257,254.75304905914027,252.76497075706976,254.18359375,40127700,0.0,0.0,510.5444265624633,513.6386108398438,17617800,247.8500061035156,244.0500030517578,32505800
2025-09-30 00:00:00-04:00,254.61318058017173,255.67215158054225,252.8648753735947,254.38340759277344,37704300,0.0,0.0,512.2811987663596,516.982421875,19728200,242.80999755859372,243.1000061035156,34724300
2025-10-01 00:00:00-04:00,254.7929996074261,258.53938316103813,254.6831055272507,255.20260620117188,48713900,0.0,0.0,513.8382741479315,518.7391357421875,22632300,240.75,244.8999938964844,31658200
2025-10-02 00:00:00-04:00,256.33149581258533,257.9299523535748,253.9038565188199,256.8809814453125,42630200,0.0,0.0,516.6730253227585,514.7765502929688,21222900,245.1499938964844,245.69000244140625,25483300
2025-10-03 00:00:00-04:00,254.42336451804397,258.9889308017334,253.70406057825727,257.7701110839844,49155600,0.0,0.0,516.1339509263171,516.3834838867188,15112300,244.4900054931641,245.3500061035156,30249600
2025-10-06 00:00:00-04:00,257.7401350456914,258.819106172963,254.8029951481629,256.44140625,44664100,0.0,0.0,517.6411650074094,527.5825805664062,21388600,244.77999877929688,250.42999267578125,28894700
2025-10-07 00:00:00-04:00,256.56129542181253,257.15072039039774,255.18262697514496,256.23162841796875,31955800,0.0,0.0,527.3030443984364,523.0010986328125,14615200,248.2700042724609,245.75999450683597,23181300
2025-10-08 00:00:00-04:00,256.2715719294531,258.2696351050741,255.8619653198879,257.8100891113281,36496900,0.0,0.0,522.3024933531,523.8695068359375,13363400,244.9600067138672,244.6199951171875,21307100
2025-10-09 00:00:00-04:00,257.5603136690899,257.75013209688524,252.8948383011137,253.79396057128903,38322000,0.0,0.0,521.3642478231245,521.4241333007812,18343600,244.47000122070312,241.52999877929688,27892100
2025-10-10 00:00:00-04:00,254.69310389004832,256.1317117503244,243.76369637579657,245.032470703125,61999100,0.0,0.0,518.6692706129455,510.0054626464844,24133800,241.42999267578125,236.57000732421875,33180300
2025-10-13 00:00:00-04:00,249.1384861966953,249.44818352992385,245.32217845998096,247.42015075683597,38142900,0.0,0.0,515.4452371680482,513.0896606445312,14284200,240.2100067138672,244.1499938964844,24995000
2025-10-14 00:00:00-04:00,246.36117950382103,248.60900042906025,244.46301046499008,247.5300445556641,35478000,0.0,0.0,509.2768388871209,512.610595703125,14684300,241.22999572753903,245.4499969482422,22111600
2025-10-15 00:00:00-04:00,249.24838988167792,251.5761352503302,247.2303418581919,249.09852600097656,33893600,0.0,0.0,513.9979961583023,512.4708251953125,14694700,247.25,251.02999877929688,27007700
2025-10-16 00:00:00-04:00,248.0095859666744,248.79881419551728,244.8926123625184,247.2103576660156,39777000,0.0,0.0,511.6224554411716,510.65423583984375,15559600,251.7700042724609,251.4600067138672,27997200
2025-10-17 00:00:00-04:00,247.77980070207627,253.13461023404025,247.03052706557392,252.045654296875,49147000,0.0,0.0,508.0890780500653,512.62060546875,19867800,250.75999450683597,253.3000030517578,29671600
2025-10-20 00:00:00-04:00,255.64218177653177,264.1239650925819,255.3824390623343,261.98602294921875,90483000,0.0,0.0,513.6486038577511,515.8245239257812,14665600,254.69000244140625,256.54998779296875,22350200
2025-10-21 00:00:00-04:00,261.6263807259345,265.0330818858,261.5764108568555,262.5155029296875,46695900,0.0,0.0,516.533257830336,516.6929321289062,15586200,254.7400054931641,250.4600067138672,47312100
2025-10-22 00:00:00-04:00,262.3956210979312,262.5954395959732,255.18261234613632,258.19970703125,45015300,0.0,0.0,520.1764726871388,519.5675659179688,18962700,254.3699951171875,251.69000244140625,35029400
2025-10-23 00:00:00-04:00,259.6882499566228,260.36758405794774,257.76012648314656,259.3285827636719,32754900,0.0,0.0,521.4839993377199,519.5875244140625,14023500,252.97999572753903,253.0800018310547,19901400
2025-10-24 00:00:00-04:00,260.93706434715574,263.87421967110856,258.9290010880386,262.56549072265625,38253700,0.0,0.0,521.8133604589415,522.6318359375,15532400,256.5799865722656,259.9200134277344,28655100
2025-10-27 00:00:00-04:00,264.6234656652487,268.8593494221352,264.3936774471076,268.5496520996094,44888200,0.0,0.0,530.7866236569336,530.527099609375,18734700,264.82000732421875,269.2699890136719,35235200
2025-10-28 00:00:00-04:00,268.7294713644567,269.6286240979669,267.8902885694659,268.7394714355469,41534800,0.0,0.0,548.9725518014023,541.057373046875,29986700,269.69000244140625,267.4700012207031,29738600
2025-10-29 00:00:00-04:00,269.01920560410514,271.1471476128123,266.85129379808274,269.4388122558594,51086700,0.0,0.0,543.9220119141725,540.538330078125,36023000,267.75,274.57000732421875,43580300
2025-10-30 00:00:00-04:00,271.7265709290392,273.87451306817263,268.2199910571769,271.1371459960937,69886500,0.0,0.0,529.4889853080866,524.77783203125,41023100,291.5899963378906,281.4800109863281,74876000
2025-10-31 00:00:00-04:00,276.721738255342,277.05143573891627,268.89933466249033,270.108154296875,86167100,0.0,0.0,527.8919782690999,516.8426513671875,34006400,283.2099914550781,281.19000244140625,39267900
2025-11-03 00:00:00-05:00,270.15812755648943,270.5877038096653,265.9921525413924,268.7894287109375,50194600,0.0,0.0,518.8389228578652,516.0641479492188,22374700,282.17999267578125,283.7200012207031,29786000
2025-11-04 00:00:00-05:00,268.0701070960229,271.2270502723956,267.36080327265466,269.7784729003906,49274800,0.0,0.0,510.80399534425794,513.3692016601562,20958700,276.75,277.5400085449219,30078400
2025-11-05 00:00:00-05:00,268.3498399683747,271.43687417180433,266.67147434431234,269.8783874511719,43683100,0.0,0.0,512.3410686781482,506.2125549316406,23024300,278.8699951171875,284.3099975585937,31010300
2025-11-06 00:00:00-05:00,267.6305743388968,273.1352174017799,267.6305743388968,269.5087280273437,51204000,0.0,0.0,504.7153625290288,496.1713562011719,27406500,285.3299865722656,284.75,37173600
2025-11-07 00:00:00-05:00,269.5386899523433,272.02629915101613,266.51162568814635,268.2099914550781,48227400,0.0,0.0,496.02163823572937,495.8918762207031,24019800,283.2099914550781,278.8299865722656,34479600
2025-11-10 00:00:00-05:00,268.9599914550781,273.7300109863281,267.4599914550781,269.42999267578125,41312400,0.26,0.0,499.10586069795033,505.0547180175781,26101500,284.4200134277344,290.1000061035156,29557300
2025-11-11 00:00:00-05:00,269.8099975585937,275.9100036621094,269.79998779296875,275.25,46208300,0.0,0.0,503.85694933091565,507.7297058105469,17980000,287.75,291.3099975585937,19842100
2025-11-12 00:00:00-05:00,275.0,275.7300109863281,271.70001220703125,273.4700012207031,48398000,0.0,0.0,508.4084461357136,510.1851501464844,26574900,291.67999267578125,286.7099914550781,24829900
2025-11-13 00:00:00-05:00,274.1099853515625,276.70001220703125,272.0899963378906,272.95001220703125,49602800,0.0,0.0,509.3566671737073,502.3497924804688,25273100,282.3399963378906,278.57000732421875,29494000
2025-11-14 00:00:00-05:00,271.04998779296875,275.9599914550781,269.6000061035156,272.4100036621094,47431300,0.0,0.0,497.2992409027003,509.2268981933594,28505700,271.4100036621094,276.4100036621094,31647200
2025-11-17 00:00:00-05:00,268.82000732421875,270.489990234375,265.7300109863281,267.4599914550781,45018300,0.0,0.0,507.5001596757347,506.54193115234375,19092800,285.7799987792969,285.0199890136719,52670200
2025-11-18 00:00:00-05:00,269.989990234375,270.7099914550781,265.32000732421875,267.44000244140625,45677300,0.0,0.0,494.44458869198826,492.8675537109375,33815100,287.9200134277344,284.2799987792969,49158700
2025-11-19 00:00:00-05:00,265.5299987792969,272.2099914550781,265.5,268.5599975585937,40424500,0.0,0.0,489.1844353923468,486.2099914550781,23245300,287.1600036621094,292.8099975585937,68198900
2025-11-20 00:00:00-05:00,270.8299865722656,275.42999267578125,265.9200134277344,266.25,45823600,0.0,0.0,492.7099914550781,478.4299926757813,26802500,304.5400085449219,289.45001220703125,62025200
2025-11-21 00:00:00-05:00,265.95001220703125,273.3299865722656,265.6700134277344,271.489990234375,59030800,0.0,0.0,478.5,472.1199951171875,31769200,296.4200134277344,299.6600036621094,74137700
2025-11-24 00:00:00-05:00,270.8999938964844,277.0,270.8999938964844,275.9200134277344,65585800,0.0,0.0,475.0,474.0,34421000,311.1300048828125,318.5799865722656,85165100
2025-11-25 00:00:00-05:00,275.2699890136719,280.3800048828125,275.25,276.9700012207031,46914200,0.0,0.0,474.0700073242188,476.989990234375,28019800,326.2099914550781,323.44000244140625,88632100
2025-11-26 00:00:00-05:00,276.9599914550781,279.5299987792969,276.6300048828125,277.54998779296875,33431400,0.0,0.0,486.30999755859375,485.5,25709100,320.67999267578125,319.95001220703125,51373400
2025-11-28 00:00:00-05:00,277.260009765625,279.0,275.989990234375,278.8500061035156,20135600,0.0,0.0,487.6000061035156,492.010009765625,14386700,323.3699951171875,320.17999267578125,26018600
2025-12-01 00:00:00-05:00,278.010009765625,283.4200134277344,276.1400146484375,283.1000061035156,46587700,0.0,0.0,488.4400024414063,486.739990234375,23964000,317.70001220703125,314.8900146484375,41183000
2025-12-02 00:00:00-05:00,283.0,287.3999938964844,282.6300048828125,286.19000244140625,53669500,0.0,0.0,486.7200012207031,490.0,19562700,316.739990234375,315.8099975585937,35854700
