Date,Open,High,Low,Close,Volume,Dividends,Stock Splits
2020-01-02 00:00:00-05:00,66.95867127115037,67.96522521972656,66.86332820436425,67.96522521972656,27278000,0.0,0.0
2020-01-03 00:00:00-05:00,66.93833093166674,68.21701041213593,66.90455963929347,67.60969543457031,23408000,0.0,0.0
2020-01-06 00:00:00-05:00,67.11856919518195,69.4370812039188,67.08729078696965,69.41175842285156,46768000,0.0,0.0
2020-01-07 00:00:00-05:00,69.54335656021222,69.69431580950295,69.10140504019108,69.2776870727539,34330000,0.0,0.0
2020-01-08 00:00:00-05:00,69.26328117365361,70.10894997178289,69.15453414305767,69.77078247070312,35314000,0.0,0.0
2020-01-09 00:00:00-05:00,70.6094889546629,70.94467861110725,70.02750448166115,70.50322723388672,33200000,0.0,0.0
2020-01-10 00:00:00-05:00,70.98392563781249,71.25555076930975,70.49380624465894,70.9585952758789,26258000,0.0,0.0
2020-01-13 00:00:00-05:00,71.27093190331932,71.5802987088555,70.78032005165358,71.50830078125,30730000,0.0,0.0
2020-01-14 00:00:00-05:00,71.50680981258097,71.63740929797085,70.89949492783481,71.03953552246094,26076000,0.0,0.0
2020-01-15 00:00:00-05:00,71.1602052622877,71.54554802109986,71.09267026131843,71.46708679199219,21550000,0.0,0.0
2020-01-16 00:00:00-05:00,71.77744628827148,72.03815275975688,71.50681377041046,72.01133728027344,26080000,0.0,0.0
2020-01-17 00:00:00-05:00,72.626085344564,73.52041445228143,72.32863737834732,73.46926879882812,52424000,0.0,0.0
2020-01-21 00:00:00-05:00,73.44345017940596,73.9837301623698,73.00696178186003,73.60484313964844,48930000,0.0,0.0
2020-01-22 00:00:00-05:00,73.97628733938622,74.51506708981928,73.62520837338383,73.68528747558594,28458000,0.0,0.0
2020-01-23 00:00:00-05:00,73.86802372289836,74.16348648276097,73.50899638662688,73.72599792480469,26650000,0.0,0.0
2020-01-24 00:00:00-05:00,74.12971996265826,74.19824756618672,72.65786918227317,72.80635070800781,29786000,0.0,0.0
2020-01-27 00:00:00-05:00,71.08671972598552,71.33699250078811,70.48883829793303,71.09615325927734,34132000,0.0,0.0
2020-01-28 00:00:00-05:00,71.59321023544943,72.24173713836646,71.02810757836856,72.02821350097656,29724000,0.0,0.0
2020-01-29 00:00:00-05:00,72.42347711634613,72.70553591108064,71.77445774595031,72.3360824584961,21566000,0.0,0.0
2020-01-30 00:00:00-05:00,71.41246783385319,72.26409235853124,71.25853075675514,72.21443939208984,27110000,0.0,0.0
2020-01-31 00:00:00-05:00,72.89026812670592,72.98014809578615,70.8642408722417,71.14828491210938,43822000,0.0,0.0
2020-02-03 00:00:00-05:00,72.5818823981462,73.80594554622179,72.33160968629802,73.62220764160156,71636000,0.0,0.0
2020-02-04 00:00:00-05:00,72.2263518292056,72.86444505255666,70.61446801787635,71.77545928955078,95880000,0.0,0.0
2020-02-05 00:00:00-05:00,72.6792121800727,72.72738001725605,70.99433806026747,71.8072280883789,36376000,0.0,0.0
2020-02-06 00:00:00-05:00,72.1017069989846,73.57057995499277,72.02722376835176,73.2929916381836,37822000,0.0,0.0
2020-02-07 00:00:00-05:00,72.86693661087277,73.75381754289155,72.7686157058186,73.44892120361328,28360000,0.0,0.0
2020-02-10 00:00:00-05:00,73.35555980846348,74.92721651036499,73.25475361833762,74.91629028320312,38302000,0.0,0.0
2020-02-11 00:00:00-05:00,75.145209490697,75.97002597163753,74.75688895869396,74.98580932617188,34852000,0.0,0.0
2020-02-12 00:00:00-05:00,75.27382928475085,75.49430874131542,74.91679471215745,75.41138458251953,31042000,0.0,0.0
2020-02-13 00:00:00-05:00,74.98284287407141,75.77488079404449,74.68489477219461,75.15118408203125,22914000,0.0,0.0
2020-02-14 00:00:00-05:00,75.20779068392721,75.48190111121941,74.76186114868284,75.41635131835938,23198000,0.0,0.0
2020-02-18 00:00:00-05:00,75.19835617848237,76.00379801654766,75.03299279148968,75.45160675048828,25642000,0.0,0.0
2020-02-19 00:00:00-05:00,75.83694765555981,76.01273717555429,75.52808092264881,75.72124481201172,22746000,0.0,0.0
2020-02-20 00:00:00-05:00,75.43024689467184,75.83048626235644,74.69779566759601,75.32994079589844,25962000,0.0,0.0
2020-02-21 00:00:00-05:00,74.71368322798507,75.03000583040279,73.41812216900625,73.6649169921875,42520000,0.0,0.0
2020-02-24 00:00:00-05:00,70.66511381109099,71.32705227867518,69.8576867844857,70.50670623779297,49560000,0.0,0.0
2020-02-25 00:00:00-05:00,71.0598926260904,71.35038478690109,68.54821669209058,68.84119415283203,51580000,0.0,0.0
2020-02-26 00:00:00-05:00,69.2712214294434,70.19932176165533,68.3560325324539,69.0472640991211,49776000,0.0,0.0
2020-02-27 00:00:00-05:00,67.49150271843352,68.00098920954161,65.26187799484646,65.29713439941406,62290000,0.0,0.0
2020-02-28 00:00:00-05:00,63.27906196423352,66.66272241984927,62.97615084767153,66.50382232666016,80198000,0.0,0.0
2020-03-02 00:00:00-05:00,67.10665938377004,68.89829543416829,65.80612769225289,68.84119415283203,55430000,0.0,0.0
2020-03-03 00:00:00-05:00,69.40530636805653,69.92720421557465,66.00674195489913,66.42784118652344,56602000,0.0,0.0
2020-03-04 00:00:00-05:00,67.4825543345472,68.66539786497844,66.39207605766612,68.60680389404297,47598000,0.0,0.0
2020-03-05 00:00:00-05:00,66.81666434718564,67.21790397078222,64.63620727117362,65.28771209716797,54380000,0.0,0.0
2020-03-06 00:00:00-05:00,63.06254774883927,64.69130946412695,62.42991012561368,64.34321594238281,64640000,0.0,0.0
2020-03-09 00:00:00-04:00,59.8353131816508,62.20745260056038,59.49168255231933,60.373104095458984,69252000,0.0,0.0
2020-03-10 00:00:00-04:00,62.289888932686104,63.355537217052266,60.30954404996873,63.32176971435547,54872000,0.0,0.0
2020-03-11 00:00:00-04:00,61.98597644813612,62.41600911448038,59.149040628206436,60.130271911621094,54732000,0.0,0.0
2020-03-12 00:00:00-04:00,55.746513797893854,59.03036438398447,55.04385958424716,55.19680404663086,94326000,0.0,0.0
2020-03-13 00:00:00-04:00,58.347075086419736,60.304078399115795,55.23354724050497,60.29762268066406,79400000,0.0,0.0
2020-03-16 00:00:00-04:00,54.107313960757686,56.88118149675051,52.988531177685545,53.28250503540039,96520000,0.0,0.0
2020-03-17 00:00:00-04:00,54.15846568225022,55.914352911664636,52.095693145816455,55.52007293701172,83194000,0.0,0.0
2020-03-18 00:00:00-04:00,52.63398239554666,54.871051840564625,51.49483597251045,54.1857795715332,93044000,0.0,0.0
2020-03-19 00:00:00-04:00,54.03828968438438,57.235737933634475,52.41597983595572,55.2027587890625,74064000,0.0,0.0
2020-03-20 00:00:00-04:00,56.15767505901044,56.534080583243956,52.741239806771596,53.044647216796875,82878000,0.0,0.0
2020-03-23 00:00:00-04:00,52.456698939752336,52.98008946545137,50.097967458203165,52.34546661376953,83672000,0.0,0.0
2020-03-24 00:00:00-04:00,54.82089627383241,56.27834290238124,53.94940459505659,56.11347961425781,72468000,0.0,0.0
2020-03-25 00:00:00-04:00,55.843832238847845,56.91593598188872,53.77957108607698,54.703697204589844,90324000,0.0,0.0
2020-03-26 00:00:00-04:00,55.35421570523209,58.17277701676787,54.22748827696145,57.74770736694336,76562000,0.0,0.0
2020-03-27 00:00:00-04:00,55.98735373238596,57.158278669216685,54.821891909688404,55.132747650146484,62794000,0.0,0.0
2020-03-30 00:00:00-04:00,56.24407702996615,57.155788104039814,54.548272761585835,56.92289352416992,58736000,0.0,0.0
2020-03-31 00:00:00-04:00,57.043063878326876,58.26811211137235,56.446675267858,57.69953536987305,65228000,0.0,0.0
2020-04-01 00:00:00-04:00,55.81503969905446,56.08418330124457,54.29998788869952,54.7275390625,51970000,0.0,0.0
2020-04-02 00:00:00-04:00,54.62326044918919,55.753962152647176,54.282115116824485,55.468929290771484,56410000,0.0,0.0
2020-04-03 00:00:00-04:00,55.35371730864713,55.55631850299663,53.385791673504606,54.2607536315918,51374000,0.0,0.0
2020-04-06 00:00:00-04:00,56.26195964457938,59.12967778050272,55.86469805410107,58.754268646240234,63320000,0.0,0.0
2020-04-07 00:00:00-04:00,60.43368148304381,60.620893529545036,58.459300013090534,58.72298049926758,61620000,0.0,0.0
2020-04-08 00:00:00-04:00,59.74294719569394,60.3289059468666,58.79200545437825,59.93661117553711,40334000,0.0,0.0
2020-04-09 00:00:00-04:00,60.49178169677421,60.680975159986424,59.21260232823927,59.91525650024414,54028000,0.0,0.0
2020-04-13 00:00:00-04:00,59.663493971680225,60.3100356670181,58.711559676495355,60.10594177246094,38702000,0.0,0.0
2020-04-14 00:00:00-04:00,61.57382536538522,63.35056879345546,61.00623734167442,62.82817459106445,63358000,0.0,0.0
2020-04-15 00:00:00-04:00,61.898577725439324,63.31878268719439,61.27736260381202,62.434383392333984,42236000,0.0,0.0
2020-04-16 00:00:00-04:00,62.92300874781645,63.23187924434024,61.48592196083306,62.440834045410156,57896000,0.0,0.0
2020-04-17 00:00:00-04:00,63.6460212241004,64.05817941174207,62.86639857194978,63.51194763183594,51050000,0.0,0.0
2020-04-20 00:00:00-04:00,63.05957146388508,63.403698385158826,62.39167738128082,62.62556457519531,35292000,0.0,0.0
2020-04-21 00:00:00-04:00,61.709881356272376,62.07188272751854,59.83729494932787,60.19284439086914,49648000,0.0,0.0
2020-04-22 00:00:00-04:00,61.63042922031265,63.55565024230453,61.4362689416713,62.489505767822266,46296000,0.0,0.0
2020-04-23 00:00:00-04:00,62.853494700717256,63.96632194128163,62.594781016508605,63.12313461303711,34202000,0.0,0.0
2020-04-24 00:00:00-04:00,62.320172498657115,63.44789635340978,61.773940668732926,63.39277648925781,37402000,0.0,0.0
2020-04-27 00:00:00-04:00,64.15750128092515,64.26178538566344,62.81972784286923,63.10774230957031,44186000,0.0,0.0
2020-04-28 00:00:00-04:00,63.72051660190071,63.79797764528471,61.09760444603932,61.20734786987305,80700000,0.0,0.0
2020-04-29 00:00:00-04:00,66.78934790045282,67.54165883951754,65.88210729515733,66.6493148803711,108358000,0.0,0.0
2020-04-30 00:00:00-04:00,66.11201957490346,67.03763472110475,65.62239273502772,66.87376403808594,55842000,0.0,0.0
2020-05-01 00:00:00-04:00,65.75100006817652,67.10864053609349,65.03444570950143,65.4148178100586,48872000,0.0,0.0
2020-05-04 00:00:00-04:00,64.95847353570845,65.76987849801317,64.35662178892676,65.69190979003906,30806000,0.0,0.0
2020-05-05 00:00:00-04:00,66.41691697950115,68.08093904283001,66.29426590492336,66.98896789550781,39666000,0.0,0.0
2020-05-06 00:00:00-04:00,67.43489620672509,67.96573507924788,66.79580281692043,66.81069946289062,31732000,0.0,0.0
2020-05-07 00:00:00-04:00,67.59926435808376,68.32873785890114,67.16376853413021,67.99503326416016,30652000,0.0,0.0
2020-05-08 00:00:00-04:00,68.61773777696003,69.35365934273877,68.13059625287245,68.74287414550781,33326000,0.0,0.0
2020-05-11 00:00:00-04:00,68.3679661933899,70.29169468748732,68.30390909418357,69.69878387451172,32718000,0.0,0.0
2020-05-12 00:00:00-04:00,69.92869401506682,70.23209760902837,68.25473844878208,68.28800964355469,33918000,0.0,0.0
2020-05-13 00:00:00-04:00,68.3366751009286,68.79203814843098,65.9456648705068,66.95470428466797,40368000,0.0,0.0
2020-05-14 00:00:00-04:00,66.2192897181681,67.40361868434019,65.71178835545417,67.3782958984375,36660000,0.0,0.0
2020-05-15 00:00:00-04:00,66.95122766332483,68.25820745732415,66.4913941497389,68.18273162841797,41544000,0.0,0.0
2020-05-18 00:00:00-04:00,67.61267414754582,69.1609934145914,67.24619845412195,68.78459167480469,47094000,0.0,0.0
2020-05-19 00:00:00-04:00,68.79948120448985,69.14757473329719,68.21749670817653,68.24927520751953,31586000,0.0,0.0
2020-05-20 00:00:00-04:00,68.9822221805776,70.11789063162281,68.89582011929386,69.97537231445312,38262000,0.0,0.0
2020-05-21 00:00:00-04:00,70.06624345555898,70.337868556823,69.24192704274618,69.85569763183594,30894000,0.0,0.0
2020-05-22 00:00:00-04:00,69.71418212507929,70.36469433236083,69.31940580639626,70.17798614501953,28544000,0.0,0.0
2020-05-26 00:00:00-04:00,71.60413885227362,71.76056121271995,70.4838671234599,70.5816879272461,44590000,0.0,0.0
2020-05-27 00:00:00-04:00,70.51366858878762,70.77933810233529,69.25237109022343,70.52757263183594,31684000,0.0,0.0
2020-05-28 00:00:00-04:00,69.52050647162248,71.72827870282323,69.47482393143548,70.42626190185547,35170000,0.0,0.0
2020-05-29 00:00:00-04:00,70.53500849563842,71.34442824071525,70.31403654153002,71.18502807617188,37044000,0.0,0.0
2020-06-01 00:00:00-04:00,70.79671210149603,71.5852720478794,70.6268782127255,71.25206756591797,25162000,0.0,0.0
2020-06-02 00:00:00-04:00,71.25851563155427,71.65577716443912,70.5935994345022,71.62151336669922,23442000,0.0,0.0
2020-06-03 00:00:00-04:00,71.64087769777096,71.95421488753679,71.09067174662701,71.46955871582031,27732000,0.0,0.0
2020-06-04 00:00:00-04:00,71.3469073433277,71.57235738789437,69.81894796687253,70.23060607910156,26982000,0.0,0.0
2020-06-05 00:00:00-04:00,70.29716055526652,71.81966465700255,69.89890632458756,71.5078125,42642000,0.0,0.0
2020-06-08 00:00:00-04:00,70.82550690785413,71.95371938382533,70.73611946163942,71.90605163574219,33878000,0.0,0.0
2020-06-09 00:00:00-04:00,71.76701395697853,72.88728563936604,71.62399555303219,72.1066665649414,33624000,0.0,0.0
2020-06-10 00:00:00-04:00,72.57493747641008,73.13407689716648,72.21988814953893,72.73334503173828,31762000,0.0,0.0
2020-06-11 00:00:00-04:00,71.55795600242254,72.0828392479217,69.44155631952972,69.61486053466797,47144000,0.0,0.0
2020-06-12 00:00:00-04:00,70.80465018402187,71.23419033508823,68.81537214700396,70.1620864868164,36676000,0.0,0.0
2020-06-15 00:00:00-04:00,68.99860289022061,70.76193818640867,68.88488527437143,70.55039978027344,30468000,0.0,0.0
2020-06-16 00:00:00-04:00,71.95372336605863,72.35942585801052,70.9600807295404,71.82809448242188,30648000,0.0,0.0
2020-06-17 00:00:00-04:00,72.14938384823937,72.60920983291969,71.2649807086044,72.1295166015625,30610000,0.0,0.0
2020-06-18 00:00:00-04:00,71.99594014241761,72.15086981349691,70.82352252928263,71.21482849121094,34862000,0.0,0.0
2020-06-19 00:00:00-04:00,71.50680901376434,71.73026627650552,70.46399835145995,70.74407196044922,52784000,0.0,0.0
2020-06-22 00:00:00-04:00,70.76244702073843,72.05055983277585,70.47343996852237,72.0361557006836,29442000,0.0,0.0
2020-06-23 00:00:00-04:00,72.10270529949794,73.25476320519093,71.75510423386123,72.69760131835938,37752000,0.0,0.0
2020-06-24 00:00:00-04:00,72.66283584354171,73.284047173786,71.01023261158954,71.1443099975586,31592000,0.0,0.0
2020-06-25 00:00:00-04:00,71.07081245432276,71.62201107158246,70.49081315049759,71.56143188476562,23958000,0.0,0.0
2020-06-26 00:00:00-04:00,71.14083539885146,71.3588295538996,67.2859228390437,67.66033935546875,97640000,0.0,0.0
2020-06-29 00:00:00-04:00,67.5510965388041,69.42120160808253,67.11957113332669,69.3799819946289,45074000,0.0,0.0
2020-06-30 00:00:00-04:00,69.36558782541128,70.71229477578841,68.871490423538,70.41683197021484,40286000,0.0,0.0
2020-07-01 00:00:00-04:00,70.47245669422166,71.92791828464271,70.2246616420495,71.60613250732422,42182000,0.0,0.0
2020-07-02 00:00:00-04:00,72.09475014363011,73.91618694295322,72.05650835115391,72.99304962158203,57218000,0.0,0.0
2020-07-06 00:00:00-04:00,73.89782139127526,74.98283672357624,73.34314484733716,74.46887969970703,44712000,0.0,0.0
2020-07-07 00:00:00-04:00,74.29408433333198,75.54495545817291,73.97478391717789,73.98571014404297,42364000,0.0,0.0
2020-07-08 00:00:00-04:00,74.52599101296335,75.04094065837363,74.10389915223111,74.66503143310547,31766000,0.0,0.0
2020-07-09 00:00:00-04:00,74.97936170940798,75.9332850768622,74.26727774875336,75.41287231445312,41836000,0.0,0.0
2020-07-10 00:00:00-04:00,75.14422899077879,76.53911136062698,74.52202496840695,76.42340850830078,35918000,0.0,0.0
2020-07-13 00:00:00-04:00,76.96616497127292,78.27811557578711,74.81202339647265,75.09358215332031,42954000,0.0,0.0
2020-07-14 00:00:00-04:00,74.12823553437825,75.6184533024254,73.78758272277796,75.5221176147461,38108000,0.0,0.0
2020-07-15 00:00:00-04:00,75.63980057926288,76.29031268421016,74.37850328273365,75.32447814941406,31026000,0.0,0.0
2020-07-16 00:00:00-04:00,74.56074859230361,75.27631804297296,73.90378070172108,75.22715759277344,26484000,0.0,0.0
2020-07-17 00:00:00-04:00,75.3259758610201,75.64974684936665,74.39191966990278,75.322998046875,34264000,0.0,0.0
2020-07-20 00:00:00-04:00,75.23112844043321,77.91313106864892,74.62034318261358,77.65640258789062,30166000,0.0,0.0
2020-07-21 00:00:00-04:00,78.70864268855435,78.80894879349559,77.09923661453773,77.26310729980469,27486000,0.0,0.0
2020-07-22 00:00:00-04:00,77.25268783886976,77.8123274555096,76.63296154139273,77.70655822753906,24482000,0.0,0.0
2020-07-23 00:00:00-04:00,77.76017158432137,77.97965840522332,74.91280611651942,75.3180160522461,33910000,0.0,0.0
2020-07-24 00:00:00-04:00,74.44604426009818,75.25247869252917,73.87001533571343,74.89395141601562,29902000,0.0,0.0
2020-07-27 00:00:00-04:00,75.14471356949954,76.35138723256271,75.09853094085834,75.94766998291016,27124000,0.0,0.0
2020-07-28 00:00:00-04:00,75.72770374031859,75.77785679558413,74.51208884949479,74.66751861572266,30910000,0.0,0.0
2020-07-29 00:00:00-04:00,74.73454996381882,76.14134347579515,74.63572897642125,75.6537094116211,22676000,0.0,0.0
2020-07-30 00:00:00-04:00,74.38545685591691,76.51676082705961,74.24641643772134,76.3916244506836,36042000,0.0,0.0
2020-07-31 00:00:00-04:00,74.33977117600368,74.73554004885563,72.20201157644132,73.88788604736328,91468000,0.0,0.0
2020-08-03 00:00:00-04:00,74.03934550111532,74.37353500496488,73.08194428652723,73.63016510009766,45482000,0.0,0.0
2020-08-04 00:00:00-04:00,73.82631690480552,74.14412465541517,72.70008194737242,73.16040802001953,37212000,0.0,0.0
2020-08-05 00:00:00-04:00,73.33520430169227,73.98968686206358,73.05711589231713,73.44792175292969,29134000,0.0,0.0
2020-08-06 00:00:00-04:00,73.30193223362062,74.79761308231619,73.09088631186657,74.73206329345703,33306000,0.0,0.0
2020-08-07 00:00:00-04:00,74.93515777997108,75.48387103721663,73.80445249632602,74.40531158447266,27718000,0.0,0.0
2020-08-10 00:00:00-04:00,74.029405602229,74.84130303996274,73.36845981921181,74.3283462524414,20546000,0.0,0.0
2020-08-11 00:00:00-04:00,74.18831458702142,75.00469020881044,73.40323253058286,73.51992797851562,31098000,0.0,0.0
2020-08-12 00:00:00-04:00,73.84667366406597,75.06576635475058,73.74139696217233,74.84577941894531,22512000,0.0,0.0
2020-08-13 00:00:00-04:00,74.89395048360689,76.32210394410787,74.89395048360689,75.31305694580078,22388000,0.0,0.0
2020-08-14 00:00:00-04:00,75.16210085388852,75.46898996737282,74.43660535149617,74.71617889404297,21942000,0.0,0.0
2020-08-17 00:00:00-04:00,75.27929014145775,75.66711817659517,74.73454723488275,75.29269409179688,19990000,0.0,0.0
2020-08-18 00:00:00-04:00,75.78331358124228,77.33511065944776,75.56234161741558,77.25615692138672,28378000,0.0,0.0
2020-08-19 00:00:00-04:00,77.09277539659304,77.9056730464464,76.47255668317996,76.70147705078125,30472000,0.0,0.0
2020-08-20 00:00:00-04:00,76.47107420399901,78.46730826674126,76.19746386445098,78.27265167236328,26382000,0.0,0.0
2020-08-21 00:00:00-04:00,78.05167574489523,79.04880400658543,77.580430975035,78.2388916015625,34838000,0.0,0.0
2020-08-24 00:00:00-04:00,79.07808990589221,79.88800981322825,78.21256140841734,78.714599609375,25638000,0.0,0.0
2020-08-25 00:00:00-04:00,78.46382111596415,79.89296708362019,78.35358139397559,79.74250793457031,25150000,0.0,0.0
2020-08-26 00:00:00-04:00,79.76486364100212,82.07344239542118,79.50068682991096,81.64340209960938,52188000,0.0,0.0
2020-08-27 00:00:00-04:00,81.76654758378608,81.83507518777941,80.38606945778591,80.86824798583984,31350000,0.0,0.0
2020-08-28 00:00:00-04:00,80.91542137625561,81.50534674275372,80.72374261037626,81.41000366210938,22418000,0.0,0.0
2020-08-31 00:00:00-04:00,81.61559094306867,81.66177357903628,80.7098429930012,80.91840362548828,26422000,0.0,0.0
2020-09-01 00:00:00-04:00,81.04899528023,82.39272421712538,80.91839579925374,82.18714141845703,22652000,0.0,0.0
2020-09-02 00:00:00-04:00,82.82921400260896,85.7138213739487,82.44089345757524,85.28130340576172,49522000,0.0,0.0
2020-09-03 00:00:00-04:00,84.39392209014869,84.41775975388319,79.83486660961577,80.91740417480469,63726000,0.0,0.0
2020-09-04 00:00:00-04:00,79.89892947828622,81.1895276607906,76.37175816674525,78.51895141601562,55850000,0.0,0.0
2020-09-08 00:00:00-04:00,75.72770044561553,77.24473369292774,75.30560859260585,75.6581802368164,54032000,0.0,0.0
2020-09-09 00:00:00-04:00,76.9145205406051,77.40215464450723,75.73614722752552,76.83159637451172,39242000,0.0,0.0
2020-09-10 00:00:00-04:00,76.97807902829125,78.14403332463914,75.47941275782985,75.77983856201172,33024000,0.0,0.0
2020-09-11 00:00:00-04:00,75.8841155465487,76.40799857393957,74.13964719783384,75.26885986328125,30706000,0.0,0.0
2020-09-14 00:00:00-04:00,76.05791146519486,77.3167309902052,74.74000545183158,74.92472839355469,42660000,0.0,0.0
2020-09-15 00:00:00-04:00,75.87120485456991,77.01829198977806,75.5836905116532,76.230224609375,23042000,0.0,0.0
2020-09-16 00:00:00-04:00,76.59570881971476,77.18613425042128,75.06178624819889,75.08661651611328,22128000,0.0,0.0
2020-09-17 00:00:00-04:00,73.78161024085985,74.41971096306709,72.62211180691196,73.84268951416016,40008000,0.0,0.0
2020-09-18 00:00:00-04:00,73.90527820347172,74.24791625874158,71.09069070381592,72.0575180053711,63056000,0.0,0.0
2020-09-21 00:00:00-04:00,71.0906872863727,71.50979377027438,69.6536003098888,71.01719665527344,56908000,0.0,0.0
2020-09-22 00:00:00-04:00,72.01927539504912,72.69710310272775,70.98540572132968,72.49102020263672,33950000,0.0,0.0
2020-09-23 00:00:00-04:00,72.10716338954937,72.15632383261017,69.6535890139561,69.98678588867188,37726000,0.0,0.0
2020-09-24 00:00:00-04:00,69.65360174059556,71.40700382535697,69.62727877351824,70.65568542480469,34552000,0.0,0.0
2020-09-25 00:00:00-04:00,70.76443424115384,71.80177424957328,69.90188356916153,71.46013641357422,30326000,0.0,0.0
2020-09-28 00:00:00-04:00,73.09536442492873,73.14501739118445,71.81867020192774,72.43342590332031,30784000,0.0,0.0
2020-09-29 00:00:00-04:00,72.69413541992567,73.09585998495766,72.20202320661826,72.79891204833984,31816000,0.0,0.0
2020-09-30 00:00:00-04:00,72.54663995974896,73.80098915091598,72.28941896718779,72.77804565429688,40924000,0.0,0.0
2020-10-01 00:00:00-04:00,73.67485304245847,74.24144839111797,73.33420025236212,73.8853988647461,32884000,0.0,0.0
2020-10-02 00:00:00-04:00,72.4815909596404,73.44494787809407,71.8717983052176,72.2814712524414,31222000,0.0,0.0
2020-10-05 00:00:00-04:00,72.6315529369491,73.7265018849997,72.5044313545936,73.6336441040039,21602000,0.0,0.0
2020-10-06 00:00:00-04:00,73.26964605680442,73.7175531505182,71.75559081415405,72.05403137207031,26096000,0.0,0.0
2020-10-07 00:00:00-04:00,72.46569342964418,72.94538662475436,71.17062485186818,72.4572525024414,36108000,0.0,0.0
2020-10-08 00:00:00-04:00,72.77059285124541,73.891857179053,72.77059285124541,73.66343688964844,26076000,0.0,0.0
2020-10-09 00:00:00-04:00,74.13170347927738,75.07470056543451,73.84071121636063,75.00518035888672,32966000,0.0,0.0
2020-10-12 00:00:00-04:00,76.37325769805075,78.87698566298394,75.94123217577507,77.69364929199219,55344000,0.0,0.0
2020-10-13 00:00:00-04:00,78.31037728461482,78.71508712820557,77.39767369347942,77.81678009033203,39072000,0.0,0.0
2020-10-14 00:00:00-04:00,78.19071970768324,78.65004562010033,76.76554399767635,77.63653564453125,33174000,0.0,0.0
2020-10-15 00:00:00-04:00,76.69601789191054,78.03180603986702,76.52867688240575,77.24076080322266,31210000,0.0,0.0
2020-10-16 00:00:00-04:00,77.55658351214443,78.34514345056063,77.34951558739077,77.84807586669922,34194000,0.0,0.0
2020-10-19 00:00:00-04:00,78.25675108360606,78.65401262927215,75.6244093541497,75.97349548339844,29734000,0.0,0.0
2020-10-20 00:00:00-04:00,75.63383961797923,78.1529637060246,75.5042327506913,77.02275848388672,41670000,0.0,0.0
2020-10-21 00:00:00-04:00,77.95483812956394,80.20383009011108,77.82026822454186,78.75630950927734,60322000,0.0,0.0
2020-10-22 00:00:00-04:00,78.70714079624807,80.11840464128612,78.3337169261627,79.78272247314453,30512000,0.0,0.0
2020-10-23 00:00:00-04:00,80.19936290074068,81.14633045232473,80.04343304769533,81.0897216796875,30548000,0.0,0.0
2020-10-26 00:00:00-04:00,80.19687183701743,80.92087457366932,77.85204435340098,78.67189025878906,35826000,0.0,0.0
2020-10-27 00:00:00-04:00,78.90231064798252,79.5513301261755,78.30939985271544,79.39640045166016,25902000,0.0,0.0
2020-10-28 00:00:00-04:00,76.96963351424793,77.15832688244774,74.90735737417214,75.0225601196289,45174000,0.0,0.0
2020-10-29 00:00:00-04:00,75.3314387178596,78.89287411467878,75.30810114143328,77.310791015625,55406000,0.0,0.0
2020-10-30 00:00:00-04:00,82.80090867371322,83.49015505977545,79.52996615344526,80.25198364257812,99878000,0.0,0.0
2020-11-02 00:00:00-05:00,80.6209489181996,82.34406497588512,80.1591301740816,80.65968322753906,44228000,0.0,0.0
2020-11-03 00:00:00-05:00,80.9794835557131,82.38180661638104,80.05336826018032,81.71937561035156,31432000,0.0,0.0
2020-11-04 00:00:00-05:00,84.69484549165698,87.89527527985078,84.56673131281617,86.6945571899414,71342000,0.0,0.0
2020-11-05 00:00:00-05:00,87.91613094031692,88.97731615159634,86.45520644116196,87.52135467529297,39758000,0.0,0.0
2020-11-06 00:00:00-05:00,86.96718320704757,87.81930775936743,86.23920242731536,87.3838119506836,28622000,0.0,0.0
2020-11-09 00:00:00-05:00,89.18388779864829,90.22222032962502,87.27554876417429,87.46772003173828,53440000,0.0,0.0
2020-11-10 00:00:00-05:00,85.89606389807871,87.36642187641647,85.21823623503911,86.29084014892578,43022000,0.0,0.0
2020-11-11 00:00:00-05:00,86.82119356546892,87.54122598567889,86.55602414438157,86.76309967041016,31838000,0.0,0.0
2020-11-12 00:00:00-05:00,86.5033783796767,87.64450998714952,86.30325868083496,86.54409790039062,26474000,0.0,0.0
2020-11-13 00:00:00-05:00,86.80132339394905,88.24784377851638,86.20444222324774,88.00601196289062,29744000,0.0,0.0
2020-11-16 00:00:00-05:00,87.60279824360163,89.10245712996237,87.46325773434673,88.09391021728516,25468000,0.0,0.0
2020-11-17 00:00:00-05:00,87.78751889696511,88.24834505186563,87.37189034826642,87.47964477539062,21314000,0.0,0.0
2020-11-18 00:00:00-05:00,87.23035989909762,87.64549591153437,86.33304539342467,86.43583679199219,20108000,0.0,0.0
2020-11-19 00:00:00-05:00,86.06788281961194,87.57051951755538,85.90848264103154,87.32620239257812,20106000,0.0,0.0
2020-11-20 00:00:00-05:00,87.49652005750151,87.81234256924863,86.15576897220802,86.22429656982422,27694000,0.0,0.0
2020-11-23 00:00:00-05:00,86.4149908162109,86.70151257860655,84.92328035546011,85.78632354736328,22530000,0.0,0.0
2020-11-24 00:00:00-05:00,85.78334829165836,87.71899554089296,85.44716597999957,87.59088134765625,27984000,0.0,0.0
2020-11-25 00:00:00-05:00,87.78504789071293,87.91266199664649,86.81920565967509,87.60230255126953,19600000,0.0,0.0
2020-11-27 00:00:00-05:00,87.62264384392891,89.23502750159643,87.62264384392891,88.73894500732422,14790000,0.0,0.0
2020-11-30 00:00:00-05:00,88.17434731574909,88.40723809758074,86.79336923358123,87.11912536621094,32418000,0.0,0.0
2020-12-01 00:00:00-05:00,87.72794605613673,90.46208720860193,87.5476860024922,89.15311431884766,37350000,0.0,0.0
2020-12-02 00:00:00-05:00,89.15310078662704,91.00930169788307,88.64709217732732,90.62345886230469,29424000,0.0,0.0
2020-12-03 00:00:00-05:00,90.40347565496144,91.55999635366734,90.2276861454191,90.46803283691406,24728000,0.0,0.0
2020-12-04 00:00:00-05:00,90.3875802533979,90.84839878246002,90.05834622498021,90.56336975097656,20544000,0.0,0.0
2020-12-07 00:00:00-05:00,90.15568118177275,90.83797937404678,89.53446984443129,90.22917938232422,22288000,0.0,0.0
2020-12-08 00:00:00-05:00,89.80658830224857,90.17653426870129,88.95049344984618,89.94612121582031,19936000,0.0,0.0
2020-12-09 00:00:00-05:00,89.89797255827101,90.79230939430538,87.49653596857809,88.28410339355469,31728000,0.0,0.0
2020-12-10 00:00:00-05:00,87.526311537251,88.14156720772428,86.08276908538737,87.77708435058594,28688000,0.0,0.0
2020-12-11 00:00:00-05:00,87.39721213285257,88.25678497137464,87.03669966329481,88.13214111328125,18628000,0.0,0.0
2020-12-14 00:00:00-05:00,87.92954487062023,88.87700490171588,86.85743340263497,87.01286315917969,33050000,0.0,0.0
2020-12-15 00:00:00-05:00,87.39024942111818,87.59583221082491,86.48698689796659,87.45083618164062,21352000,0.0,0.0
2020-12-16 00:00:00-05:00,87.84959334388638,87.84959334388638,86.8539654427043,87.25767517089844,24676000,0.0,0.0
2020-12-17 00:00:00-05:00,87.59236631572465,87.73041412035337,85.96459334657283,86.42938232421875,34880000,0.0,0.0
2020-12-18 00:00:00-05:00,86.71044468172059,86.81919170428078,85.16261812232082,85.71977233886719,85256000,0.0,0.0
2020-12-21 00:00:00-05:00,84.8711438082345,86.25509999138018,84.1198253816568,86.1339340209961,33974000,0.0,0.0
2020-12-22 00:00:00-05:00,85.87420682167605,86.03708488220127,84.7047747772361,85.42182922363281,20370000,0.0,0.0
2020-12-23 00:00:00-05:00,85.60607168641371,86.60815530253585,85.47050159575537,85.81959533691406,22974000,0.0,0.0
2020-12-24 00:00:00-05:00,85.85783111525326,86.52374001663743,85.62692551399726,86.11406707763672,9312000,0.0,0.0
2020-12-28 00:00:00-05:00,86.64788120786828,88.73796554394026,86.49444423582476,88.0904312133789,27650000,0.0,0.0
2020-12-29 00:00:00-05:00,88.749390051316,88.81096184437173,87.15438813378992,87.28598022460938,19726000,0.0,0.0
2020-12-30 00:00:00-05:00,87.6454953550005,87.78255055222024,85.80816920576154,86.21784210205078,21026000,0.0,0.0
2020-12-31 00:00:00-05:00,86.26850867543338,87.27307766159485,86.20990711305191,87.03174591064453,21070000,0.0,0.0
2021-01-04 00:00:00-05:00,87.39721327969764,87.52085695769506,84.77231967368576,85.71531677246094,37324000,0.0,0.0
2021-01-05 00:00:00-05:00,85.66367771378998,86.74323001175622,85.25698257400377,86.40655517578125,20360000,0.0,0.0
2021-01-06 00:00:00-05:00,84.4306674741296,86.60119804549143,84.2240920775024,85.55391693115234,46588000,0.0,0.0
2021-01-07 00:00:00-05:00,85.7465892651924,88.28210281965931,85.7465892651924,88.10929870605469,41936000,0.0,0.0
2021-01-08 00:00:00-05:00,88.24932797316438,89.35172512400446,87.45778272357671,89.27574920654297,35484000,0.0,0.0
2021-01-11 00:00:00-05:00,88.24238133150995,88.60786440316203,87.00690685691502,87.21298217773438,34796000,0.0,0.0
2021-01-12 00:00:00-05:00,86.67021949760816,87.78949855387994,85.23114750770641,86.27643585205078,29528000,0.0,0.0
2021-01-13 00:00:00-05:00,85.77440403010542,87.21795421271686,85.77440403010542,86.76408386230469,23432000,0.0,0.0
2021-01-14 00:00:00-05:00,86.84451442090425,87.7721222794628,85.7123239531653,85.95316314697266,29212000,0.0,0.0
2021-01-15 00:00:00-05:00,85.85881921797849,86.78244915170757,84.9992539543371,85.78929901123047,31444000,0.0,0.0
2021-01-19 00:00:00-05:00,86.5530367998629,89.5741993642567,86.04802079890773,88.61233520507812,41660000,0.0,0.0
2021-01-20 00:00:00-05:00,90.69298282591129,94.33536450070085,90.35233758264769,93.3595962524414,64152000,0.0,0.0
2021-01-21 00:00:00-05:00,94.03393956655104,95.94227110893598,93.32681109981424,93.56218719482422,58634000,0.0,0.0
2021-01-22 00:00:00-05:00,93.9251814346911,94.56725260357804,93.18230407695297,93.97980499267578,32744000,0.0,0.0
2021-01-25 00:00:00-05:00,94.98190543815457,95.43279798699298,92.32125523928354,94.06522369384766,50586000,0.0,0.0
2021-01-26 00:00:00-05:00,93.65356299193041,95.13136939895124,93.16394372149756,94.7440414428711,31462000,0.0,0.0
2021-01-27 00:00:00-05:00,93.1033509899852,93.37944659543606,89.24843864993461,90.32402038574219,82512000,0.0,0.0
2021-01-28 00:00:00-05:00,90.92289423121268,93.75287039579504,90.92289423121268,92.0252914428711,55278000,0.0,0.0
2021-01-29 00:00:00-05:00,91.0728532576244,91.74422520694112,89.46097713995385,90.74213409423828,44530000,0.0,0.0
2021-02-01 00:00:00-05:00,91.59773520987004,95.12093572823946,91.59773520987004,94.00513458251953,40252000,0.0,0.0
2021-02-02 00:00:00-05:00,95.00126570965045,96.80085020179051,94.66557593964733,95.29871368408203,66332000,0.0,0.0
2021-02-03 00:00:00-05:00,102.57305055467793,104.60950398983356,99.9878761837272,102.23885345458984,97882000,0.0,0.0
2021-02-04 00:00:00-05:00,102.32525035691263,102.7562756387138,101.05798980789827,101.9781494140625,48596000,0.0,0.0
2021-02-05 00:00:00-05:00,102.27261325937808,104.0791536293732,101.79789063853698,103.72608947753906,29866000,0.0,0.0
2021-02-08 00:00:00-05:00,104.2807546385323,105.02561717166468,102.46081051651761,103.51205444335938,28828000,0.0,0.0
2021-02-09 00:00:00-05:00,103.02939978157666,104.20678043655732,102.79104585481538,103.05870056152344,21892000,0.0,0.0
2021-02-10 00:00:00-05:00,103.44353437120024,104.22514605872993,101.90911925986293,103.60939025878906,25102000,0.0,0.0
2021-02-11 00:00:00-05:00,103.83385461877602,103.98282108445419,102.73443512383678,103.72212219238281,20480000,0.0,0.0
2021-02-12 00:00:00-05:00,103.2761920503462,104.2559306269806,102.96831036572891,104.03396606445312,18990000,0.0,0.0
2021-02-16 00:00:00-05:00,103.87109895663937,106.52231568131008,103.87109895663937,104.8121109008789,31004000,0.0,0.0
2021-02-17 00:00:00-05:00,103.98182767192168,105.3950844927026,103.7022617169391,105.20539093017578,20294000,0.0,0.0
2021-02-18 00:00:00-05:00,104.5290554725159,105.37273908849392,103.94954865023567,104.56927490234375,22546000,0.0,0.0
2021-02-19 00:00:00-05:00,104.66760224999184,105.203404154816,103.45794305157632,103.72509765625,37938000,0.0,0.0
2021-02-22 00:00:00-05:00,101.97665119838959,103.30399835015275,101.69857038647423,102.0094223022461,29466000,0.0,0.0
2021-02-23 00:00:00-05:00,100.00971865711338,102.91517821894672,98.82985283276733,102.3004150390625,34658000,0.0,0.0
2021-02-24 00:00:00-05:00,100.80672307051088,103.70076399456218,100.68208679095231,103.476806640625,22608000,0.0,0.0
2021-02-25 00:00:00-05:00,102.09235563455893,103.43658466161583,99.63728846063752,100.10704803466797,41548000,0.0,0.0
2021-02-26 00:00:00-05:00,100.80225428942666,102.12165310365899,99.3651674256296,100.40300750732422,40042000,0.0,0.0
2021-03-01 00:00:00-05:00,101.69857291071618,103.10040332291774,101.02422313651661,102.77415466308594,26060000,0.0,0.0
2021-03-02 00:00:00-05:00,102.53480408624813,104.01956628120942,102.1291091622479,102.51692962646484,25564000,0.0,0.0
2021-03-03 00:00:00-05:00,101.89472276716697,103.0884850858545,99.01706363524661,99.88160705566406,33892000,0.0,0.0
2021-03-04 00:00:00-05:00,100.05342577855534,103.0189723022075,99.58465876832166,100.9999008178711,49216000,0.0,0.0
2021-03-05 00:00:00-05:00,102.35156636872838,104.58863175555176,100.69449268365985,104.13526153564453,53100000,0.0,0.0
2021-03-08 00:00:00-05:00,103.48922828904087,104.96305669048873,99.57273635738918,99.68744659423828,36868000,0.0,0.0
2021-03-09 00:00:00-05:00,101.78547258921868,102.48911554648285,101.0828146593542,101.31918334960938,33920000,0.0,0.0
2021-03-10 00:00:00-05:00,102.36399312710523,102.36399312710523,100.27490127043286,101.11212921142578,27100000,0.0,0.0
2021-03-11 00:00:00-05:00,102.20607603435747,104.84040311495322,102.11818127805286,104.30757904052734,27702000,0.0,0.0
2021-03-12 00:00:00-05:00,103.10934768667865,103.1689342706061,100.92491291554464,101.79788970947266,33818000,0.0,0.0
2021-03-15 00:00:00-04:00,101.54861957159491,102.04568720603763,100.69500984878918,102.01837921142578,26168000,0.0,0.0
2021-03-16 00:00:00-04:00,102.59191553889649,104.96008072594401,102.25921114107965,103.48078918457031,31900000,0.0,0.0
2021-03-17 00:00:00-04:00,102.71506692244664,104.23110756924204,101.50590779981324,103.39785766601562,26382000,0.0,0.0
2021-03-18 00:00:00-04:00,101.70751288989462,102.72897123956768,100.26744816681611,100.37471008300781,31700000,0.0,0.0
2021-03-19 00:00:00-04:00,100.79134100852927,101.15433122246223,99.46051580491086,100.6537857055664,46072000,0.0,0.0
2021-03-22 00:00:00-04:00,100.68705266414705,101.71545922515175,100.01021756030983,100.83900451660156,33536000,0.0,0.0
2021-03-23 00:00:00-04:00,101.29882774538657,102.49855328173614,100.70542448407849,101.36735534667969,28510000,0.0,0.0
2021-03-24 00:00:00-04:00,101.88528247451289,102.67185719163797,100.75507714736035,100.93037414550781,25218000,0.0,0.0
2021-03-25 00:00:00-04:00,100.75757658304865,101.58139303000986,99.12086234094248,100.92691040039062,35616000,0.0,0.0
2021-03-26 00:00:00-04:00,100.89363919392493,101.27103356656968,99.5062051226852,100.54306030273438,27978000,0.0,0.0
2021-03-29 00:00:00-04:00,100.41543399056286,101.75867057035616,99.58565437646192,101.58883666992188,26492000,0.0,0.0
2021-03-30 00:00:00-04:00,101.94587523975986,102.42705359401143,101.1101400271924,101.62260437011719,27312000,0.0,0.0
2021-03-31 00:00:00-04:00,102.0163766395741,103.5984670082056,101.64890838505288,102.41959381103516,42570000,0.0,0.0
2021-04-01 00:00:00-04:00,103.89591807192116,106.05601499739915,103.85519855403845,105.75955963134766,39880000,0.0,0.0
2021-04-05 00:00:00-04:00,106.62212075705683,110.68609422366168,106.52578506644159,110.18802642822266,48510000,0.0,0.0
2021-04-06 00:00:00-04:00,109.78876861526743,110.63692268035109,109.33539838290059,109.70633697509766,35240000,0.0,0.0
2021-04-07 00:00:00-04:00,109.897041394547,111.45628700798426,109.897041394547,111.18466186523438,24134000,0.0,0.0
2021-04-08 00:00:00-04:00,112.42459741103764,112.81143286154771,111.38228678145336,111.75074768066406,28664000,0.0,0.0
2021-04-09 00:00:00-04:00,111.50295716552093,112.91968428318657,111.09675457023529,112.75581359863281,26146000,0.0,0.0
2021-04-12 00:00:00-04:00,111.93397929114465,112.07152700708663,110.62798445173745,111.46223449707031,25024000,0.0,0.0
2021-04-13 00:00:00-04:00,111.7785524215588,112.39827866126174,111.38426865957148,111.94937133789062,25682000,0.0,0.0
2021-04-14 00:00:00-04:00,112.5949278823604,112.5949278823604,111.03518983189373,111.32766723632812,21002000,0.0,0.0
2021-04-15 00:00:00-04:00,112.3228069510781,114.01364453887427,111.78749754528548,113.47982025146484,29174000,0.0,0.0
2021-04-16 00:00:00-04:00,113.67794535392196,113.9262328802501,112.76821949375322,113.35566711425781,26282000,0.0,0.0
2021-04-19 00:00:00-04:00,112.73148319799424,114.41536491519754,112.73148319799424,113.70377349853516,30290000,0.0,0.0
2021-04-20 00:00:00-04:00,114.08761909590847,114.16260241434755,112.08295189776874,113.16995239257812,22288000,0.0,0.0
2021-04-21 00:00:00-04:00,112.82433942501434,113.21911569548593,111.47216193615608,113.1371841430664,23204000,0.0,0.0
2021-04-22 00:00:00-04:00,112.99068363198703,113.66007037632106,111.24870053743062,111.85452270507812,24146000,0.0,0.0
2021-04-23 00:00:00-04:00,112.5735797405303,114.51618290971003,112.28805055802096,114.20880126953125,29066000,0.0,0.0
2021-04-26 00:00:00-04:00,114.43672834760984,115.43037868593879,114.0791936523698,114.70537567138672,32038000,0.0,0.0
2021-04-27 00:00:00-04:00,115.08772774296831,115.12844726225228,113.52500442771635,113.76435852050781,44386000,0.0,0.0
2021-04-28 00:00:00-04:00,118.8055796155355,120.73626363457726,116.85503592861606,117.14404296875,81106000,0.0,0.0
2021-04-29 00:00:00-04:00,118.64320728077503,119.38459197971964,117.87947003584557,118.81849670410156,41234000,0.0,0.0
2021-04-30 00:00:00-04:00,117.58997485630582,118.27673602019853,116.52432665812992,116.86894989013672,44856000,0.0,0.0
2021-05-03 00:00:00-04:00,117.43553178904428,118.2618334205683,115.97510737902364,116.35150909423828,28242000,0.0,0.0
2021-05-04 00:00:00-04:00,114.88512675108498,115.45320725454022,112.06110599855704,114.55142974853516,44818000,0.0,0.0
2021-05-05 00:00:00-04:00,115.63396305915562,115.95027810340052,114.6234309796566,114.94570922851562,26636000,0.0,0.0
2021-05-06 00:00:00-04:00,114.52660004687345,116.06697845458984,113.86665436169554,116.06697845458984,25190000,0.0,0.0
2021-05-07 00:00:00-04:00,117.38489608496133,117.75037160345586,116.50446333323039,116.79098510742188,28898000,0.0,0.0
2021-05-10 00:00:00-04:00,115.60962996809558,115.75165577723939,113.44456228631331,113.80259704589844,30914000,0.0,0.0
2021-05-11 00:00:00-04:00,111.38527374593276,113.2330262278343,110.93090328870252,112.72552490234375,34186000,0.0,0.0
2021-05-12 00:00:00-04:00,110.5470545058614,111.62909207975932,108.92970751604966,109.2589340209961,46376000,0.0,0.0
2021-05-13 00:00:00-04:00,110.54356450336654,111.20500283196507,109.58020769650676,110.68856811523438,33204000,0.0,0.0
2021-05-14 00:00:00-04:00,112.15347012836743,113.453501809493,111.7293930700352,113.138671875,31996000,0.0,0.0
2021-05-17 00:00:00-04:00,112.40323639373455,113.70476069631124,112.00299702300212,113.66205596923828,21598000,0.0,0.0
2021-05-18 00:00:00-04:00,114.32895445397962,114.59363131394053,112.3347058838358,112.3486099243164,22204000,0.0,0.0
2021-05-19 00:00:00-04:00,110.65829036295091,112.97033944882926,110.50981640277661,112.79703521728516,23684000,0.0,0.0
2021-05-20 00:00:00-04:00,113.76535047048326,114.80815356114391,113.39391177615245,114.55738830566406,32352000,0.0,0.0
2021-05-21 00:00:00-04:00,115.07679690474603,115.15029510370941,113.68092214088712,113.92076873779297,40632000,0.0,0.0
2021-05-24 00:00:00-04:00,114.95166574781729,117.46731220686212,114.80616961581151,117.24336242675781,31832000,0.0,0.0
2021-05-25 00:00:00-04:00,117.78761405946807,118.38350267342507,116.9434378916011,117.33424377441406,22440000,0.0,0.0
2021-05-26 00:00:00-04:00,117.51548046613217,118.63128926079746,117.51250265235855,118.20026397705078,21572000,0.0,0.0
2021-05-27 00:00:00-04:00,118.63426373987288,118.63426373987288,117.00599824507955,117.32479858398438,35224000,0.0,0.0
2021-05-28 00:00:00-04:00,117.90777785188578,117.98970940408962,116.83666658294217,117.03529357910156,21482000,0.0,0.0
2021-06-01 00:00:00-04:00,117.90877200932526,118.4684115722514,116.90767344728998,118.24346160888672,23354000,0.0,0.0
2021-06-02 00:00:00-04:00,118.63923515219538,118.86219991513654,116.8123349585416,117.71759796142578,21158000,0.0,0.0
2021-06-03 00:00:00-04:00,116.48309363298941,117.04372575118856,115.67814441762557,116.57495880126953,18696000,0.0,0.0
2021-06-04 00:00:00-04:00,117.65203751158097,119.12984382575019,117.31138472478672,118.85871124267578,24458000,0.0,0.0
2021-06-07 00:00:00-04:00,118.6536353921515,119.40197591277536,118.23452893652797,119.29222869873047,24120000,0.0,0.0
2021-06-08 00:00:00-04:00,119.77441274086057,120.1473365797577,118.91881026682869,119.10055541992188,24240000,0.0,0.0
2021-06-09 00:00:00-04:00,119.74560035067245,119.81759827762734,119.02407534579427,119.57229614257812,17942000,0.0,0.0
2021-06-10 00:00:00-04:00,119.52163996137934,120.96568253894894,119.36571770257208,120.92247772216797,25904000,0.0,0.0
2021-06-11 00:00:00-04:00,121.16431477759886,121.24972423320611,120.11951891042602,120.67767333984375,21958000,0.0,0.0
2021-06-14 00:00:00-04:00,120.77997160978902,121.6072658902099,120.07185807853914,121.60677337646484,22098000,0.0,0.0
2021-06-15 00:00:00-04:00,121.61122735260894,121.93449819679269,120.22677889432583,120.5877914428711,21562000,0.0,0.0
2021-06-16 00:00:00-04:00,120.73925165647537,121.051103781599,118.65165259558208,119.94522857666016,26472000,0.0,0.0
2021-06-17 00:00:00-04:00,119.87073614754974,121.68323204664387,119.67458688147845,120.9095687866211,25842000,0.0,0.0
2021-06-18 00:00:00-04:00,120.53564705802492,120.77003054629442,119.19291070614344,119.28825378417969,46116000,0.0,0.0
2021-06-21 00:00:00-04:00,119.67509414601389,121.16431929234544,119.07721278021708,120.97810363769531,27414000,0.0,0.0
2021-06-22 00:00:00-04:00,120.91603228443775,121.56158140548996,120.23473424319909,121.4925537109375,22390000,0.0,0.0
2021-06-23 00:00:00-04:00,121.2571798519572,122.25231524209634,120.99995886509124,121.29045104980469,19148000,0.0,0.0
2021-06-24 00:00:00-04:00,121.8595233051933,122.21258746460555,121.46226929734574,121.66089630126953,21362000,0.0,0.0
2021-06-25 00:00:00-04:00,121.16431081080576,121.79297802960265,120.73229294694187,121.66932678222656,34594000,0.0,0.0
2021-06-28 00:00:00-04:00,121.83815814093862,121.94393492752164,120.57388307299288,121.69664001464844,28526000,0.0,0.0
2021-06-29 00:00:00-04:00,121.83023580586497,122.17833695847023,120.8574453468583,121.4349594116211,23108000,0.0,0.0
2021-06-30 00:00:00-04:00,121.15885387013645,121.41956032796028,120.5232383872112,121.25320434570312,24474000,0.0,0.0
2021-07-01 00:00:00-04:00,120.89120472356075,121.74729969788072,120.69903343613329,121.60578155517578,18110000,0.0,0.0
2021-07-02 00:00:00-04:00,122.30643597468982,124.54499411136423,122.21655601213538,124.39949798583984,25982000,0.0,0.0
2021-07-06 00:00:00-04:00,124.7878126679557,125.56197598133829,123.72911283497224,125.32560729980469,26404000,0.0,0.0
2021-07-07 00:00:00-04:00,126.29095680695026,126.41211517987149,125.28886567902163,125.607666015625,24060000,0.0,0.0
2021-07-08 00:00:00-04:00,123.17643727760102,124.73518256604955,123.17246685935096,124.18746185302734,23790000,0.0,0.0
2021-07-09 00:00:00-04:00,124.16859495392329,124.87323053723223,123.69833528182369,124.6587142944336,18632000,0.0,0.0
2021-07-12 00:00:00-04:00,125.31370552891468,126.19910128355673,124.75058804003152,126.10574340820312,17668000,0.0,0.0
2021-07-13 00:00:00-04:00,126.16829714742079,127.18031431277677,125.80679208640693,126.46922302246094,19240000,0.0,0.0
2021-07-14 00:00:00-04:00,127.08151618622527,128.44064959860472,127.03831136321742,127.35860443115234,23742000,0.0,0.0
2021-07-15 00:00:00-04:00,127.7677685685234,127.818414131509,125.66328024495255,126.13502502441406,24218000,0.0,0.0
2021-07-16 00:00:00-04:00,126.78853463100182,126.93601597931935,125.28937581428032,126.10028076171875,20424000,0.0,0.0
2021-07-19 00:00:00-04:00,125.22580675306436,125.34051699003123,122.65900702825122,123.72466278076172,27968000,0.0,0.0
2021-07-20 00:00:00-04:00,124.66765077615729,126.17277272553449,123.4987186967555,125.34498596191406,26312000,0.0,0.0
2021-07-21 00:00:00-04:00,125.26949980768543,126.72198337355782,125.1602526883188,126.67530822753906,20746000,0.0,0.0
2021-07-22 00:00:00-04:00,126.96829591308182,127.6029188301967,126.625657881777,127.54183197021484,14302000,0.0,0.0
2021-07-23 00:00:00-04:00,129.5370668627534,132.48523890184507,128.91139257324573,132.10386657714844,41506000,0.0,0.0
2021-07-26 00:00:00-04:00,132.41520936206135,133.31747924825922,131.395236286255,133.1168670654297,30572000,0.0,0.0
2021-07-27 00:00:00-04:00,133.3309303980766,133.47841176561744,129.21283296462082,130.99652099609375,54710000,0.0,0.0
2021-07-28 00:00:00-04:00,135.37828272257383,137.3496864200583,134.3508687484611,135.16177368164062,95130000,0.0,0.0
2021-07-29 00:00:00-04:00,135.21740393865812,135.72490530544914,134.61456705577282,134.8474578857422,31716000,0.0,0.0
2021-07-30 00:00:00-04:00,134.11003891674122,134.37769361909994,133.3353829845041,133.80364990234375,25576000,0.0,0.0
2021-08-02 00:00:00-04:00,134.19146975087898,134.40946389978131,132.877534075771,133.93077087402344,21634000,0.0,0.0
2021-08-03 00:00:00-04:00,134.20933862806302,134.80224938250032,132.40628376383424,134.70095825195312,20762000,0.0,0.0
2021-08-04 00:00:00-04:00,134.42238532887288,134.72033341925697,133.5657902518696,134.19992065429688,19676000,0.0,0.0
2021-08-05 00:00:00-04:00,134.75110364771078,135.41602748559603,133.92231670480348,135.3181915283203,17870000,0.0,0.0
2021-08-06 00:00:00-04:00,135.1101493986969,135.5376968094334,134.28384768963306,134.8087158203125,20488000,0.0,0.0
2021-08-09 00:00:00-04:00,135.01133206332474,136.24432894143314,134.41245046326122,135.9751739501953,17760000,0.0,0.0
2021-08-10 00:00:00-04:00,136.40122739389997,136.82878994271528,135.4304297601133,135.86990356445312,19414000,0.0,0.0
2021-08-11 00:00:00-04:00,136.24181905832265,136.73937911872332,135.33804886119853,135.3455047607422,15352000,0.0,0.0
2021-08-12 00:00:00-04:00,135.04408266615167,136.35951864766164,134.49786220697922,136.25424194335938,16506000,0.0,0.0
2021-08-13 00:00:00-04:00,136.30986557995257,136.9122174832124,136.09435671368865,136.78408813476562,15948000,0.0,0.0
2021-08-16 00:00:00-04:00,136.5829646713406,137.41473699232492,134.37221455743094,137.36209106445312,22384000,0.0,0.0
2021-08-17 00:00:00-04:00,136.80643247596538,137.31840428534073,135.14985876148344,135.7253875732422,21716000,0.0,0.0
2021-08-18 00:00:00-04:00,135.56499013268993,136.16535676998893,134.39456539418998,134.5211944580078,19258000,0.0,0.0
2021-08-19 00:00:00-04:00,133.51464330667287,135.418504459747,133.33041285553048,134.7506103515625,21782000,0.0,0.0
2021-08-20 00:00:00-04:00,135.06843130244778,136.61178760876336,134.32356862982397,136.48814392089844,31194000,0.0,0.0
2021-08-23 00:00:00-04:00,137.0244315162413,139.9095315780669,136.66491163586002,139.08224487304688,28454000,0.0,0.0
2021-08-24 00:00:00-04:00,139.64832759063572,141.1067743975744,139.3772025716941,140.29388427734375,19268000,0.0,0.0
2021-08-25 00:00:00-04:00,140.65490418405014,141.2155364091785,140.40761680333262,141.1057891845703,15848000,0.0,0.0
2021-08-26 00:00:00-04:00,140.77903846994076,141.4419619740377,140.3887251136367,140.47166442871094,20610000,0.0,0.0
2021-08-27 00:00:00-04:00,140.6821843193361,143.5225940785764,140.527747182565,143.017578125,28780000,0.0,0.0
2021-08-30 00:00:00-04:00,143.41086610714518,144.97061910433263,143.1754900221093,143.60006713867188,24434000,0.0,0.0
2021-08-31 00:00:00-04:00,144.15274361151455,144.17706620858112,143.29267839412168,143.70631408691406,22448000,0.0,0.0
2021-09-01 00:00:00-04:00,144.00677094284313,145.25217904174795,143.8910681023776,144.22079467773438,21936000,0.0,0.0
2021-09-02 00:00:00-04:00,144.22129900817762,144.5227174187225,142.20420518629905,142.30551147460938,32342000,0.0,0.0
2021-09-03 00:00:00-04:00,142.10043075100694,143.16756408093735,141.4250807432199,142.75491333007812,19850000,0.0,0.0
2021-09-07 00:00:00-04:00,142.8492616821158,143.57475715594347,142.63523794111092,143.29220581054688,20124000,0.0,0.0
2021-09-08 00:00:00-04:00,143.1129515291971,143.4108844692113,142.020480234913,142.7067413330078,18344000,0.0,0.0
2021-09-09 00:00:00-04:00,142.85521776816285,143.32199956321935,142.1967647782529,142.55776977539062,15314000,0.0,0.0
2021-09-10 00:00:00-04:00,143.22465834616918,143.72720419740523,139.7739707968701,139.91102600097656,36840000,0.0,0.0
2021-09-13 00:00:00-04:00,140.9771718765766,141.9708221964238,140.28246983807614,141.35755920410156,22094000,0.0,0.0
2021-09-14 00:00:00-04:00,142.0159841233431,142.38097464046592,140.77901709157425,141.5680694580078,19674000,0.0,0.0
2021-09-15 00:00:00-04:00,141.79353785175581,143.4610378207638,140.3792960231764,143.440185546875,27408000,0.0,0.0
2021-09-16 00:00:00-04:00,142.9644492148849,143.31155770924323,141.426063761718,142.62628173828125,26190000,0.0,0.0
2021-09-17 00:00:00-04:00,142.0507769006327,142.4673980896483,139.50781463441865,139.83555603027344,53384000,0.0,0.0
2021-09-20 00:00:00-04:00,137.21511067059447,138.04786802419636,135.3882181598803,137.769287109375,46518000,0.0,0.0
2021-09-21 00:00:00-04:00,138.79222650353563,139.05244043758358,137.33080952468467,138.0806427001953,25332000,0.0,0.0
2021-09-22 00:00:00-04:00,138.3497879973125,139.92193727417347,137.60244009203043,139.32257080078125,25056000,0.0,0.0
2021-09-23 00:00:00-04:00,140.02176781696548,140.72591094990884,139.4397832505702,140.2487030029297,20952000,0.0,0.0
2021-09-24 00:00:00-04:00,139.5758451576203,141.3555778112194,139.280382350362,141.24085998535156,22984000,0.0,0.0
2021-09-27 00:00:00-04:00,139.83999766291203,140.96623246327235,139.1080465762654,140.1056671142578,21882000,0.0,0.0
2021-09-28 00:00:00-04:00,137.70522795258165,138.14370154604273,134.4328001428913,134.8995819091797,45772000,0.0,0.0
2021-09-29 00:00:00-04:00,136.04171680115297,136.2115507067214,132.94806347569877,133.43321228027344,30848000,0.0,0.0
2021-09-30 00:00:00-04:00,133.3418297784705,134.6140457457326,132.64115703529495,132.7603302001953,37996000,0.0,0.0
2021-10-01 00:00:00-04:00,133.52654572208218,135.9726870836677,133.15461451676552,135.60769653320312,35360000,0.0,0.0
2021-10-04 00:00:00-04:00,135.02919100762176,135.02919100762176,130.152335016585,132.74395751953125,51202000,0.0,0.0
2021-10-05 00:00:00-04:00,133.12284448248417,136.28454028271238,133.12284448248417,135.0912628173828,32404000,0.0,0.0
2021-10-06 00:00:00-04:00,133.82699091338657,136.80644154596658,133.62836390206846,136.62271118164062,24364000,0.0,0.0
2021-10-07 00:00:00-04:00,137.94062025981415,139.08275211863085,137.7012737211679,138.27134704589844,25110000,0.0,0.0
2021-10-08 00:00:00-04:00,138.62091984045634,139.3697529009224,138.26388525704718,138.8280029296875,26526000,0.0,0.0
2021-10-11 00:00:00-04:00,138.33788008148647,139.7481514962856,137.90783223964974,137.96246337890625,17954000,0.0,0.0
2021-10-12 00:00:00-04:00,138.52458748141476,138.55141053862306,134.83006747630324,135.5143585205078,36332000,0.0,0.0
2021-10-13 00:00:00-04:00,136.46131258241758,137.0547234459563,135.58386525595154,136.63958740234375,19654000,0.0,0.0
2021-10-14 00:00:00-04:00,138.51862826245136,140.36935854476863,137.8740717298719,140.18414306640625,31894000,0.0,0.0
2021-10-15 00:00:00-04:00,140.64446014785966,140.7472515493763,139.79085052606553,140.39964294433594,30274000,0.0,0.0
2021-10-18 00:00:00-04:00,140.1101505005765,141.81786982944135,140.10319469147404,141.79998779296875,20396000,0.0,0.0
2021-10-19 00:00:00-04:00,142.4053106642603,142.6784360414776,141.6232140325782,142.25584411621094,20164000,0.0,0.0
2021-10-20 00:00:00-04:00,142.35615012808168,142.56273311314936,140.40808409613712,140.7978973388672,23288000,0.0,0.0
2021-10-21 00:00:00-04:00,140.7979053406626,141.18226306865893,139.5376005482952,140.9141082763672,26292000,0.0,0.0
2021-10-22 00:00:00-04:00,138.19684070584688,139.6200235721843,135.12403988549715,136.6241912841797,50588000,0.0,0.0
2021-10-25 00:00:00-04:00,136.6078150016208,137.0547295671816,134.4963706145337,136.50552368164062,34412000,0.0,0.0
2021-10-26 00:00:00-04:00,138.3095581124509,139.12343319491293,137.3571275635801,138.354248046875,49236000,0.0,0.0
2021-10-27 00:00:00-04:00,138.45006280481087,147.63172892735216,138.45006280481087,145.2158966064453,85782000,0.0,0.0
2021-10-28 00:00:00-04:00,146.1266466491927,146.1499842212663,143.63631554919505,144.84994506835938,36206000,0.0,0.0
2021-10-29 00:00:00-04:00,144.08424925630118,147.22657797948324,143.65868705793508,147.03192138671875,43320000,0.0,0.0
2021-11-01 00:00:00-04:00,147.03192002619673,147.03192002619673,142.24442868736074,142.51406860351562,46924000,0.0,0.0
2021-11-02 00:00:00-04:00,143.58914068719244,145.60473405193912,143.3468087936872,144.43629455566406,33482000,0.0,0.0
2021-11-03 00:00:00-04:00,144.90109439674632,145.66433910278474,143.60057027429005,145.5938262939453,27494000,0.0,0.0
2021-11-04 00:00:00-04:00,146.1167161309597,148.70785360831633,145.30581121346245,147.25189208984375,38412000,0.0,0.0
2021-11-05 00:00:00-04:00,148.14771234223062,149.29778499356024,147.1818852970317,147.8323974609375,38354000,0.0,0.0
2021-11-08 00:00:00-05:00,148.79871470403364,149.58331179052777,147.41376612492647,148.01016235351562,23052000,0.0,0.0
2021-11-09 00:00:00-05:00,148.21078213972393,148.80816342631448,146.23639304016191,147.8984375,19530000,0.0,0.0
2021-11-10 00:00:00-05:00,146.48965185190764,147.0557547297235,143.54745049930153,144.89414978027344,29970000,0.0,0.0
2021-11-11 00:00:00-05:00,145.48607536348254,146.52491566576384,144.60315733615232,144.7680206298828,16518000,0.0,0.0
2021-11-12 00:00:00-05:00,145.61120416786628,147.83041049178345,144.41495647222519,147.65957641601562,22360000,0.0,0.0
2021-11-15 00:00:00-05:00,147.8805490402253,148.52510553842666,146.56412805215115,147.43511962890625,23508000,0.0,0.0
2021-11-16 00:00:00-05:00,147.13469271784953,147.7434851066345,146.30342052771164,146.86306762695312,18904000,0.0,0.0
2021-11-17 00:00:00-05:00,147.0135155370304,147.54186906071254,146.23141896443005,147.0328826904297,19594000,0.0,0.0
2021-11-18 00:00:00-05:00,147.2260577387579,149.54904025058778,146.87150849617186,148.81211853027344,35608000,0.0,0.0
2021-11-19 00:00:00-05:00,148.9481825616675,149.9324068330107,147.87906407861217,147.9063720703125,33682000,0.0,0.0
2021-11-22 00:00:00-05:00,148.30959419909644,148.80318386713506,145.14641349880958,145.2998504638672,30594000,0.0,0.0
2021-11-23 00:00:00-05:00,145.1518776457965,145.65540854361367,143.1278431625673,144.78341674804688,27218000,0.0,0.0
2021-11-24 00:00:00-05:00,144.47703883261104,145.2477243987509,143.38408255604315,145.11911010742188,18040000,0.0,0.0
2021-11-26 00:00:00-05:00,143.359739569914,143.56730760150222,140.87090840018158,141.20907592773438,30470000,0.0,0.0
2021-11-29 00:00:00-05:00,143.01361186652207,145.29537478702147,142.90783507857046,144.53363037109375,32596000,0.0,0.0
2021-11-30 00:00:00-05:00,144.01521986367607,144.9999291351749,140.63155943723774,140.925537109375,42068000,0.0,0.0
2021-12-01 00:00:00-05:00,143.01361658018308,144.95075636470054,139.9467715705473,140.08531188964844,34020000,0.0,0.0
2021-12-02 00:00:00-05:00,140.2824605205018,142.87905356135158,139.2540463739242,141.98670959472656,29194000,0.0,0.0
2021-12-03 00:00:00-05:00,142.69682410009432,143.41089332697956,139.3399713287488,141.02882385253906,41230000,0.0,0.0
2021-12-06 00:00:00-05:00,142.06069032750446,142.86712473038352,139.189986920454,142.17440795898438,30618000,0.0,0.0
2021-12-07 00:00:00-05:00,144.59918260368823,146.52044078510028,144.23270692455046,146.26072692871094,32240000,0.0,0.0
2021-12-08 00:00:00-05:00,146.58549276228777,147.37654563981545,145.40315664150788,147.17144775390625,24270000,0.0,0.0
2021-12-09 00:00:00-05:00,146.58003728286783,148.07870362963027,146.10729983987582,146.62721252441406,23270000,0.0,0.0
2021-12-10 00:00:00-05:00,147.68141834397827,147.9570138625122,145.6990885419643,146.98770141601562,24458000,0.0,0.0
2021-12-13 00:00:00-05:00,146.76921671564287,146.95643255514503,144.52073235798926,144.82762145996094,27070000,0.0,0.0
2021-12-14 00:00:00-05:00,142.9818514180104,143.49033777775247,140.24770295550135,142.9212646484375,38446000,0.0,0.0
2021-12-15 00:00:00-05:00,142.4266826928962,145.71599284864382,140.70753679900537,145.4379119873047,36370000,0.0,0.0
2021-12-16 00:00:00-05:00,146.1623912937728,146.66542203712694,142.6232940550718,143.45556640625,33650000,0.0,0.0
2021-12-17 00:00:00-05:00,141.5238967322668,142.84925876287545,140.33211958011196,140.75421142578125,50416000,0.0,0.0
2021-12-20 00:00:00-05:00,139.04100661655653,140.80335695219165,138.36665688582727,140.63699340820312,27192000,0.0,0.0
2021-12-21 00:00:00-05:00,141.08044454407118,142.8835144844595,139.54007383647323,142.48973083496094,28756000,0.0,0.0
2021-12-22 00:00:00-05:00,142.0875350131328,145.49651855936347,142.0875350131328,145.41209411621094,26322000,0.0,0.0
2021-12-23 00:00:00-05:00,145.49650530933746,147.2280624525813,145.44882997744546,145.91015625,26384000,0.0,0.0
2021-12-27 00:00:00-05:00,146.2473298905451,147.3278748162573,146.1614203329688,146.89337158203125,15976000,0.0,0.0
2021-12-28 00:00:00-05:00,147.22059070433994,147.28316267642893,145.05404564217633,145.6822052001953,18200000,0.0,0.0
2021-12-29 00:00:00-05:00,145.64002552206603,146.40724077365513,144.6498606431757,145.65045166015625,17788000,0.0,0.0
2021-12-30 00:00:00-05:00,145.68918557663048,146.29103742709447,144.99448351118997,145.19906616210938,15688000,0.0,0.0
2021-12-31 00:00:00-05:00,145.04959428320663,145.69365075326593,143.85980224609375,143.85980224609375,18136000,0.0,0.0
2022-01-03 00:00:00-05:00,144.0613784409724,144.8519311224432,142.72857575378174,143.99832153320312,28646000,0.0,0.0
2022-01-04 00:00:00-05:00,144.40004976188612,145.4815947191956,142.73206493911738,143.41038513183594,28400000,0.0,0.0
2022-01-05 00:00:00-05:00,143.43073990652238,143.50969364455202,136.74485856797526,136.8312530517578,54618000,0.0,0.0
2022-01-06 00:00:00-05:00,136.06007743230046,138.98142624455608,135.6230889673093,136.80393981933594,37348000,0.0,0.0
2022-01-07 00:00:00-05:00,137.1992250078914,137.50015849299731,134.83652283935174,136.07846069335938,29760000,0.0,0.0
2022-01-10 00:00:00-05:00,134.15272948085013,137.8686013556093,132.25233886282987,137.71961975097656,44408000,0.0,0.0
2022-01-11 00:00:00-05:00,137.0616634231231,139.25553153130753,135.75616876669966,138.77880859375,28730000,0.0,0.0
2022-01-12 00:00:00-05:00,140.18313478333724,141.6311554318166,139.73076471910252,140.4617156982422,26108000,0.0,0.0
2022-01-13 00:00:00-05:00,140.57045524554243,141.87149457613452,137.46090562744897,137.6376953125,31436000,0.0,0.0
2022-01-14 00:00:00-05:00,136.14001576725417,139.77793411889562,136.06007700509608,138.5250701904297,29662000,0.0,0.0
2022-01-18 00:00:00-05:00,135.24222628592668,136.19217162710595,134.5107751926396,135.06643676757812,34872000,0.0,0.0
2022-01-19 00:00:00-05:00,135.58832360539645,137.01449172836578,134.09065764793374,134.1909637451172,28648000,0.0,0.0
2022-01-20 00:00:00-05:00,135.31672826689132,136.68331011018122,132.05372580603233,132.39437866210938,29908000,0.0,0.0
2022-01-21 00:00:00-05:00,131.68526524961257,133.94169047418686,129.19543397045766,129.4586181640625,55652000,0.0,0.0
2022-01-24 00:00:00-05:00,125.11507313847382,130.30428901156284,123.64720029032809,129.90802001953125,76622000,0.0,0.0
2022-01-25 00:00:00-05:00,127.85814979874316,128.51263232248894,125.63398820188476,126.06550598144531,46960000,0.0,0.0
2022-01-26 00:00:00-05:00,130.2208456457692,132.08895763036261,126.2710828970045,128.34776306152344,49130000,0.0,0.0
2022-01-27 00:00:00-05:00,130.4046015787616,131.74386020834598,128.0493400573882,128.12135314941406,31950000,0.0,0.0
2022-01-28 00:00:00-05:00,128.7708494185611,132.44303172603193,127.60489516569507,132.43756103515625,34362000,0.0,0.0
2022-01-31 00:00:00-05:00,133.24300286957987,134.5450272244261,131.30387795487317,134.37667846679688,39986000,0.0,0.0
2022-02-01 00:00:00-05:00,136.65199616866573,136.8491380497125,133.44809584204324,136.70115661621094,68644000,0.0,0.0
2022-02-02 00:00:00-05:00,150.2139748753728,150.50843749823036,144.5257135029297,146.98623657226562,123200000,0.0,0.0
2022-02-03 00:00:00-05:00,144.70744115071966,148.64974827603828,141.68825627852442,142.10984802246094,71518000,0.0,0.0
2022-02-04 00:00:00-05:00,142.46192913434274,143.88262665253944,139.5524914323561,142.31146240234375,57998000,0.0,0.0
2022-02-07 00:00:00-05:00,143.26189283584193,143.26189283584193,137.9485340762374,138.2474822998047,54974000,0.0,0.0
2022-02-08 00:00:00-05:00,138.07422200908613,139.0410493918716,136.07550995493233,138.4441680908203,54284000,0.0,0.0
2022-02-09 00:00:00-05:00,139.99791170532907,141.54822358083172,139.22672618566713,140.62210083007812,40144000,0.0,0.0
2022-02-10 00:00:00-05:00,138.74654529321856,140.51533620817344,137.0120030221674,137.6704559326172,39330000,0.0,0.0
2022-02-11 00:00:00-05:00,137.65063252628258,138.2033087667454,132.48623903478702,133.36270141601562,39958000,0.0,0.0
2022-02-14 00:00:00-05:00,132.3437014572627,135.36635645883993,132.3437014572627,134.59765625,34302000,0.0,0.0
2022-02-15 00:00:00-05:00,136.62814552814626,137.1624698362155,134.89113311033765,135.67274475097656,26680000,0.0,0.0
2022-02-16 00:00:00-05:00,135.7105099596148,137.14014870275417,133.99980495788665,136.79454040527344,25022000,0.0,0.0
2022-02-17 00:00:00-05:00,135.30975711120635,136.17429301504373,131.571047355808,131.63113403320312,38950000,0.0,0.0
2022-02-18 00:00:00-05:00,132.55277323596871,133.15165480974724,129.3046828967441,129.509765625,45620000,0.0,0.0
2022-02-22 00:00:00-05:00,128.94860848642685,131.27506117312328,127.3451658551134,128.92428588867188,44990000,0.0,0.0
2022-02-23 00:00:00-05:00,130.74672218976002,131.146461476255,126.65394836077941,126.71403503417969,32786000,0.0,0.0
2022-02-24 00:00:00-05:00,124.09757963651286,132.0889630529401,124.09757963651286,131.78207397460938,54456000,0.0,0.0
2022-02-25 00:00:00-05:00,132.6372128016479,134.34493246475134,130.84903911293935,133.5384979248047,36406000,0.0,0.0
2022-02-28 00:00:00-05:00,132.13864070917086,134.8216284091714,131.68427023720545,134.13189697265625,38864000,0.0,0.0
2022-03-01 00:00:00-05:00,133.95459346241825,135.3221600936974,132.30597577184693,133.1431884765625,26496000,0.0,0.0
2022-03-02 00:00:00-05:00,133.7058202345684,134.3359650140929,132.1599788001748,133.6497039794922,23520000,0.0,0.0
2022-03-03 00:00:00-05:00,135.07834743813976,135.5049097951273,132.1142937033128,132.98231506347656,24604000,0.0,0.0
2022-03-04 00:00:00-05:00,132.01694707381773,132.93461363828908,129.44467715412816,131.0029296875,30430000,0.0,0.0
2022-03-07 00:00:00-05:00,130.5873302458659,130.8326323863865,125.42989327908792,125.51282501220703,45112000,0.0,0.0
2022-03-08 00:00:00-05:00,125.38520955872268,130.35096043233546,124.81365114823323,126.23385620117188,40428000,0.0,0.0
2022-03-09 00:00:00-05:00,130.35096930824116,132.81944835755982,129.01071051027446,132.506103515625,37026000,0.0,0.0
2022-03-10 00:00:00-05:00,130.36685648313625,132.35911244842734,130.01577753476292,131.5223846435547,27102000,0.0,0.0
2022-03-11 00:00:00-05:00,132.57412490739122,132.87902880681497,128.74354993397455,128.9809112548828,31526000,0.0,0.0
2022-03-14 00:00:00-04:00,129.35780521773768,129.51571269481013,124.41688480642178,125.08824920654297,38812000,0.0,0.0
2022-03-15 00:00:00-04:00,126.1062089198492,128.96500057359978,124.85930834063508,128.31298828125,30920000,0.0,0.0
2022-03-16 00:00:00-04:00,129.83750304335058,132.41968439619922,127.85268781908668,132.3675537109375,35576000,0.0,0.0
2022-03-17 00:00:00-04:00,132.23694993148916,133.1620725593792,131.27954871173705,132.92222595214844,28264000,0.0,0.0
2022-03-18 00:00:00-04:00,132.5105817550083,135.31077278491193,131.35256814117724,135.19308471679688,44566000,0.0,0.0
2022-03-21 00:00:00-04:00,135.23079176119532,136.1112244178566,133.173978749984,135.16921997070312,26832000,0.0,0.0
2022-03-22 00:00:00-04:00,135.16923238113208,140.0838376848272,135.16923238113208,138.90992736816406,35496000,0.0,0.0
2022-03-23 00:00:00-04:00,137.7524003944116,138.6323329542987,136.8908499613676,137.3283233642578,25154000,0.0,0.0
2022-03-24 00:00:00-04:00,138.24650294781864,140.6489395534487,136.80693829894508,140.60226440429688,26396000,0.0,0.0
2022-03-25 00:00:00-04:00,140.9438768596341,141.0620649838746,138.78030223496174,140.70254516601562,24126000,0.0,0.0
2022-03-28 00:00:00-04:00,139.9353507908975,141.02980723169944,138.85380578704,140.48655700683594,35050000,0.0,0.0
2022-03-29 00:00:00-04:00,141.67039869442453,142.80854493506988,141.06556149858096,141.52935791015625,34318000,0.0,0.0
2022-03-30 00:00:00-04:00,141.48417499062563,141.74288866121253,140.63006526780768,140.96624755859375,19884000,0.0,0.0
2022-03-31 00:00:00-04:00,141.07993710759197,141.13456824026574,138.07219395712613,138.11489868164062,37524000,0.0,0.0
2022-04-01 00:00:00-04:00,138.54443389331385,139.5087756948705,137.3600975929248,139.1904754638672,25942000,0.0,0.0
2022-04-04 00:00:00-04:00,139.39707934303763,142.72760894504665,139.34940401086646,141.99217224121094,25942000,0.0,0.0
2022-04-05 00:00:00-04:00,141.89037137348774,142.0110296598707,139.42090753807759,139.6279754638672,21418000,0.0,0.0
2022-04-06 00:00:00-04:00,137.79958340829674,138.40590569725433,134.5887272738365,135.6126708984375,32468000,0.0,0.0
2022-04-07 00:00:00-04:00,135.07833039176163,136.2249325297986,133.3080392474461,134.95767211914062,26234000,0.0,0.0
2022-04-08 00:00:00-04:00,134.6547746087494,134.74068416097512,132.054711175335,132.37451171875,25142000,0.0,0.0
2022-04-11 00:00:00-04:00,130.92052859554875,131.18768319388306,127.78714112721842,127.94107818603516,36884000,0.0,0.0
2022-04-12 00:00:00-04:00,130.69855860670543,130.69855860670543,125.9205088911911,126.83966827392578,32710000,0.0,0.0
2022-04-13 00:00:00-04:00,127.12321836007308,129.4412304311551,126.86598980577136,129.00424194335938,27928000,0.0,0.0
2022-04-14 00:00:00-04:00,129.58575166232626,129.58575166232626,125.73380907373294,125.86193084716797,31598000,0.0,0.0
2022-04-18 00:00:00-04:00,126.13006878953061,127.33425728221141,125.31767118048631,126.80193328857422,20808000,0.0,0.0
2022-04-19 00:00:00-04:00,126.8168237740638,129.44022454936223,126.12956257149347,129.1184539794922,26490000,0.0,0.0
2022-04-20 00:00:00-04:00,129.99540243243885,130.49893329620238,126.62663895836951,127.16293334960938,31696000,0.0,0.0
2022-04-21 00:00:00-04:00,128.36465210884853,129.2073354940893,123.67350445849084,123.95953369140625,36446000,0.0,0.0
2022-04-22 00:00:00-04:00,124.1437652925247,124.54301206602497,118.11038133016164,118.81600952148438,56884000,0.0,0.0
2022-04-25 00:00:00-04:00,118.2851793587275,122.43306957367948,117.69922438047917,122.23096466064453,46128000,0.0,0.0
2022-04-26 00:00:00-04:00,121.45680927223376,121.67083301891546,117.69922482697882,117.83727264404297,73054000,0.0,0.0
2022-04-27 00:00:00-04:00,113.68540868356776,116.43891680476513,111.9642852037217,113.51161193847656,91820000,0.0,0.0
2022-04-28 00:00:00-04:00,115.61757779171258,118.82991910256544,113.33332937298223,117.71063995361328,48884000,0.0,0.0
2022-04-29 00:00:00-04:00,115.9348925830269,117.11227327148157,113.03489573072191,113.32787322998047,42676000,0.0,0.0
2022-05-02 00:00:00-04:00,112.62819126516962,115.94580921166728,111.82870509334481,115.784423828125,35534000,0.0,0.0
2022-05-03 00:00:00-04:00,115.63296649848806,117.63069314671395,115.2396829127405,116.53028106689453,24968000,0.0,0.0
2022-05-04 00:00:00-04:00,116.22985941768594,122.01297109395705,114.32747578407296,121.42353820800781,49916000,0.0,0.0
2022-05-05 00:00:00-04:00,119.38061812261219,120.20989755476226,114.21772570249654,115.70745086669922,45840000,0.0,0.0
2022-05-06 00:00:00-04:00,114.3954893775831,116.76613949052427,113.23449828464905,114.9536361694336,39710000,0.0,0.0
2022-05-09 00:00:00-04:00,112.47425468443095,114.28874346683119,111.23331708562353,111.74031829833984,40802000,0.0,0.0
2022-05-10 00:00:00-04:00,114.71629465970669,115.45370897495468,112.12714988528167,113.61141204833984,39900000,0.0,0.0
2022-05-11 00:00:00-04:00,112.4608505325777,115.56742256499777,112.4608505325777,112.8243408203125,37534000,0.0,0.0
2022-05-12 00:00:00-04:00,110.61459079443388,113.5121023113223,109.07222711218267,112.071044921875,53836000,0.0,0.0
2022-05-13 00:00:00-04:00,113.74846982950024,117.06758067088552,112.82683262018276,115.25557708740234,35038000,0.0,0.0
2022-05-16 00:00:00-04:00,114.16806533985789,115.37424657396184,113.10937301955866,113.66106414794922,25990000,0.0,0.0
2022-05-17 00:00:00-04:00,116.0401615158737,116.09925558724196,114.08316196839625,115.67517852783203,23054000,0.0,0.0
2022-05-18 00:00:00-04:00,114.21227511679197,114.60953671958168,110.79136543123056,111.13301086425781,35126000,0.0,0.0
2022-05-19 00:00:00-04:00,110.66821695459474,112.2359033534811,109.24651920632846,109.62789154052734,34144000,0.0,0.0
2022-05-20 00:00:00-04:00,111.18414230539884,111.41505546027001,105.07180479603741,108.1619873046875,48962000,0.0,0.0
2022-05-23 00:00:00-04:00,108.836847701739,111.37930975737493,107.99614188533646,110.72432708740234,37184000,0.0,0.0
2022-05-24 00:00:00-04:00,105.0474835711035,105.72928171250157,101.18660771550725,105.24412536621094,76780000,0.0,0.0
2022-05-25 00:00:00-04:00,104.26636328189969,105.7704926632561,103.1450989268673,105.08025360107422,40258000,0.0,0.0
2022-05-26 00:00:00-04:00,104.9531351796144,107.90527019647237,104.50422783594661,107.05414581298828,37948000,0.0,0.0
2022-05-27 00:00:00-04:00,108.73305507461306,111.54863472420854,108.39090958839716,111.5471420288086,37914000,0.0,0.0
2022-05-31 00:00:00-04:00,111.97421059952642,114.9422425490891,111.31078697286502,112.98275756835938,50012000,0.0,0.0
2022-06-01 00:00:00-04:00,114.06826317353504,116.29937309388902,112.47425385777059,113.11185455322266,36606000,0.0,0.0
2022-06-02 00:00:00-04:00,113.2191263212025,117.09191364618562,112.17284522011377,116.81681060791016,37992000,0.0,0.0
2022-06-03 00:00:00-04:00,115.26749397177188,115.52472253823346,112.7409211603864,113.75641632080078,26136000,0.0,0.0
2022-06-06 00:00:00-04:00,115.90509148996708,118.5294926139671,115.36829697900254,116.02030181884766,33542000,0.0,0.0
2022-06-07 00:00:00-04:00,114.68948702904132,116.88484826916003,114.26392481291269,116.34705352783203,31590000,0.0,0.0
2022-06-08 00:00:00-04:00,115.96170279833255,117.75831718034826,115.80131001338671,116.39124298095703,26108000,0.0,0.0
2022-06-09 00:00:00-04:00,115.53068133088902,117.48868116745223,113.9898103443374,114.04890441894531,25798000,0.0,0.0
2022-06-10 00:00:00-04:00,111.67477148150725,112.50305836640055,109.6100098970209,110.40006256103516,41452000,0.0,0.0
2022-06-13 00:00:00-04:00,106.05503282631635,108.04629624886985,105.3921093112375,105.66373443603516,47252000,0.0,0.0
2022-06-14 00:00:00-04:00,105.80524487282368,107.18522275393376,105.07527897535611,105.98450469970703,33706000,0.0,0.0
2022-06-15 00:00:00-04:00,107.8014823825955,110.66026699950997,106.93198347818276,109.01263427734375,39698000,0.0,0.0
2022-06-16 00:00:00-04:00,106.48654806155035,107.90426771466136,104.41781621124528,105.30718231201172,51684000,0.0,0.0
2022-06-17 00:00:00-04:00,105.30718677609678,107.95492543163547,104.32644797510493,106.40958404541016,51376000,0.0,0.0
2022-06-21 00:00:00-04:00,108.18334476803008,111.7189644125282,107.85610349476617,110.77993774414062,47416000,0.0,0.0
2022-06-22 00:00:00-04:00,109.7992086229141,112.57009089350043,109.62639691916156,110.72383117675781,30774000,0.0,0.0
2022-06-23 00:00:00-04:00,111.46273365284881,111.97023497314542,109.74359547231944,111.47315979003906,28362000,0.0,0.0
2022-06-24 00:00:00-04:00,112.22100195891159,117.27017686925784,112.17878974433779,117.16688537597656,41164000,0.0,0.0
2022-06-27 00:00:00-04:00,117.46284286786336,117.76723906577276,114.39052725392568,115.04005432128906,36420000,0.0,0.0
2022-06-28 00:00:00-04:00,115.00926788550748,116.50594891671535,111.08185732274715,111.24026489257812,35792000,0.0,0.0
2022-06-29 00:00:00-04:00,110.78788927074342,112.3853689488812,110.11303936843558,110.93636322021484,24716000,0.0,0.0
2022-06-30 00:00:00-04:00,109.24651298788866,110.12843077767293,106.0187751041556,108.21661376953125,43170000,0.0,0.0
2022-07-01 00:00:00-04:00,107.19367448668028,108.50165457610703,105.99941202989662,107.99266815185547,35476000,0.0,0.0
2022-07-05 00:00:00-04:00,106.36688099642751,112.60038490089782,105.00725515042267,112.48716735839844,39342000,0.0,0.0
2022-07-06 00:00:00-04:00,112.52588844454358,114.79771765919865,110.71239245993543,113.78718566894531,37432000,0.0,0.0
2022-07-07 00:00:00-04:00,114.29172973514224,118.37307767600376,114.04692008375858,117.9693603515625,40936000,0.0,0.0
2022-07-08 00:00:00-04:00,116.44685795142414,118.8651762014679,116.10074202416587,118.53594970703125,38238000,0.0,0.0
2022-07-11 00:00:00-04:00,117.18974092087866,117.18974092087866,114.54050937124147,114.88414001464844,31196000,0.0,0.0
2022-07-12 00:00:00-04:00,115.41894329267954,116.172746938359,112.91124517680676,113.2394790649414,29960000,0.0,0.0
2022-07-13 00:00:00-04:00,110.93585975066051,113.41377206743013,110.43978477358259,110.59074401855469,43722000,0.0,0.0
2022-07-14 00:00:00-04:00,109.4555813251154,110.33203606233151,107.63066634050548,109.61150360107422,37004000,0.0,0.0
2022-07-15 00:00:00-04:00,111.23332046369126,112.36551106488659,110.14035668814668,111.0118408203125,46770000,0.0,0.0
2022-07-18 00:00:00-04:00,111.86842992036455,112.9013069637435,107.62768220362615,108.28315734863281,43164600,0.0,20.0
2022-07-19 00:00:00-04:00,110.090694802755,113.2389790223901,108.80953017450513,113.0304183959961,36530900,0.0,0.0
2022-07-20 00:00:00-04:00,112.39480143387381,114.60952961762138,111.7095329780885,113.11980438232422,35600400,0.0,0.0
2022-07-21 00:00:00-04:00,113.4971913732267,113.76534614143134,110.34890739810696,113.55677795410156,32676200,0.0,0.0
2022-07-22 00:00:00-04:00,110.23966791558226,111.57048549483595,105.77049218927488,107.16090393066406,48901200,0.0,0.0
2022-07-25 00:00:00-04:00,107.66741148020654,109.11740979105046,105.571864055946,106.77357482910156,34690900,0.0,0.0
2022-07-26 00:00:00-04:00,105.86980776641253,106.4656963595138,103.35713902112693,104.30062866210938,47991000,0.0,0.0
2022-07-27 00:00:00-04:00,108.51158697347695,113.12973666354446,107.27014929212193,112.28555297851562,59858500,0.0,0.0
2022-07-28 00:00:00-04:00,111.60028062288364,113.55677997539442,110.69651038548061,113.43760681152344,32816600,0.0,0.0
2022-07-29 00:00:00-04:00,112.30542696475278,115.91055948000562,112.28555971746356,115.52323150634766,37223400,0.0,0.0
2022-08-01 00:00:00-04:00,114.51020776113126,115.9204790624543,113.55677701223817,114.0732192993164,26034300,0.0,0.0
2022-08-02 00:00:00-04:00,113.21912028499861,115.55302168772738,112.94103944751733,114.34137725830078,20236000,0.0,0.0
2022-08-03 00:00:00-04:00,114.91739550950311,117.807465895975,114.68897523298226,117.27116394042969,28499000,0.0,0.0
2022-08-04 00:00:00-04:00,116.67528876714736,117.96637948017171,116.08932620935268,117.38042449951172,21602900,0.0,0.0
2022-08-05 00:00:00-04:00,115.43385532537566,117.30097504227626,115.20542743703525,116.66535949707031,19159500,0.0,0.0
2022-08-08 00:00:00-04:00,117.57904337218183,119.32698972388245,116.07938455316629,116.49651336669922,19138300,0.0,0.0
2022-08-09 00:00:00-04:00,116.33761682995618,116.51638417366392,114.91741170414872,115.83110809326172,19086500,0.0,0.0
2022-08-10 00:00:00-04:00,117.96637720002795,120.09171797963317,117.59891648269448,118.88007354736328,30930400,0.0,0.0
2022-08-11 00:00:00-04:00,120.44924388844952,120.65780450187786,117.74787438229087,118.02595520019531,24293700,0.0,0.0
2022-08-12 00:00:00-04:00,119.4362404313281,120.84651184082031,118.64171727202111,120.84651184082031,19096300,0.0,0.0
2022-08-15 00:00:00-04:00,120.30027720751173,121.4622686635192,119.7838424537241,121.2437744140625,19494800,0.0,0.0
2022-08-16 00:00:00-04:00,120.68760382332333,121.59137410380659,119.81363441236235,120.86637115478516,19041200,0.0,0.0
2022-08-17 00:00:00-04:00,119.29719726513474,120.45918110770077,118.56226070771955,118.7311019897461,22847000,0.0,0.0
2022-08-18 00:00:00-04:00,118.61191857047314,119.99239662453576,117.9067828978834,119.34684753417969,17987700,0.0,0.0
2022-08-19 00:00:00-04:00,118.24445362994561,118.33384108294739,115.96021284676502,116.4071273803711,21809500,0.0,0.0
2022-08-22 00:00:00-04:00,114.4108893191489,114.83794416833236,113.0701381898491,113.45746612548828,21456600,0.0,0.0
2022-08-23 00:00:00-04:00,112.70267618703092,114.22219462101687,112.65301565139542,113.08007049560547,15870400,0.0,0.0
2022-08-24 00:00:00-04:00,112.72253867644604,113.99376961834115,112.096856828301,112.91123962402344,17734600,0.0,0.0
2022-08-25 00:00:00-04:00,113.45747189022575,115.92048761517785,113.32836509749748,115.85096740722656,16956800,0.0,0.0
2022-08-26 00:00:00-04:00,113.93419313124014,114.33145473006633,109.43522389908544,109.58419036865234,37245700,0.0,0.0
2022-08-29 00:00:00-04:00,109.236581726649,110.1900049513534,108.05473821304507,108.67048645019531,21191200,0.0,0.0
2022-08-30 00:00:00-04:00,109.41535713980008,109.74309852857878,107.06159598452625,108.19378662109375,27513300,0.0,0.0
2022-08-31 00:00:00-04:00,109.89207703712617,110.09070405692138,107.38933415574992,107.47872161865234,28627000,0.0,0.0
2022-09-01 00:00:00-04:00,107.53831323927108,109.6934475711095,106.62461678205877,108.98831176757812,28360900,0.0,0.0
2022-09-02 00:00:00-04:00,109.83246571965539,109.98143974980776,106.52528165136928,107.11123657226562,24160700,0.0,0.0
2022-09-06 00:00:00-04:00,106.56501052381782,107.2900058656168,105.05541810364878,106.07836151123047,25068300,0.0,0.0
2022-09-07 00:00:00-04:00,106.32665101955834,109.22665517213872,106.16775093808137,108.70027923583984,23167000,0.0,0.0
2022-09-08 00:00:00-04:00,107.2999515779475,108.84926350945794,106.42598210478634,107.63761901855469,24238300,0.0,0.0
2022-09-09 00:00:00-04:00,108.32288788088225,110.22973437366748,108.27322734192177,109.8920669555664,23197700,0.0,0.0
2022-09-12 00:00:00-04:00,110.22973087368234,110.85542030532613,109.17699415992941,110.10062408447266,22966800,0.0,0.0
2022-09-13 00:00:00-04:00,107.06158881718635,107.55816389040682,103.3769951060123,103.60542297363281,38172900,0.0,0.0
2022-09-14 00:00:00-04:00,103.85370686767357,104.55884253765855,102.94994420622076,104.28076171875,26395100,0.0,0.0
2022-09-15 00:00:00-04:00,103.31740907499702,104.54891314157877,101.64891651695895,102.20508575439453,34188300,0.0,0.0
2022-09-16 00:00:00-04:00,101.370837496437,102.42357425141003,100.24858053268528,102.09584045410156,42797200,0.0,0.0
2022-09-19 00:00:00-04:00,101.05302529143925,102.62220430858018,100.85439829715003,102.36398315429688,23036800,0.0,0.0
2022-09-20 00:00:00-04:00,101.38076814646514,101.66878259642567,99.8314487750522,100.44720458984375,26517100,0.0,0.0
2022-09-21 00:00:00-04:00,100.97358111903203,102.17529197681066,98.59001907394925,98.5999526977539,31487300,0.0,0.0
2022-09-22 00:00:00-04:00,98.14309788632383,100.54651943978457,98.1133045940541,99.45405578613281,34298600,0.0,0.0
2022-09-23 00:00:00-04:00,98.94754744299671,98.97734831250827,96.802347043361,98.06364440917969,31625400,0.0,0.0
2022-09-26 00:00:00-04:00,97.42802313116289,99.19582909385643,97.13008264794297,97.49754333496094,27072700,0.0,0.0
2022-09-27 00:00:00-04:00,98.74892590357743,99.31502122145433,96.20646378499133,96.83214569091797,30072800,0.0,0.0
2022-09-28 00:00:00-04:00,96.98111550841472,100.010218977276,96.44481350795311,99.36467742919922,32466300,0.0,0.0
2022-09-29 00:00:00-04:00,97.96433766405387,97.96433766405387,95.30269475589749,96.75269317626953,31047200,0.0,0.0
2022-09-30 00:00:00-04:00,96.38522371736838,98.22254995330734,94.90542455938035,94.99481201171875,32941500,0.0,0.0
2022-10-03 00:00:00-04:00,96.09721298076929,98.60988170924736,95.85885148341555,97.9643325805664,27982000,0.0,0.0
2022-10-04 00:00:00-04:00,99.75200940133061,101.14241363200935,99.69241523634811,100.94378662109375,28850800,0.0,0.0
2022-10-05 00:00:00-04:00,99.14618310911277,101.23179694688893,98.1232396482166,100.73522186279297,22176900,0.0,0.0
2022-10-06 00:00:00-04:00,99.99035938714277,102.22494726893785,99.90097193176103,100.72528839111328,22324000,0.0,0.0
2022-10-07 00:00:00-04:00,99.16604271542337,99.84138513244945,97.6266645019863,98.00405883789062,27502800,0.0,0.0
2022-10-10 00:00:00-04:00,98.32186494334555,98.42117844301296,96.34549826456681,97.1896743774414,18225100,0.0,0.0
2022-10-11 00:00:00-04:00,96.76261553045553,98.57014842775828,95.65028467937152,96.51432800292969,26507100,0.0,0.0
2022-10-12 00:00:00-04:00,96.63351005621553,98.07357470456819,96.07734083455361,96.8917236328125,21876400,0.0,0.0
2022-10-13 00:00:00-04:00,94.49823387339498,99.09651612531559,93.73350405042449,98.3814468383789,34574500,0.0,0.0
2022-10-14 00:00:00-04:00,99.30508010298726,100.0002897453495,95.70988145547351,95.89857482910156,25410700,0.0,0.0
2022-10-17 00:00:00-04:00,98.18282760627487,100.23864818008829,98.1530343131541,99.28522491455078,28419200,0.0,0.0
2022-10-18 00:00:00-04:00,102.42356970435209,102.76124468709659,99.28521924820954,100.0797348022461,24060700,0.0,0.0
2022-10-19 00:00:00-04:00,99.32494982352485,100.32802603161117,98.2424122068316,98.94754791259766,23811100,0.0,0.0
2022-10-20 00:00:00-04:00,99.31501820767156,101.61912632700415,98.709195990434,99.28522491455078,25323200,0.0,0.0
2022-10-21 00:00:00-04:00,97.17973986521672,100.61603844678358,97.05063307454373,100.43727111816406,32458700,0.0,0.0
2022-10-24 00:00:00-04:00,101.10268728739813,102.04617688958683,99.29515433560225,101.8177490234375,27176400,0.0,0.0
2022-10-25 00:00:00-04:00,102.19514899283054,104.10199540713289,102.01638166791882,103.76432800292969,40611400,0.0,0.0
2022-10-26 00:00:00-04:00,95.7694645312069,97.63658399309821,94.04138547726846,94.27973937988281,88114100,0.0,0.0
2022-10-27 00:00:00-04:00,93.87255109519647,94.77632139039405,91.17118898720857,91.58831024169922,60710900,0.0,0.0
2022-10-28 00:00:00-04:00,91.63796414593529,95.88865329835012,91.49892372634271,95.63043212890625,43697300,0.0,0.0
2022-10-31 00:00:00-04:00,94.766387840837,95.37221005350747,93.3362567418793,93.86262512207031,31675000,0.0,0.0
2022-11-01 00:00:00-04:00,94.79618761427888,95.37221657343223,89.75099014108092,89.85030364990234,47161400,0.0,0.0
2022-11-02 00:00:00-04:00,90.31707478646692,90.55542869485429,86.2848801267709,86.374267578125,57038300,0.0,0.0
2022-11-03 00:00:00-04:00,85.72872394565061,85.92735095244444,82.76913305076104,82.8585205078125,61288000,0.0,0.0
2022-11-04 00:00:00-04:00,84.81502104184743,86.04652505857264,83.13659492864404,85.9869384765625,51124900,0.0,0.0
2022-11-07 00:00:00-05:00,86.68214691275777,88.29105293982344,86.2550920302293,87.88385772705078,34078900,0.0,0.0
2022-11-08 00:00:00-05:00,88.29105377197266,89.7013252290992,86.99002186523454,88.29105377197266,30429000,0.0,0.0
2022-11-09 00:00:00-05:00,87.84412735927378,88.82735145908663,86.68214350727783,86.72187042236328,31769100,0.0,0.0
2022-11-10 00:00:00-05:00,91.61809043991572,93.74343090194472,90.98247502569023,93.29651641845703,51620100,0.0,0.0
2022-11-11 00:00:00-05:00,94.04139140730278,96.26604565196418,93.27666153820596,95.7496109008789,33090500,0.0,0.0
2022-11-14 00:00:00-05:00,94.43864192776208,96.12700168973441,93.86262061279506,95.04446411132812,30179500,0.0,0.0
2022-11-15 00:00:00-05:00,97.58693396732818,99.45405348533612,96.04754823383983,97.76570129394531,41640800,0.0,0.0
2022-11-16 00:00:00-05:00,97.22940010842291,98.95747922841689,96.97117895072545,98.17288970947266,29105200,0.0,0.0
2022-11-17 00:00:00-05:00,96.30577068517638,98.59994509335151,96.12700335615402,97.68624877929688,26052600,0.0,0.0
2022-11-18 00:00:00-05:00,98.09343657704217,98.2225509453757,95.70988228857895,96.76261901855469,28342300,0.0,0.0
2022-11-21 00:00:00-05:00,96.62358621558475,97.72598357054807,94.70680597991417,94.94515991210938,21647400,0.0,0.0
2022-11-22 00:00:00-05:00,95.29275972414906,96.55406473544099,93.40578038476772,96.3852310180664,23438500,0.0,0.0
2022-11-23 00:00:00-05:00,96.4249422059745,98.08350867690265,96.4249422059745,97.78556060791016,18868100,0.0,0.0
2022-11-25 00:00:00-05:00,97.56707539206505,97.96433699508836,96.73283284513745,96.79241943359375,9701400,0.0,0.0
2022-11-28 00:00:00-05:00,96.37529881625241,96.91160084741479,94.95509369034133,95.39208221435547,26237500,0.0,0.0
2022-11-29 00:00:00-05:00,95.07426584986467,95.46159379672028,93.46535990183312,94.5379638671875,20061700,0.0,0.0
2022-11-30 00:00:00-05:00,94.17049833327081,100.34789357132563,93.77323675188165,100.29823303222656,43647500,0.0,0.0
2022-12-01 00:00:00-05:00,100.32802632483222,101.54960436160536,99.563304031794,100.29823303222656,28687100,0.0,0.0
2022-12-02 00:00:00-05:00,98.37152838636051,100.07974033162778,98.22255434389345,99.75200653076172,21480700,0.0,0.0
2022-12-05 00:00:00-05:00,98.71913015086434,100.68556327887788,98.32186856044572,98.798583984375,24405100,0.0,0.0
2022-12-06 00:00:00-05:00,98.6198123778136,99.09652020396926,95.75953511234248,96.31570434570312,24910700,0.0,0.0
2022-12-07 00:00:00-05:00,95.74961245738875,96.21638667703273,94.0711862290918,94.28968048095703,31045400,0.0,0.0
2022-12-08 00:00:00-05:00,94.72665891342506,94.92529349040643,92.80987881407734,93.06809997558594,32213300,0.0,0.0
2022-12-09 00:00:00-05:00,93.12769363601662,93.61434270374613,92.11468373641269,92.19413757324219,28225400,0.0,0.0
2022-12-12 00:00:00-05:00,92.07494883207544,92.91912493805006,90.98248519039448,92.67083740234375,29420000,0.0,0.0
2022-12-13 00:00:00-05:00,97.09035971387452,98.8482321260313,94.3790565003639,94.97494506835938,40593700,0.0,0.0
2022-12-14 00:00:00-05:00,94.54789188781861,96.20645840814433,92.95885315251148,94.41878509521484,28733600,0.0,0.0
2022-12-15 00:00:00-05:00,92.49206485576933,92.998573521634,89.39344143432389,90.23761749267578,40107000,0.0,0.0
2022-12-16 00:00:00-05:00,90.13830631838147,90.70440157933497,88.90679472353236,89.64173126220703,58011800,0.0,0.0
2022-12-19 00:00:00-05:00,89.64173089197104,89.93967137816473,87.6057701392111,87.83419799804688,29493000,0.0,0.0
2022-12-20 00:00:00-05:00,87.50646975018819,88.56914022208971,86.84106089651254,88.41023254394531,23453800,0.0,0.0
2022-12-21 00:00:00-05:00,88.46980985381954,89.60200032488561,87.71501368073093,88.96638488769531,24745600,0.0,0.0
2022-12-22 00:00:00-05:00,87.55612082820765,87.93351515729785,85.72872061278274,87.15885925292969,27658300,0.0,0.0
2022-12-23 00:00:00-05:00,86.5133086638046,88.93659741222335,86.47358174924135,88.61878967285156,23003000,0.0,0.0
2022-12-27 00:00:00-05:00,88.19173478905765,88.33077520142463,86.4139951427837,86.79138946533203,20097300,0.0,0.0
2022-12-28 00:00:00-05:00,86.38420166698455,87.43693838041416,85.35132462222182,85.43077087402344,19523200,0.0,0.0
2022-12-29 00:00:00-05:00,86.02666490506726,88.2413853981384,86.01673128241025,87.84412384033203,23333500,0.0,0.0
2022-12-30 00:00:00-05:00,86.38419566315923,87.69515344094961,85.97700050101459,87.6256332397461,23986300,0.0,0.0
2023-01-03 00:00:00-05:00,88.97631857972549,90.4263244711382,87.91364821898763,88.5095443725586,28131200,0.0,0.0
2023-01-04 00:00:00-05:00,89.73111687687052,90.02906496049344,86.67221251659535,87.47666931152344,34854800,0.0,0.0
2023-01-05 00:00:00-05:00,86.87084008200145,86.97015357614328,85.31159473485968,85.60953521728516,27194400,0.0,0.0
2023-01-06 00:00:00-05:00,86.19550170469084,87.0893383476196,84.2787216281847,86.74172973632812,41381500,0.0,0.0
2023-01-09 00:00:00-05:00,87.75474345560666,89.4331695495465,87.25816840553064,87.41706848144531,29003900,0.0,0.0
2023-01-10 00:00:00-05:00,85.39105735353961,88.06262623356912,85.24208330842042,87.81433868408203,30467800,0.0,0.0
2023-01-11 00:00:00-05:00,88.56912924744373,90.97255075305516,88.40029554318691,90.89309692382812,26862000,0.0,0.0
2023-01-12 00:00:00-05:00,90.85337642641241,91.24070436753142,89.13522338270101,90.50576782226562,30258100,0.0,0.0
2023-01-13 00:00:00-05:00,90.22768590186173,91.55851098824732,89.51261661092427,91.4889907836914,26329200,0.0,0.0
2023-01-17 00:00:00-05:00,91.42939508883157,91.6180960310852,89.4331688584874,90.6646728515625,32602400,0.0,0.0
2023-01-18 00:00:00-05:00,91.50885177199906,92.1643344905254,90.0191265867673,90.49584197998047,29116700,0.0,0.0
2023-01-19 00:00:00-05:00,90.09858641353043,92.96878985532521,90.00919895635575,92.41262817382812,37000400,0.0,0.0
2023-01-20 00:00:00-05:00,94.44857523506278,97.62666017673301,94.36912140666584,97.34857177734375,63191100,0.0,0.0
2023-01-23 00:00:00-05:00,97.2790527522602,99.35474047579733,96.83213822208886,99.10645294189453,40005100,0.0,0.0
2023-01-24 00:00:00-05:00,97.42803093472394,98.9276898249223,96.5341942592039,97.03076934814453,33078500,0.0,0.0
2023-01-25 00:00:00-05:00,94.91536534057045,95.5013279050371,93.11776588375292,94.56776428222656,42330000,0.0,0.0
2023-01-26 00:00:00-05:00,95.83898757649443,96.90165791285827,94.7266567027606,96.85199737548828,30114000,0.0,0.0
2023-01-27 00:00:00-05:00,96.6434366363265,99.63282064646212,96.6434366363265,98.6893310546875,33879800,0.0,0.0
2023-01-30 00:00:00-05:00,96.8122800793185,97.61672927716072,95.73967609743931,96.2759780883789,27226200,0.0,0.0
2023-01-31 00:00:00-05:00,96.20645682604395,98.20268315266414,96.15679628817142,98.16295623779297,29870700,0.0,0.0
2023-02-01 00:00:00-05:00,98.03385353408179,100.49686931883123,96.91159655644073,99.74207305908203,35531100,0.0,0.0
2023-02-02 00:00:00-05:00,105.07530018529661,107.11125366516494,104.88659921184829,107.00200653076172,69883800,0.0,0.0
2023-02-03 00:00:00-05:00,102.22494486291488,107.07151484914603,101.87734382713276,104.06227111816406,65309300,0.0,0.0
2023-02-06 00:00:00-05:00,101.69857720610024,103.64515059717341,101.1821348832258,102.19515228271484,31999600,0.0,0.0
2023-02-07 00:00:00-05:00,102.51295768495851,107.43898142309807,102.413644187333,106.90267944335938,49010200,0.0,0.0
2023-02-08 00:00:00-05:00,101.35097370371372,102.43350370738915,97.36843956449569,98.6893310546875,94743500,0.0,0.0
2023-02-09 00:00:00-05:00,99.31501673753093,99.34481003021067,92.9886474435818,94.35919952392578,119455000,0.0,0.0
2023-02-10 00:00:00-05:00,94.79618010978967,96.08727835366426,93.60440294400885,93.92221069335938,54980700,0.0,0.0
2023-02-13 00:00:00-05:00,94.0910437433125,94.54789190623137,93.19720708667369,93.9619369506836,50076100,0.0,0.0
2023-02-14 00:00:00-05:00,93.78316845750277,94.20028969972182,91.62803446223668,94.03145599365234,54726100,0.0,0.0
2023-02-15 00:00:00-05:00,93.84275567149737,96.4547454186921,93.50508825709151,96.2759780883789,50169000,0.0,0.0
2023-02-16 00:00:00-05:00,94.7167258913076,97.01090015224685,94.09103649131777,94.85576629638672,42462600,0.0,0.0
2023-02-17 00:00:00-05:00,94.20028752420988,94.90542320133379,92.571521930855,93.7037124633789,34284100,0.0,0.0
2023-02-21 00:00:00-05:00,92.36296567753287,92.46227917896354,91.09173467409758,91.1612548828125,33629300,0.0,0.0
2023-02-22 00:00:00-05:00,91.07186212673855,91.4790573091785,89.98933214302377,91.02220916748047,30884000,0.0,0.0
2023-02-23 00:00:00-05:00,91.29036136551639,91.31022861201542,89.14516094882144,90.26741790771484,41206400,0.0,0.0
2023-02-24 00:00:00-05:00,88.82735191404939,89.27426645106479,87.9732421781732,88.51947021484375,36585100,0.0,0.0
2023-02-27 00:00:00-05:00,89.25440979003906,89.54242425273972,88.72803382757155,89.25440979003906,27502300,0.0,0.0
2023-02-28 00:00:00-05:00,88.7181046101625,90.60509140829545,88.70817098707695,89.44309997558594,30142000,0.0,0.0
2023-03-01 00:00:00-05:00,89.36365638021726,90.40645952118473,89.05577467248298,89.74105072021484,31111200,0.0,0.0
2023-03-02 00:00:00-05:00,89.0458443432277,91.64789283593468,88.97631656003954,91.36981201171875,32204400,0.0,0.0
2023-03-03 00:00:00-05:00,91.84653053055096,93.087968235955,91.81672966082834,93.00851440429688,35160100,0.0,0.0
2023-03-06 00:00:00-05:00,93.37597339821141,95.31262072930046,93.35611372922939,94.4783706665039,32639300,0.0,0.0
2023-03-07 00:00:00-05:00,94.32939468285895,95.01466306200169,92.8893225701866,93.2170639038086,27835500,0.0,0.0
2023-03-08 00:00:00-05:00,93.47529384441702,95.30268646381667,93.3561130999254,93.60440063476562,34103300,0.0,0.0
2023-03-09 00:00:00-05:00,93.40577517359714,94.87563316082465,91.2705008234345,91.6876220703125,28813500,0.0,0.0
2023-03-10 00:00:00-05:00,91.53864552759404,92.15440133504755,89.78077313404465,90.00919342041016,35941000,0.0,0.0
2023-03-13 00:00:00-04:00,89.472898681437,91.93591453341143,88.80748985999631,90.48591613769531,37335600,0.0,0.0
2023-03-14 00:00:00-04:00,91.92597905952277,93.71365243038926,91.80680588622143,93.32632446289062,36050200,0.0,0.0
2023-03-15 00:00:00-04:00,92.58145687000861,96.26604296450648,92.00542797274241,95.45166015625,50622100,0.0,0.0
2023-03-16 00:00:00-04:00,95.54103889104195,100.49686346498038,94.84583683514583,99.63282012939453,65492000,0.0,0.0
2023-03-17 00:00:00-04:00,99.57323488486855,102.13555648041809,99.41432722588,100.92391967773438,61028500,0.0,0.0
2023-03-20 00:00:00-04:00,99.43420102629747,101.05303312899842,99.18591347561197,100.52666473388672,32960400,0.0,0.0
2023-03-21 00:00:00-04:00,100.55645006709534,104.38007652952844,100.52665677571322,104.20130920410156,42110300,0.0,0.0
2023-03-22 00:00:00-04:00,103.55576297366062,105.8598710222932,102.62220698360557,102.66193389892578,43427400,0.0,0.0
2023-03-23 00:00:00-04:00,104.34034599156392,105.5718575582382,103.74445745321431,104.87664794921875,40797800,0.0,0.0
2023-03-24 00:00:00-04:00,104.27083604812334,104.76741114179761,103.12871181724563,104.71775817871094,30393300,0.0,0.0
2023-03-27 00:00:00-04:00,103.90336362277968,104.0424040271739,101.23178749509955,101.7581558227539,31120900,0.0,0.0
2023-03-28 00:00:00-04:00,101.7383046499017,101.74823069594882,99.05679467597474,100.33795928955078,32057900,0.0,0.0
2023-03-29 00:00:00-04:00,101.57939865477051,101.7879592821989,99.96056659779713,100.69549560546875,28779600,0.0,0.0
2023-03-30 00:00:00-04:00,100.21878081953102,100.46706834599645,99.09651635054152,100.19891357421875,33086200,0.0,0.0
2023-03-31 00:00:00-04:00,100.60611500458978,103.1783703015433,100.34789383942677,103.01947021484375,36863400,0.0,0.0
2023-04-03 00:00:00-04:00,101.68864224254398,103.81398293626825,101.23179408733668,103.64514923095703,25035400,0.0,0.0
2023-04-04 00:00:00-04:00,103.6153575922124,104.85679528719108,103.32734313772123,104.002685546875,24420100,0.0,0.0
2023-04-05 00:00:00-04:00,105.05541876730959,105.37322650348958,102.9499453565425,103.75439453125,28290500,0.0,0.0
2023-04-06 00:00:00-04:00,104.53898710670686,108.42220026038169,103.6153571623888,107.67733764648438,48711500,0.0,0.0
2023-04-10 00:00:00-04:00,106.24720131772598,106.8530159093923,104.39994152058645,105.71089935302734,27067400,0.0,0.0
2023-04-11 00:00:00-04:00,105.82014926393511,105.99891659022042,103.9629557951451,104.62836456298828,26311800,0.0,0.0
2023-04-12 00:00:00-04:00,105.84994678392115,106.01878049406454,103.62528495080397,103.92323303222656,24370300,0.0,0.0
2023-04-13 00:00:00-04:00,105.11500961516911,106.75370889955026,105.11500961516911,106.69412231445312,24843600,0.0,0.0
2023-04-14 00:00:00-04:00,106.15781931069009,108.19378015639614,106.10815877215703,108.12425994873047,26578000,0.0,0.0
2023-04-17 00:00:00-04:00,103.94310106029505,105.43282632433963,103.80405306468714,105.24412536621094,37571200,0.0,0.0
2023-04-18 00:00:00-04:00,105.76055392984837,105.81021446659526,103.3571324631272,103.78418731689453,26596400,0.0,0.0
2023-04-19 00:00:00-04:00,102.87049630184782,104.26090805358163,102.36398759416694,103.46638488769531,20905700,0.0,0.0
2023-04-20 00:00:00-04:00,103.19823452834045,105.52220221540108,103.15850761354443,104.56877899169922,27820800,0.0,0.0
2023-04-21 00:00:00-04:00,104.74755197991318,105.27392036941873,104.0622759226367,104.6879653930664,25800100,0.0,0.0
2023-04-24 00:00:00-04:00,104.76740994777748,105.89960054228061,103.98282039945786,105.24412536621094,23542800,0.0,0.0
2023-04-25 00:00:00-04:00,105.10508198445909,105.95919171793508,103.12870773434398,103.13864135742188,46664100,0.0,0.0
2023-04-26 00:00:00-04:00,104.20130635010432,105.62151129178214,101.92699171890646,102.99959564208984,53347600,0.0,0.0
2023-04-27 00:00:00-04:00,103.73452148035895,107.62767550211079,102.83075885938467,106.85301208496094,50089200,0.0,0.0
2023-04-28 00:00:00-04:00,106.30679582140083,106.61466995148949,104.37014843058833,106.604736328125,36139800,0.0,0.0
2023-05-01 00:00:00-04:00,106.10816356457741,107.25028780821327,106.08830389454782,106.4656982421875,26681700,0.0,0.0
2023-05-02 00:00:00-04:00,106.4061047175776,106.46569130091618,102.99959945592909,104.59857177734375,30997200,0.0,0.0
2023-05-03 00:00:00-04:00,104.80713856675996,106.75371203414588,104.24104326031167,104.6879653930664,21795400,0.0,0.0
2023-05-04 00:00:00-04:00,104.76740065591308,104.87664777175794,103.2578158561728,103.97288513183594,23419500,0.0,0.0
2023-05-05 00:00:00-04:00,104.10200016796126,105.1547369199555,103.39686445887698,104.84686279296875,26639300,0.0,0.0
2023-05-08 00:00:00-04:00,104.45952890885576,107.22048500326504,104.43966924058789,107.03178405761719,26511400,0.0,0.0
2023-05-09 00:00:00-04:00,107.64753918803392,109.39548549302289,106.45576209384788,106.61466217041016,36360100,0.0,0.0
2023-05-10 00:00:00-04:00,107.2304212898766,112.16637867324104,107.1906943752199,110.98452758789062,63153400,0.0,0.0
2023-05-11 00:00:00-04:00,114.60953101340723,117.11226610524719,113.62631446773452,115.77151489257812,78900000,0.0,0.0
2023-05-12 00:00:00-04:00,115.88076924423699,117.221520540522,115.31467391571066,116.70508575439453,41102300,0.0,0.0
2023-05-15 00:00:00-04:00,115.31466773479636,117.66843638362967,115.21535423245682,115.71192932128906,36266800,0.0,0.0
2023-05-16 00:00:00-04:00,115.69205805683869,119.92287978836107,115.63247147293116,118.69137573242188,45035600,0.0,0.0
2023-05-17 00:00:00-04:00,118.79069754797297,120.83658456146485,118.07562818248286,120.01226806640625,33323600,0.0,0.0
2023-05-18 00:00:00-04:00,120.12150510967228,122.46534002102402,120.00233194352047,121.98863220214844,35234200,0.0,0.0
2023-05-19 00:00:00-04:00,122.7037103565703,125.10713202432453,121.31329855983212,121.91912078857422,41353400,0.0,0.0
2023-05-22 00:00:00-04:00,122.0978731372896,125.56396479141199,121.89923857520877,124.19342041015625,35253000,0.0,0.0
2023-05-23 00:00:00-04:00,123.30952819924319,123.77630241228727,121.37288083002176,121.7204818725586,34046300,0.0,0.0
2023-05-24 00:00:00-04:00,120.29034788119394,121.07493740233252,119.03897658115086,120.07185363769531,34182600,0.0,0.0
2023-05-25 00:00:00-04:00,123.66705529543533,124.46157845882605,121.12459329600016,122.63418579101562,42317000,0.0,0.0
2023-05-26 00:00:00-04:00,122.32630058666038,124.4019883136242,121.61123127549837,123.75643920898438,35635900,0.0,0.0
2023-05-30 00:00:00-04:00,124.7793829644057,124.79925021039784,121.16431706152757,122.8228759765625,35076700,0.0,0.0
2023-05-31 00:00:00-04:00,121.90917009488527,123.21019425125586,121.66088257941708,122.02835083007812,37325800,0.0,0.0
2023-06-01 00:00:00-04:00,121.97869907015976,123.56773776803037,121.78007207435125,122.8725357055664,30772700,0.0,0.0
2023-06-02 00:00:00-04:00,123.14067480159811,125.28588258536075,122.91225452916805,123.8160171508789,26980100,0.0,0.0
2023-06-05 00:00:00-04:00,123.16055031668364,126.55712195859554,122.99170903517506,125.1468505859375,32305500,0.0,0.0
2023-06-06 00:00:00-04:00,125.14685941446244,127.41123309167713,124.50131026598763,126.43795013427734,26638300,0.0,0.0
2023-06-07 00:00:00-04:00,126.10027879089003,128.15609177061813,121.28350196296054,121.66089630126953,52539000,0.0,0.0
2023-06-08 00:00:00-04:00,121.39275507491422,122.38590529778074,120.40953089873925,121.3033676147461,29389200,0.0,0.0
2023-06-09 00:00:00-04:00,121.41259801006571,122.91225676148075,121.0749306178595,121.39273834228516,23778300,0.0,0.0
2023-06-12 00:00:00-04:00,121.94890708399343,123.20027838695897,120.8266501491064,122.79308319091797,28306400,0.0,0.0
2023-06-13 00:00:00-04:00,124.1239051576865,124.30267248212147,122.33623191333673,122.98178100585938,22278300,0.0,0.0
2023-06-14 00:00:00-04:00,122.25678069993417,123.20027787907088,120.61808145375716,122.8228759765625,30592300,0.0,0.0
2023-06-15 00:00:00-04:00,122.2964994259107,124.60060729299288,121.56157049323058,124.23313903808594,35246300,0.0,0.0
2023-06-16 00:00:00-04:00,125.06738423166338,125.24615154107877,122.43553512304419,122.68382263183594,45535600,0.0,0.0
2023-06-20 00:00:00-04:00,122.08794882394656,123.7167144715317,121.30335929245436,122.25678253173828,26097500,0.0,0.0
2023-06-21 00:00:00-04:00,121.56158475873276,121.81980592970349,119.27733629111745,119.72425842285156,30306300,0.0,0.0
2023-06-22 00:00:00-04:00,119.1780103443809,122.3958145020817,118.01602656203531,122.30643463134766,26952200,0.0,0.0
2023-06-23 00:00:00-04:00,120.54856799361531,121.9489134061973,120.23076023416286,121.50199127197266,34913600,0.0,0.0
2023-06-26 00:00:00-04:00,119.9328098317089,121.16431385089092,117.45986059347797,117.52938079833984,33969900,0.0,0.0
2023-06-27 00:00:00-04:00,116.27802486079214,118.26432522024346,115.3047343507218,117.51946258544922,39535900,0.0,0.0
2023-06-28 00:00:00-04:00,116.28795064666333,119.56534926327315,116.04959672566056,119.3567886352539,27091400,0.0,0.0
2023-06-29 00:00:00-04:00,118.42322773873825,119.23761059973769,117.4896717030926,118.28418731689453,24090900,0.0,0.0
2023-06-30 00:00:00-04:00,119.3468553444313,120.25062564550082,118.87014750109746,118.88007354736328,29532200,0.0,0.0
2023-07-03 00:00:00-04:00,118.42321450872616,119.3667116396996,118.00609328979502,119.07869720458984,14467900,0.0,0.0
2023-07-05 00:00:00-04:00,118.42322188319095,121.77014061981656,118.4132958372177,120.91603088378906,27584800,0.0,0.0
2023-07-06 00:00:00-04:00,118.97938023952536,119.47595526961163,117.58896863985706,119.2872543334961,24745200,0.0,0.0
2023-07-07 00:00:00-04:00,119.27733118880711,120.2208283751295,118.58212911647212,118.66158294677734,21709500,0.0,0.0
2023-07-10 00:00:00-04:00,117.48966227568181,117.49958832134938,115.3444543785659,115.65232849121094,35315200,0.0,0.0
2023-07-11 00:00:00-04:00,115.49342464859208,116.90369595511098,114.55986114114224,116.33760070800781,23078800,0.0,0.0
2023-07-12 00:00:00-04:00,117.98624202290381,119.5057605551569,117.59891406672692,118.11534881591797,30404400,0.0,0.0
2023-07-13 00:00:00-04:00,120.10165493888594,123.97494226494403,119.62493950517667,123.68692779541016,44297900,0.0,0.0
2023-07-14 00:00:00-04:00,123.9451495447948,125.91158272225319,122.64411761403174,124.56089782714844,33283100,0.0,0.0
2023-07-17 00:00:00-04:00,125.07733004581449,126.22938025879756,123.34924336063862,123.7961654663086,25716200,0.0,0.0
2023-07-18 00:00:00-04:00,123.7465044333863,123.82595826213851,122.11773882963688,122.91226196289062,26193600,0.0,0.0
2023-07-19 00:00:00-04:00,123.74650254253834,124.32253142648887,120.96568677290944,121.19410705566406,37224000,0.0,0.0
2023-07-20 00:00:00-04:00,120.58829377086548,123.24000294908879,117.41021620638075,118.38349914550781,37906800,0.0,0.0
2023-07-21 00:00:00-04:00,119.79376445227325,120.16122512966996,117.91671142173931,119.19786834716797,72937900,0.0,0.0
2023-07-24 00:00:00-04:00,120.8266470185418,122.15746453991983,120.15130463507315,120.6975326538086,29686100,0.0,0.0
2023-07-25 00:00:00-04:00,120.52870291550938,122.3064425948192,120.19102792410442,121.37287902832031,52509600,0.0,0.0
2023-07-26 00:00:00-04:00,129.1790446188331,130.08279971943918,127.44103189219841,128.384521484375,61682100,0.0,0.0
2023-07-27 00:00:00-04:00,130.76808123057597,132.32733427349476,127.90780388799678,128.5136260986328,44952100,0.0,0.0
2023-07-28 00:00:00-04:00,129.8841862905285,132.82391764879182,129.67563322793964,131.67185974121094,36591200,0.0,0.0
2023-07-31 00:00:00-04:00,131.82080861382926,132.61533172518926,130.87731904908145,131.81088256835938,28055500,0.0,0.0
2023-08-01 00:00:00-04:00,129.884165463508,131.72149916208852,129.78484439440243,130.64889526367188,23166800,0.0,0.0
2023-08-02 00:00:00-04:00,128.5632807351884,129.19889620943687,126.68622760387115,127.50061798095703,26273300,0.0,0.0
2023-08-03 00:00:00-04:00,127.09341398106743,128.5036852432117,126.54717841897386,127.57012176513672,20089500,0.0,0.0
2023-08-04 00:00:00-04:00,128.39445152048964,130.60917213492286,127.03384065014664,127.23246765136719,26147200,0.0,0.0
2023-08-07 00:00:00-04:00,128.2752674889027,130.70848214492673,128.13622708439468,130.6290283203125,22746300,0.0,0.0
2023-08-08 00:00:00-04:00,129.72525263284138,130.60915555721093,128.65264877726932,130.49990844726562,23535200,0.0,0.0
2023-08-09 00:00:00-04:00,130.75815086279874,131.1355376104998,128.11636785754888,128.7718505859375,24912900,0.0,0.0
2023-08-10 00:00:00-04:00,130.42047521494374,131.14547052700968,128.56327426848324,128.8016357421875,20857800,0.0,0.0
2023-08-11 00:00:00-04:00,127.77868690101995,129.0399765320376,127.2920379292445,128.67251586914062,19591100,0.0,0.0
2023-08-14 00:00:00-04:00,128.5036910412777,130.4701239992725,128.07664377163357,130.43040466308594,24695600,0.0,0.0
2023-08-15 00:00:00-04:00,130.20200257868774,130.51980277539664,128.39446186710262,128.8910369873047,19770700,0.0,0.0
2023-08-16 00:00:00-04:00,127.81842041015625,129.3875994550616,126.99411154985026,127.81842041015625,25216100,0.0,0.0
2023-08-17 00:00:00-04:00,128.91088665122683,131.08588780571418,128.40437039897924,129.03005981445312,33446300,0.0,0.0
2023-08-18 00:00:00-04:00,127.62972484003718,128.3646614325963,125.51431767340387,126.58692169189453,30504800,0.0,0.0
2023-08-21 00:00:00-04:00,126.30882582321787,127.84820388077635,125.69307005391427,127.49066925048828,25248700,0.0,0.0
2023-08-22 00:00:00-04:00,127.62971321202188,129.38759312280365,127.4410274236173,128.19581604003906,22054900,0.0,0.0
2023-08-23 00:00:00-04:00,129.28827098070656,132.49615667103,128.98039687858824,131.46327209472656,27819700,0.0,0.0
2023-08-24 00:00:00-04:00,133.03247167127745,133.3304197742527,128.68248392321104,128.8910369873047,28500700,0.0,0.0
2023-08-25 00:00:00-04:00,128.6526586317479,129.86430297876237,126.37835154683795,128.99034118652344,26762900,0.0,0.0
2023-08-28 00:00:00-04:00,130.410527384116,131.63209767191532,129.2485436731459,130.11257934570312,20543300,0.0,0.0
2023-08-29 00:00:00-04:00,131.33418219305656,135.6345241905877,131.33418219305656,133.64822387695312,43075600,0.0,0.0
2023-08-30 00:00:00-04:00,133.85676288912396,135.3464879681579,133.15163483810414,134.94923400878906,28315800,0.0,0.0
2023-08-31 00:00:00-04:00,135.07835124446333,137.05472556870842,134.8598569913601,135.2372589111328,30053800,0.0,0.0
2023-09-01 00:00:00-04:00,136.51843204322375,136.51843204322375,133.9263094362553,134.7307586669922,21543700,0.0,0.0
2023-09-05 00:00:00-04:00,134.5122549790437,135.48553785563058,133.65814526775816,134.83999633789062,19403100,0.0,0.0
2023-09-06 00:00:00-04:00,135.0882981356743,135.59479929596694,132.75438904024102,133.5389862060547,18684500,0.0,0.0
2023-09-07 00:00:00-04:00,132.67492193999442,134.65129614991582,132.03930646435293,134.33348083496094,18844300,0.0,0.0
2023-09-08 00:00:00-04:00,133.98589926905944,135.72391214694886,133.9263126807864,135.44583129882812,23558300,0.0,0.0
2023-09-11 00:00:00-04:00,135.6046995764689,136.53826303725594,134.85983704766224,135.9821014404297,20763400,0.0,0.0
2023-09-12 00:00:00-04:00,135.32662963976946,135.9324518179946,134.26396689359834,134.41293334960938,18405500,0.0,0.0
2023-09-13 00:00:00-04:00,134.1646460710429,135.96224536352338,133.231082533579,135.7735595703125,20749500,0.0,0.0
2023-09-14 00:00:00-04:00,136.65744721261478,137.74990312925547,135.30676259506888,137.15402221679688,24751000,0.0,0.0
2023-09-15 00:00:00-04:00,137.03483007677767,137.57113955267806,135.54510510591263,136.45880126953125,38919600,0.0,0.0
2023-09-18 00:00:00-04:00,135.6742440861328,138.2067800272706,135.6742440861328,137.26329040527344,21861300,0.0,0.0
2023-09-19 00:00:00-04:00,136.4786884171114,137.46191249681675,135.6841652859194,137.0944366455078,20353700,0.0,0.0
2023-09-20 00:00:00-04:00,137.1341818172231,137.1341818172231,132.70472524498294,132.82391357421875,29927500,0.0,0.0
2023-09-21 00:00:00-04:00,130.53965894518316,131.32424090064023,129.17904808066385,129.5465087890625,31503900,0.0,0.0
2023-09-22 00:00:00-04:00,129.86428913269586,131.12559388160363,128.71224664472,129.3577880859375,26397300,0.0,0.0
2023-09-25 00:00:00-04:00,128.94068310930032,130.27150064557682,128.0766473461499,130.2119140625,20094600,0.0,0.0
2023-09-26 00:00:00-04:00,128.88109288658347,129.46704780931566,126.34855709746034,127.68931579589844,25718700,0.0,0.0
2023-09-27 00:00:00-04:00,127.6893361771831,130.00336294677095,127.6893361771831,129.6458282470703,22746500,0.0,0.0
2023-09-28 00:00:00-04:00,128.9506045787111,132.38691057211608,128.9009440431534,131.4036865234375,22513100,0.0,0.0
2023-09-29 00:00:00-04:00,132.36706001789275,133.1317899299604,129.46706319600682,129.96363830566406,30859800,0.0,0.0
2023-10-02 00:00:00-04:00,130.31124518071243,133.49924885517964,130.27151068608651,133.25096130371094,22288000,0.0,0.0
2023-10-03 00:00:00-04:00,133.0225394165618,133.34033959843973,130.9369179473362,131.5228729248047,22989400,0.0,0.0
2023-10-04 00:00:00-04:00,131.880399206417,134.64137051208016,131.6221856279351,134.31362915039062,26752300,0.0,0.0
2023-10-05 00:00:00-04:00,134.14479064941406,134.56191187093788,132.53587719008763,134.14479064941406,19832600,0.0,0.0
2023-10-06 00:00:00-04:00,133.0920354756824,137.2136173603073,133.0920354756824,136.63758850097656,27597600,0.0,0.0
2023-10-09 00:00:00-04:00,136.00198949560956,137.98828987637378,134.68109792388904,137.4718475341797,19278100,0.0,0.0
2023-10-10 00:00:00-04:00,137.55129206777264,138.76293643045838,136.3893082421022,137.1143035888672,27786600,0.0,0.0
2023-10-11 00:00:00-04:00,137.63077293396748,140.1434420270241,137.63077293396748,139.5872802734375,25884300,0.0,0.0
2023-10-12 00:00:00-04:00,140.08383585702484,140.25266956903684,137.3129383696769,138.01808166503906,24765500,0.0,0.0
2023-10-13 00:00:00-04:00,138.42528082227236,139.04102910178543,135.68417654981894,136.4191131591797,23420500,0.0,0.0
2023-10-16 00:00:00-04:00,137.22353364056477,138.67353930800954,137.0447739146659,138.1471710205078,28501900,0.0,0.0
2023-10-17 00:00:00-04:00,137.6804245719955,138.94171448359813,136.24034458016837,138.76295471191406,23515800,0.0,0.0
2023-10-18 00:00:00-04:00,138.49476796952968,139.75607274460307,136.4389552977886,137.01498413085938,23375000,0.0,0.0
2023-10-19 00:00:00-04:00,137.55130492277888,138.70336281042037,136.43898153017037,136.8064422607422,26066000,0.0,0.0
2023-10-20 00:00:00-04:00,136.38930324394852,136.92559762296315,134.15471554856344,134.67115783691406,26335700,0.0,0.0
2023-10-23 00:00:00-04:00,134.11499648001524,136.7170603116326,133.0324663979107,135.56500244140625,26317900,0.0,0.0
2023-10-24 00:00:00-04:00,136.88589368436072,138.40541227579737,136.47869846593147,137.8591766357422,44814300,0.0,0.0
2023-10-25 00:00:00-04:00,127.28212386646624,127.43109032375405,124.21328603505674,124.74958801269531,84366200,0.0,0.0
2023-10-26 00:00:00-04:00,122.42562997194932,123.47837440649944,120.4393294396886,121.44241333007812,57061100,0.0,0.0
2023-10-27 00:00:00-04:00,122.03828847268005,122.4653433429545,119.38657937399506,121.3331527709961,44566500,0.0,0.0
2023-10-30 00:00:00-04:00,122.36602995491228,124.54103122378429,121.90918179187298,123.60746765136719,28940100,0.0,0.0
2023-10-31 00:00:00-04:00,124.20335492205861,124.51123661998803,121.84959392373723,123.23007202148438,26292300,0.0,0.0
2023-11-01 00:00:00-04:00,123.22013718892472,125.62355870184368,122.87253615641731,125.58383178710938,30082400,0.0,0.0
2023-11-02 00:00:00-04:00,127.5403521341741,128.09651384446602,126.06056039664168,126.6167221069336,27124600,0.0,0.0
2023-11-03 00:00:00-04:00,127.1430941962939,128.64274555866953,126.9841865255831,128.2156982421875,26393100,0.0,0.0
2023-11-06 00:00:00-05:00,128.16601111139252,129.44716794931844,127.78860926031781,129.3577880859375,19052700,0.0,0.0
2023-11-07 00:00:00-05:00,129.81464716535797,131.00642417120397,128.99033082146218,130.07286071777344,29757300,0.0,0.0
2023-11-08 00:00:00-05:00,130.07285401571562,131.30436544572024,129.88415309494508,130.9368896484375,26425800,0.0,0.0
2023-11-09 00:00:00-05:00,131.05610465685587,131.64205962708724,129.17905141944397,129.34788513183594,23747800,0.0,0.0
2023-11-10 00:00:00-05:00,129.2088437191894,131.89034615855235,128.52356767433983,131.68177795410156,26913300,0.0,0.0
2023-11-13 00:00:00-05:00,130.8773218098438,131.68177098364296,130.35095345774636,131.18519592285156,18324800,0.0,0.0
2023-11-14 00:00:00-05:00,133.27083007070482,134.7704814431392,132.4067942311074,132.70472717285156,32395200,0.0,0.0
2023-11-15 00:00:00-05:00,133.94616352823743,134.1050711983341,132.6550803829433,133.6978759765625,23861500,0.0,0.0
2023-11-16 00:00:00-05:00,134.26397851452822,136.28007221647312,133.3999426863431,135.99205017089844,28013200,0.0,0.0
2023-11-17 00:00:00-05:00,135.06842424103002,135.12801082704152,132.73451526045164,134.38314819335938,37240600,0.0,0.0
2023-11-20 00:00:00-05:00,132.7742344288309,135.72389133009685,132.70470665032983,135.3166961669922,27815500,0.0,0.0
2023-11-21 00:00:00-05:00,135.35640367556994,136.24030654878638,135.028677518967,136.03175354003906,22635300,0.0,0.0
2023-11-22 00:00:00-05:00,136.52834920416745,138.46498892143381,136.52834920416745,137.54136657714844,17813900,0.0,0.0
2023-11-24 00:00:00-05:00,137.0845255620382,137.18384664712832,135.05850575292112,135.7537078857422,12514300,0.0,0.0
2023-11-27 00:00:00-05:00,135.098214546326,137.47184281366268,135.06842125397912,135.47561645507812,23436500,0.0,0.0
2023-11-28 00:00:00-05:00,135.14786959064773,136.30985340774254,134.49238687712713,136.26019287109375,18730000,0.0,0.0
2023-11-29 00:00:00-05:00,136.62768277470195,137.34273698978822,133.91637176828155,134.0653533935547,23967200,0.0,0.0
2023-11-30 00:00:00-05:00,134.12491953523792,134.62149456857514,130.38073954068037,131.62217712402344,38988300,0.0,0.0
2023-12-01 00:00:00-05:00,130.956787109375,131.2050746615197,129.77493593648308,130.956787109375,31442300,0.0,0.0
2023-12-04 00:00:00-05:00,128.9903436695441,129.1393101272626,127.02390307918412,128.384521484375,36669900,0.0,0.0
2023-12-05 00:00:00-05:00,128.06672315933784,131.23487491745817,127.37152100730603,130.09275817871094,27384800,0.0,0.0
2023-12-06 00:00:00-05:00,130.53966601076132,130.93692003300382,128.99035410803816,129.12939453125,23576200,0.0,0.0
2023-12-07 00:00:00-05:00,134.11499689135425,137.61088985291832,133.77732945899103,135.99205017089844,56767100,0.0,0.0
2023-12-08 00:00:00-05:00,133.280756234884,135.46568368379624,133.11192251632352,134.0653533935547,32260100,0.0,0.0
2023-12-11 00:00:00-05:00,131.47322847678203,132.4266441834892,130.46021102841993,132.37698364257812,31138000,0.0,0.0
2023-12-12 00:00:00-05:00,130.90711565395327,132.08896672831054,130.3608800539224,131.6122589111328,29032800,0.0,0.0
2023-12-13 00:00:00-05:00,132.4663754884051,132.5855486603067,130.66877609230048,131.66192626953125,30104800,0.0,0.0
2023-12-14 00:00:00-05:00,132.46637833464752,132.8040457651367,128.8016516772407,131.03623962402344,38722400,0.0,0.0
2023-12-15 00:00:00-05:00,130.7183982551423,132.59545115047231,130.2814098301103,131.6916961669922,50847100,0.0,0.0
2023-12-18 00:00:00-05:00,131.72151251769395,136.21054039619156,131.52287035934194,134.8697967529297,32258000,0.0,0.0
2023-12-19 00:00:00-05:00,135.90265968897415,136.52834911810746,135.14787104828332,135.71395874023438,25476800,0.0,0.0
2023-12-20 00:00:00-05:00,138.01805383828915,140.72934903863526,137.12422491860858,137.39236450195312,49107200,0.0,0.0
2023-12-21 00:00:00-05:00,138.53450759923203,139.72628464273828,138.22661835043792,139.4581298828125,27488300,0.0,0.0
2023-12-22 00:00:00-05:00,139.80575888567296,141.01740335058128,139.74617229793478,140.5208282470703,26532200,0.0,0.0
2023-12-26 00:00:00-05:00,140.62012603356706,141.7026560595198,140.22287203546634,140.5506134033203,16780300,0.0,0.0
2023-12-27 00:00:00-05:00,140.62012214444914,141.10677115979163,138.9317699678128,139.40847778320312,19628600,0.0,0.0
2023-12-28 00:00:00-05:00,139.81565998573097,140.17319460263687,138.79271666735764,139.26942443847656,16045700,0.0,0.0
2023-12-29 00:00:00-05:00,138.6735677093716,139.3985631144452,137.8293839750218,138.733154296875,18733000,0.0,0.0
2024-01-02 00:00:00-05:00,137.60095843072804,138.49478751777463,135.54513031454442,137.2235565185547,23711200,0.0,0.0
2024-01-03 00:00:00-05:00,136.30984033190612,138.67354223037847,136.14100664691048,137.96839904785156,24212100,0.0,0.0
2024-01-04 00:00:00-05:00,137.47184312113336,138.20677969396053,135.41603017325698,135.45574951171875,27137700,0.0,0.0
2024-01-05 00:00:00-05:00,135.81327982358127,136.22047501254474,134.22423355918488,134.80026245117188,22513900,0.0,0.0
2024-01-08 00:00:00-05:00,135.35641092575742,138.05778021979725,135.3266176371977,137.88894653320312,21404000,0.0,0.0
2024-01-09 00:00:00-05:00,137.55129746260243,140.52082190307192,137.2036888441302,139.98451232910156,24759600,0.0,0.0
2024-01-10 00:00:00-05:00,140.03417366063587,142.02047399624772,139.94479378255787,141.30540466308594,21320200,0.0,0.0
2024-01-11 00:00:00-05:00,142.50714182290835,144.22528759654676,139.67665740976778,141.10679626464844,24008700,0.0,0.0
2024-01-12 00:00:00-05:00,141.69271880711432,142.2190871323883,140.8485503393483,141.6728515625,18785500,0.0,0.0
2024-01-16 00:00:00-05:00,141.0273279986293,143.36123702369463,140.48109235933,141.51397705078125,22670500,0.0,0.0
2024-01-17 00:00:00-05:00,140.3817881279767,140.86842203173782,137.94855799209301,140.50096130371094,20968600,0.0,0.0
2024-01-18 00:00:00-05:00,141.076979705048,143.22218763363355,141.017393121632,142.49717712402344,25746400,0.0,0.0
2024-01-19 00:00:00-05:00,143.74853865835965,145.44681669799516,143.3910040467101,145.37730407714844,34271900,0.0,0.0
2024-01-22 00:00:00-05:00,146.09238746431797,147.37354444028344,144.84100862508816,144.989990234375,32200400,0.0,0.0
2024-01-23 00:00:00-05:00,144.89067452886135,146.17183155228614,144.5033465771963,146.0327911376953,21636100,0.0,0.0
2024-01-24 00:00:00-05:00,147.5225193379935,148.8235587881105,147.08554599350785,147.68142700195312,25233500,0.0,0.0
2024-01-25 00:00:00-05:00,149.04203864825777,152.0016216209964,148.5156551679274,150.82969665527344,29149100,0.0,0.0
2024-01-26 00:00:00-05:00,150.06499195893298,151.49511542850038,149.9755969292419,151.14752197265625,26115500,0.0,0.0
2024-01-29 00:00:00-05:00,151.01840096976417,152.72662034492586,150.3927115607608,152.45846557617188,27784300,0.0,0.0
2024-01-30 00:00:00-05:00,151.75333332236926,152.56770849737956,150.15436110776048,150.42251586914062,36331800,0.0,0.0
2024-01-31 00:00:00-05:00,142.63621252421888,143.01361441161524,138.91189964891637,139.1403350830078,71910000,0.0,0.0
2024-02-01 00:00:00-05:00,141.14651577713002,142.08007948375052,139.82562405970643,140.19309997558594,40466500,0.0,0.0
2024-02-02 00:00:00-05:00,138.3060853281464,141.64307045990364,135.56499635195138,141.40472412109375,62499600,0.0,0.0
2024-02-05 00:00:00-05:00,141.84172140070675,144.47356341654853,141.801986905598,142.69581604003906,38505400,0.0,0.0
2024-02-06 00:00:00-05:00,143.65915070969015,144.3642939230755,142.2091601025006,143.11293029785156,29128200,0.0,0.0
2024-02-07 00:00:00-05:00,143.7684044294837,144.62251413002522,142.94408801989272,144.54306030273438,25208900,0.0,0.0
2024-02-08 00:00:00-05:00,144.83108389157408,145.32765895182595,144.10608854680143,144.91053771972656,22563800,0.0,0.0
2024-02-09 00:00:00-05:00,145.6752695511064,148.41637390512574,145.17869443239508,147.97938537597656,26829500,0.0,0.0
2024-02-12 00:00:00-05:00,147.403342720252,148.3170390352505,146.3605320370219,146.51943969726562,21564100,0.0,0.0
2024-02-13 00:00:00-05:00,143.92730350603156,145.66531609448003,142.70573318705974,144.1457977294922,27837700,0.0,0.0
2024-02-14 00:00:00-05:00,145.07936327887248,145.5163517320503,143.10298919446083,144.94032287597656,22704200,0.0,0.0
2024-02-15 00:00:00-05:00,142.15949863580622,142.53690050705205,139.49786375554055,141.7920379638672,37590700,0.0,0.0
2024-02-16 00:00:00-05:00,142.0105467049223,142.20917370588808,139.18006268978624,139.55746459960938,31468900,0.0,0.0
2024-02-20 00:00:00-05:00,138.70336003010283,141.1067816862522,138.53452631527114,140.15335083007812,25144700,0.0,0.0
2024-02-21 00:00:00-05:00,140.4810913513108,141.71260304250615,139.71636146177912,141.5735626220703,23223300,0.0,0.0
2024-02-22 00:00:00-05:00,143.9372392880377,144.00676707032724,141.8218398421828,143.10299682617188,27191900,0.0,0.0
2024-02-23 00:00:00-05:00,142.68587020226934,143.6889463277241,142.44750872748762,142.97389221191406,19493800,0.0,0.0
2024-02-26 00:00:00-05:00,141.16635848967314,141.46430655871978,136.44889538495062,136.62767028808594,53641800,0.0,0.0
2024-02-27 00:00:00-05:00,137.07458595594144,138.29615637950963,136.1509484496325,137.92869567871094,33099200,0.0,0.0
2024-02-28 00:00:00-05:00,136.95540871597794,137.06465584590177,134.48247437702784,135.44583129882812,37328600,0.0,0.0
2024-02-29 00:00:00-05:00,136.3396411924551,137.9088201307194,135.4656642763921,137.51156616210938,42133000,0.0,0.0
2024-03-01 00:00:00-05:00,137.4817642909518,137.91875276987585,135.98211306034264,136.2006072998047,31151100,0.0,0.0
2024-03-04 00:00:00-05:00,134.73074347371,134.73074347371,131.00643067415544,132.4365692138672,55999400,0.0,0.0
2024-03-05 00:00:00-05:00,130.97664850689333,132.32733333640527,129.77493014030705,131.76123046875,40194800,0.0,0.0
2024-03-06 00:00:00-05:00,132.20812771862853,132.6649834022908,129.95368805180595,130.49990844726562,35318600,0.0,0.0
2024-03-07 00:00:00-05:00,131.88039821915834,134.01568007704142,130.70848834758843,133.4595184326172,37738200,0.0,0.0
2024-03-08 00:00:00-05:00,133.29069048269943,137.1441028229162,133.08212227990484,134.4824676513672,39370400,0.0,0.0
2024-03-11 00:00:00-04:00,135.1975450664785,138.147202448987,135.1975450664785,136.72698974609375,32437800,0.0,0.0
2024-03-12 00:00:00-04:00,136.09136807062538,138.42527705734926,136.09136807062538,137.55130004882812,27563400,0.0,0.0
2024-03-13 00:00:00-04:00,138.04787651328522,140.1235567749136,138.0379504669147,138.83245849609375,23347200,0.0,0.0
2024-03-14 00:00:00-04:00,140.22286121787153,142.60641533113196,139.49786590784714,142.11978149414062,42753400,0.0,0.0
2024-03-15 00:00:00-04:00,141.52388652336936,142.19922130430962,139.07080461128953,140.21292114257812,49475400,0.0,0.0
2024-03-18 00:00:00-04:00,147.59204880216603,151.10779377020597,146.16191011880434,146.6684112548828,69273700,0.0,0.0
2024-03-19 00:00:00-04:00,147.14513750194737,147.77081182403458,145.07938326416507,146.0228729248047,24070400,0.0,0.0
2024-03-20 00:00:00-04:00,146.98620912870308,147.84031878791893,145.73484550652196,147.7211456298828,21311500,0.0,0.0
2024-03-21 00:00:00-04:00,148.44616000360566,149.33998911224745,145.89375674311398,146.58897399902344,24755600,0.0,0.0
2024-03-22 00:00:00-04:00,148.0985519993625,150.54170814315216,147.9595115784489,149.7372589111328,29211800,0.0,0.0
2024-03-25 00:00:00-04:00,148.91293885124503,149.3499273505425,146.8074653411052,149.04205322265625,19229300,0.0,0.0
2024-03-26 00:00:00-04:00,149.1910248920745,151.21704464082924,148.9526633875218,149.637939453125,22149100,0.0,0.0
2024-03-27 00:00:00-04:00,150.1444219519495,150.60127765702768,147.88004097990625,149.8365478515625,22879200,0.0,0.0
2024-03-28 00:00:00-04:00,149.8167100033746,150.39272376928287,149.14136000396124,149.89614868164062,24485400,0.0,0.0
2024-04-01 00:00:00-04:00,149.65778808095055,154.67319901919112,149.5783342559848,154.42491149902344,31730800,0.0,0.0
2024-04-02 00:00:00-04:00,152.448545024683,153.64032215037406,151.1077862868628,153.50128173828125,24586000,0.0,0.0
2024-04-03 00:00:00-04:00,152.54786018366337,154.01771807653932,151.68380929877364,153.8588104248047,24705000,0.0,0.0
2024-04-04 00:00:00-04:00,152.44855873219765,153.7098637544804,149.41944753109482,149.4989013671875,34724700,0.0,0.0
2024-04-05 00:00:00-04:00,149.00231646564103,152.36909488318793,148.57526917325976,151.4553985595703,23459200,0.0,0.0
2024-04-08 00:00:00-04:00,151.73347855806227,154.20642788470977,151.56464485123763,153.789306640625,20702000,0.0,0.0
2024-04-09 00:00:00-04:00,155.02078176867565,157.47386351117316,154.12695281939418,155.5272979736328,31079500,0.0,0.0
2024-04-10 00:00:00-04:00,155.1400081386409,155.53726217928414,153.62047430521832,155.0704803466797,22838600,0.0,0.0
2024-04-11 00:00:00-04:00,155.83522411556208,158.58623965739295,155.38830949161212,158.31809997558594,27166400,0.0,0.0
2024-04-12 00:00:00-04:00,156.87800209265978,159.12251594365648,156.06361170739086,156.64956665039062,25353700,0.0,0.0
2024-04-15 00:00:00-04:00,157.77185655319172,158.1492585148577,153.53110054810628,153.79925537109375,27136500,0.0,0.0
2024-04-16 00:00:00-04:00,153.1338236644043,154.5838143933326,152.3790198535887,153.34237670898438,20779500,0.0,0.0
2024-04-17 00:00:00-04:00,154.55402627985885,156.0040322116408,153.5211567597512,154.40505981445312,21763100,0.0,0.0
2024-04-18 00:00:00-04:00,154.27595164428578,155.86499805909074,153.56088227305054,154.9413604736328,19883000,0.0,0.0
2024-04-19 00:00:00-04:00,155.13006297338708,155.288970647292,151.2567831361415,153.03451538085938,32615600,0.0,0.0
2024-04-22 00:00:00-04:00,153.25298111285292,156.56017258323456,153.00469360145132,155.20948791503906,26446200,0.0,0.0
2024-04-23 00:00:00-04:00,155.88485079460835,157.88107709681086,155.20950082719352,157.17593383789062,21151600,0.0,0.0
2024-04-24 00:00:00-04:00,156.41124269561158,158.47699709180742,156.09342733268733,158.04000854492188,22779100,0.0,0.0
2024-04-25 00:00:00-04:00,150.29340271013402,155.41806073558595,149.83654700762904,154.93141174316406,57109700,0.0,0.0
2024-04-26 00:00:00-04:00,173.1756235931228,173.5133062330995,168.48795267699856,170.77220153808594,64665300,0.0,0.0
2024-04-29 00:00:00-04:00,167.90195708676399,168.3886061017505,164.07833821221814,165.0118865966797,45610000,0.0,0.0
2024-04-30 00:00:00-04:00,164.47561025657222,166.94855978571303,161.48623351871703,161.6649932861328,33562900,0.0,0.0
2024-05-01 00:00:00-04:00,163.174567823391,165.9752432828852,161.97284950974932,162.73757934570312,33493200,0.0,0.0
2024-05-02 00:00:00-04:00,163.6611865828327,165.5879000634434,162.76735761859345,165.47865295410156,24294500,0.0,0.0
2024-05-03 00:00:00-04:00,166.41223681348706,166.8095059662969,161.93313508971997,166.0944366455078,34662400,0.0,0.0
2024-05-06 00:00:00-04:00,166.31294707001013,166.9882819640809,164.89273433624226,166.9485626220703,21871300,0.0,0.0
2024-05-07 00:00:00-04:00,167.34578737133612,170.5834511551503,167.23654025708916,170.0769500732422,28039700,0.0,0.0
2024-05-08 00:00:00-04:00,167.84237044353367,168.98448702093918,167.58415686761862,168.2197723388672,19569100,0.0,0.0
2024-05-09 00:00:00-04:00,168.22971923040683,169.52081757850243,167.0280007672493,168.7958221435547,15346700,0.0,0.0
2024-05-10 00:00:00-04:00,166.87901799355728,168.68655853520565,165.05162536004164,167.49476623535156,29799900,0.0,0.0
2024-05-13 00:00:00-04:00,163.13483724153954,168.12045520894833,162.87662365956714,167.98141479492188,31327600,0.0,0.0
2024-05-14 00:00:00-04:00,168.60711477724234,170.0769728394624,167.64375786472982,169.17320251464844,25127100,0.0,0.0
2024-05-15 00:00:00-04:00,169.4612265184219,171.4673790473729,169.34203818737842,171.32833862304688,26948400,0.0,0.0
2024-05-16 00:00:00-04:00,172.1029744570571,173.9204409616944,171.50709348859317,172.98687744140625,27867900,0.0,0.0
2024-05-17 00:00:00-04:00,172.9868768718215,175.06257209479978,172.50024302231847,174.85400390625,24479300,0.0,0.0
2024-05-20 00:00:00-04:00,174.9831344869509,177.545463796925,174.8738873598263,175.7081298828125,22554400,0.0,0.0
2024-05-21 00:00:00-04:00,175.68825488082155,176.92969256413505,174.60572485799662,176.6317596435547,16989400,0.0,0.0
2024-05-22 00:00:00-04:00,175.4300275271668,175.93652860666225,174.00983020298898,175.17181396484375,17880000,0.0,0.0
2024-05-23 00:00:00-04:00,175.85711428242732,177.02902425167093,171.76532512806048,172.36122131347656,21024900,0.0,0.0
2024-05-24 00:00:00-04:00,173.78142537597992,174.5660225547883,172.46053373352476,173.79136657714844,16579400,0.0,0.0
2024-05-28 00:00:00-04:00,173.2550411409201,176.0557318461207,173.1755873101766,175.19168090820312,20572200,0.0,0.0
2024-05-29 00:00:00-04:00,174.22830189331825,175.62864706785572,173.52317386081788,174.69508361816406,23388700,0.0,0.0
2024-05-30 00:00:00-04:00,173.99992196516303,174.01978921349524,170.61327595235952,170.93109130859375,22931500,0.0,0.0
2024-05-31 00:00:00-04:00,170.6827744434952,171.8745515162422,168.27935305307957,171.31838989257812,37638900,0.0,0.0
2024-06-03 00:00:00-04:00,171.35812097814537,173.33449524100553,169.9875840699293,171.9838104248047,27459100,0.0,0.0
2024-06-04 00:00:00-04:00,172.09306246094846,172.6591653391861,170.71258431304562,172.5995635986328,26879600,0.0,0.0
2024-06-05 00:00:00-04:00,173.99989738382425,175.43996202192773,172.73859249264606,174.20846557617188,22068500,0.0,0.0
2024-06-06 00:00:00-04:00,174.69509279578756,175.9365303942632,174.5461263456775,175.5194091796875,23251000,0.0,0.0
2024-06-07 00:00:00-04:00,175.83722393107305,176.65159911291653,173.10606122293635,173.2649688720703,19661400,0.0,0.0
2024-06-10 00:00:00-04:00,173.97093148461332,176.0489940505707,171.77354379577315,174.0106964111328,23726700,0.2,0.0
2024-06-11 00:00:00-04:00,175.21378603801926,175.83024098669136,172.77777855811084,175.6114959716797,21540600,0.0,0.0
2024-06-12 00:00:00-04:00,177.23216026578223,179.3798299163721,175.10438065964001,176.7747802734375,27864700,0.0,0.0
2024-06-13 00:00:00-04:00,175.10440825817855,175.7308157979112,173.8814358359176,174.1598358154297,20913300,0.0,0.0
2024-06-14 00:00:00-04:00,173.22520023784008,176.04898011878856,173.15559265736175,175.780517578125,18063600,0.0,0.0
2024-06-17 00:00:00-04:00,174.45813130980525,177.34156626154072,173.81183370223593,176.22796630859375,19618500,0.0,0.0
2024-06-18 00:00:00-04:00,176.12853810674497,176.37711061819581,173.105903043034,174.09024047851562,21869900,0.0,0.0
2024-06-20 00:00:00-04:00,174.36862216738828,176.27765703426607,173.99080230638756,175.29331970214844,20160100,0.0,0.0
2024-06-21 00:00:00-04:00,175.98932165115332,179.81734403821838,175.60154917641552,178.60430908203125,57759000,0.0,0.0
2024-06-24 00:00:00-04:00,179.1312749634446,179.85710235428542,177.6497775263464,178.19664001464844,18298000,0.0,0.0
2024-06-25 00:00:00-04:00,178.59434958875684,183.23768166890378,178.39549464018754,182.9791717529297,23130200,0.0,0.0
2024-06-26 00:00:00-04:00,181.58716996899867,183.4564246712397,181.43801738044664,182.8300323486328,19839000,0.0,0.0
2024-06-27 00:00:00-04:00,183.128330697181,184.98766337259178,182.9692558226232,184.351318359375,18848900,0.0,0.0
2024-06-28 00:00:00-04:00,183.2675470494924,184.0729195526436,180.9210219534205,181.10992431640625,29156600,0.0,0.0
2024-07-01 00:00:00-04:00,181.98489431830802,182.8300468722603,180.2647768963167,181.94512939453125,16006100,0.0,0.0
2024-07-02 00:00:00-04:00,181.01047903209437,184.51038372241194,180.52327152009687,184.18226623535156,17372500,0.0,0.0
2024-07-03 00:00:00-04:00,183.79452484858598,185.0274348210975,182.94937222345396,184.7589874267578,10242100,0.0,0.0
2024-07-05 00:00:00-04:00,184.79873308828007,189.77018290215648,184.7390781179793,189.5116729736328,20967500,0.0,0.0
2024-07-08 00:00:00-04:00,188.81566526397512,189.08412781251326,186.70777531519326,187.9506378173828,21035900,0.0,0.0
2024-07-09 00:00:00-04:00,189.22334760268737,190.26735524808433,187.64242997570327,187.90093994140625,15121400,0.0,0.0
2024-07-10 00:00:00-04:00,188.06994097173066,190.65510095160317,187.9506310307602,190.08834838867188,15952500,0.0,0.0
2024-07-11 00:00:00-04:00,188.76595095990965,189.77017833635344,184.02318370351583,184.51039123535156,25625800,0.0,0.0
2024-07-12 00:00:00-04:00,184.02319732602172,186.0416048375752,183.43656985987124,184.0132598876953,22898400,0.0,0.0
2024-07-15 00:00:00-04:00,183.86408221767505,187.16513189141418,183.86408221767505,185.4648895263672,16474000,0.0,0.0
2024-07-16 00:00:00-04:00,186.29017198367765,187.6026268731147,182.32294948626117,182.86981201171875,18290700,0.0,0.0
2024-07-17 00:00:00-04:00,181.92523630082098,182.5019263017259,178.8727588226684,179.9863739013672,20734100,0.0,0.0
2024-07-18 00:00:00-04:00,180.89116422058456,181.45791677729983,175.4623495627197,176.67538452148438,25315700,0.0,0.0
2024-07-19 00:00:00-04:00,177.85860388752832,179.2605412872754,176.11859635003367,176.64556884765625,18881900,0.0,0.0
2024-07-22 00:00:00-04:00,179.5588249067722,181.65677738382092,179.20087990499312,180.63265991210938,24100300,0.0,0.0
2024-07-23 00:00:00-04:00,181.01049348787305,182.5615834257329,180.50339588934585,180.75196838378906,36352700,0.0,0.0
2024-07-24 00:00:00-04:00,172.60874962060436,175.18395707272086,170.8389146389314,171.644287109375,49585200,0.0,0.0
2024-07-25 00:00:00-04:00,171.53491413564743,172.42976906222302,166.2353466432372,166.3248291015625,44852000,0.0,0.0
2024-07-26 00:00:00-04:00,166.19555465619968,167.1301896118219,163.12320243356427,166.04641723632812,41336900,0.0,0.0
2024-07-29 00:00:00-04:00,167.86596604502552,169.45682078589076,167.03076616819678,168.5619659423828,20293800,0.0,0.0
2024-07-30 00:00:00-04:00,169.2679245935279,170.2522619227889,167.47819966988007,169.317626953125,18959700,0.0,0.0
2024-07-31 00:00:00-04:00,172.25080624759823,173.25503369271337,169.03923860189312,170.5605010986328,25729100,0.0,0.0
2024-08-01 00:00:00-04:00,169.2778754387371,173.0561805386624,167.91570297002085,169.7849578857422,24531400,0.0,0.0
2024-08-02 00:00:00-04:00,165.4896290110481,167.54780140914312,163.729731473792,165.7083740234375,29130100,0.0,0.0
2024-08-05 00:00:00-04:00,154.61209547201543,163.49109791672467,154.04534288788773,158.34068298339844,53630700,0.0,0.0
2024-08-06 00:00:00-04:00,158.42022424958387,159.65314928592488,155.51689933013026,157.3861541748047,49004600,0.0,0.0
2024-08-07 00:00:00-04:00,160.329247442372,162.0493647327587,157.56512271570298,158.03244018554688,25138600,0.0,0.0
2024-08-08 00:00:00-04:00,159.59347241017986,162.7553223007696,159.295197566251,161.10479736328125,25578800,0.0,0.0
2024-08-09 00:00:00-04:00,159.09632314224646,162.85473779079283,158.15175076145542,162.7354278564453,28602300,0.0,0.0
2024-08-12 00:00:00-04:00,163.41157729244355,163.9584246876545,160.91589953407535,161.3633270263672,15895300,0.0,0.0
2024-08-13 00:00:00-04:00,162.47692353255772,163.78937837052388,162.03943352934883,163.22264099121094,18551700,0.0,0.0
2024-08-14 00:00:00-04:00,161.47267673043564,162.2880017461777,156.80946975586303,159.4542694091797,40591100,0.0,0.0
2024-08-15 00:00:00-04:00,159.58354749716605,160.71703750803647,158.6986299901853,160.3789825439453,31524300,0.0,0.0
2024-08-16 00:00:00-04:00,160.5479977673965,164.11749500950546,160.20994282911744,162.0294952392578,24208600,0.0,0.0
2024-08-19 00:00:00-04:00,164.33622991201835,165.73818228196367,163.32204998783882,165.71829223632812,22416200,0.0,0.0
2024-08-20 00:00:00-04:00,165.9469875992757,167.67705758463384,165.8674577538516,166.2253875732422,18341500,0.0,0.0
2024-08-21 00:00:00-04:00,164.20698475195752,165.8972898617058,163.7297298078101,164.9029998779297,22902000,0.0,0.0
2024-08-22 00:00:00-04:00,166.3049195405105,166.63303702086546,162.3774775565528,162.86468505859375,22493300,0.0,0.0
2024-08-23 00:00:00-04:00,163.77944623676203,165.23110110715456,162.89452876403584,164.67430114746094,13955700,0.0,0.0
2024-08-26 00:00:00-04:00,165.42997242725056,166.59328988817313,163.52093747817295,165.2112274169922,14190400,0.0,0.0
2024-08-27 00:00:00-04:00,164.89304984017366,165.489629908409,163.5209399578905,163.7396697998047,11821900,0.0,0.0
2024-08-28 00:00:00-04:00,164.09761789324529,164.6544330475145,160.60766539190482,161.92013549804688,16407400,0.0,0.0
2024-08-29 00:00:00-04:00,163.37179962157677,165.0223247855158,159.33498434884734,160.8562469482422,19699800,0.0,0.0
2024-08-30 00:00:00-04:00,161.69142770230633,162.72549775211684,160.76674532612375,162.4470977783203,22123800,0.0,0.0
2024-09-03 00:00:00-04:00,160.7965764689147,160.9258390209967,155.5864915219748,156.4614715576172,38945300,0.0,0.0
2024-09-04 00:00:00-04:00,155.76547872304474,158.09211373684093,155.06947874092558,155.55667114257812,19353800,0.0,0.0
2024-09-05 00:00:00-04:00,155.40752807028366,158.5395354620366,155.08934799190737,156.3421630859375,18688700,0.0,0.0
2024-09-06 00:00:00-04:00,156.4018018567198,156.92877428174015,149.69034513675084,150.0582275390625,37912100,0.0,0.0
2024-09-09 00:00:00-04:00,151.84037111346015,152.7264627958575,146.57360452316883,148.05706787109375,39260500,0.2,0.0
2024-09-10 00:00:00-04:00,149.78942780245947,150.60583478404823,147.68869140831964,148.00729370117188,31118800,0.0,0.0
2024-09-11 00:00:00-04:00,149.2617463560954,150.83481089337806,146.87229008202618,150.49630737304688,29607700,0.0,0.0
2024-09-12 00:00:00-04:00,153.1247267348267,154.14025256310887,151.97976682488095,154.0108184814453,29621500,0.0,0.0
2024-09-13 00:00:00-04:00,154.7475604574538,157.6846203163579,154.5285403677334,156.76866149902344,29591200,0.0,0.0
2024-09-16 00:00:00-04:00,156.61929036893335,157.55516550467146,155.91241630124466,157.36599731445312,18379800,0.0,0.0
2024-09-17 00:00:00-04:00,158.32181279555903,159.8450939790901,157.68462338017213,158.62049865722656,20715600,0.0,0.0
2024-09-18 00:00:00-04:00,159.1581209112091,159.79531032602117,157.9036585234899,159.10833740234375,23677300,0.0,0.0
2024-09-19 00:00:00-04:00,162.9912145689688,163.07084994877528,160.631610061734,161.4281005859375,26587700,0.0,0.0
2024-09-20 00:00:00-04:00,162.78213342108606,163.01111932448998,161.34845348503907,162.87173461914062,40896400,0.0,0.0
2024-09-23 00:00:00-04:00,163.6283970678755,164.76339107979564,160.9601562027871,161.13937377929688,24150900,0.0,0.0
2024-09-24 00:00:00-04:00,162.31419475907774,162.5033629705114,159.98447247380625,161.5774383544922,23332100,0.0,0.0
2024-09-25 00:00:00-04:00,160.7610436422212,162.09515653085376,160.59179187501798,160.7809600830078,18869200,0.0,0.0
2024-09-26 00:00:00-04:00,162.9215110711205,163.35958160947462,161.56748176702274,162.0155029296875,20319300,0.0,0.0
2024-09-27 00:00:00-04:00,162.09515427507873,164.97246466107853,161.91595188587257,163.2301483154297,21101300,0.0,0.0
2024-09-30 00:00:00-04:00,162.60292056233942,165.42048155404993,162.54317124235408,165.12181091308594,20413900,0.0,0.0
2024-10-01 00:00:00-04:00,166.9537289039037,168.41727581616183,163.85738331840562,166.25680541992188,28338100,0.0,0.0
2024-10-02 00:00:00-04:00,165.6893137329917,166.78449014447432,164.00673142434744,165.13177490234375,17760200,0.0,0.0
2024-10-03 00:00:00-04:00,163.68814431760305,165.90834901528822,163.2002902448892,165.13177490234375,15073100,0.0,0.0
2024-10-04 00:00:00-04:00,167.3221169901183,167.491368768802,164.75344285896497,166.32650756835938,19047400,0.0,0.0
2024-10-07 00:00:00-04:00,166.98361369115,167.7402713838118,162.03543364200755,162.26441955566406,22463100,0.0,0.0
2024-10-08 00:00:00-04:00,163.22019363060423,164.0067183055417,162.15488437084886,163.65826416015625,23072700,0.0,0.0
2024-10-09 00:00:00-04:00,162.7323530653501,164.11624952090352,159.0386507061608,161.1493377685547,31181800,0.0,0.0
2024-10-10 00:00:00-04:00,160.16366845010265,162.35402113493024,159.695730848507,161.3683624267578,14144100,0.0,0.0
2024-10-11 00:00:00-04:00,161.41814270869355,163.18036025385564,160.53205102817606,162.5232696533203,15344300,0.0,0.0
2024-10-14 00:00:00-04:00,162.9215061976869,165.50013065374594,162.6825544952434,164.2357177734375,19016100,0.0,0.0
2024-10-15 00:00:00-04:00,165.06207349535208,166.94377462807307,163.90717815283185,164.73353576660156,20247200,0.0,0.0
2024-10-16 00:00:00-04:00,163.80760621471472,165.07203435121127,163.02108150744417,164.43484497070312,16406000,0.0,0.0
2024-10-17 00:00:00-04:00,165.00232392781157,165.6395132678631,162.04536311131514,162.21461486816406,21453400,0.0,0.0
2024-10-18 00:00:00-04:00,162.47349822564962,163.98682874694387,162.36398058545478,162.70248413085938,19757700,0.0,0.0
2024-10-21 00:00:00-04:00,162.234547045473,163.77774463817317,161.90599412379152,163.34963989257812,20946500,0.0,0.0
2024-10-22 00:00:00-04:00,162.26441234616763,165.0421710211609,162.26441234616763,164.41493225097656,16568100,0.0,0.0
2024-10-23 00:00:00-04:00,164.03661010564252,165.09196890043052,161.21903349459384,162.0653076171875,18280500,0.0,0.0
2024-10-24 00:00:00-04:00,162.11505656598337,162.61286119271972,160.30304043260298,162.0055389404297,22412500,0.0,0.0
2024-10-25 00:00:00-04:00,162.9513914150895,164.86295967221815,162.70248906090407,164.54437255859375,19828900,0.0,0.0
2024-10-28 00:00:00-04:00,168.00907708946656,168.00907708946656,163.23014919167423,165.9879913330078,32138600,0.0,0.0
2024-10-29 00:00:00-04:00,166.99354716216052,169.6319209779577,166.3563578043749,168.9349822998047,42169000,0.0,0.0
2024-10-30 00:00:00-04:00,179.88667593834245,181.22080390832798,173.29574742034202,173.69400024414062,68890800,0.0,0.0
2024-10-31 00:00:00-04:00,172.3698540409386,176.04365502457762,170.2492012343648,170.3587188720703,44769000,0.0,0.0
2024-11-01 00:00:00-04:00,169.3232735157594,171.56339434249736,168.13849607004246,170.53790283203125,31796500,0.0,0.0
2024-11-04 00:00:00-05:00,169.18387535736116,169.98036580888692,167.2723073887744,168.49691772460938,21492700,0.0,0.0
2024-11-05 00:00:00-05:00,168.68609929058584,169.7812757458724,168.0986933699296,168.9947509765625,18242100,0.0,0.0
2024-11-06 00:00:00-05:00,173.03690778369432,176.16312052987965,172.7382219408271,175.73500061035156,33695500,0.0,0.0
2024-11-07 00:00:00-05:00,176.63105879108298,180.28494329004707,176.41202351829116,179.95639038085938,25352900,0.0,0.0
2024-11-08 00:00:00-05:00,179.85682974504894,180.1057320918823,177.29812151933496,177.5669403076172,22006200,0.0,0.0
2024-11-11 00:00:00-05:00,177.79591845275107,179.7572700755342,177.68640081725277,179.5581512451172,17450400,0.0,0.0
2024-11-12 00:00:00-05:00,179.03048606955645,181.68876129211964,178.60236613626623,180.82257080078125,25134900,0.0,0.0
2024-11-13 00:00:00-05:00,179.66766908027805,180.16547375277025,177.75608576913012,178.0946044921875,23184000,0.0,0.0
2024-11-14 00:00:00-05:00,177.49723958577857,178.03487716000262,173.55463493650558,174.80909729003906,31007500,0.0,0.0
2024-11-15 00:00:00-05:00,172.9671965454628,173.37539999767293,170.46822271325942,171.73265075683594,32504600,0.0,0.0
2024-11-18 00:00:00-05:00,172.6585688053745,174.6697039128958,172.1408476982141,174.5303192138672,20135300,0.0,0.0
2024-11-19 00:00:00-05:00,172.95726124320882,178.08464343003916,172.7979600977284,177.3379364013672,23434900,0.0,0.0
2024-11-20 00:00:00-05:00,176.56135042889815,176.89985394642653,173.01698373526585,175.2073211669922,18997100,0.0,0.0
2024-11-21 00:00:00-05:00,173.1364567662256,173.36545785068716,162.98124461770655,166.8939971923828,59734400,0.0,0.0
2024-11-22 00:00:00-05:00,165.12181631038618,165.7291386198519,163.18036592990532,164.03659057617188,38604600,0.0,0.0
2024-11-25 00:00:00-05:00,165.36074656125817,167.88960271467622,164.88285834642193,166.9138946533203,33135300,0.0,0.0
2024-11-26 00:00:00-05:00,166.8939932592079,169.07438007569232,166.84420975542025,168.37744140625,20486700,0.0,0.0
2024-11-27 00:00:00-05:00,168.25798309333703,168.73587133599466,167.28229016697128,168.48696899414062,19266500,0.0,0.0
2024-11-29 00:00:00-05:00,167.76016976407897,168.68607913599834,166.4260569265254,168.20819091796875,14257200,0.0,0.0
2024-12-02 00:00:00-05:00,168.02898676148365,171.32445113236562,167.82986793872016,170.73704528808594,23789100,0.0,0.0
2024-12-03 00:00:00-05:00,170.73704276945597,171.9218050645491,170.09985343093683,170.5876922607422,22248700,0.0,0.0
2024-12-04 00:00:00-05:00,170.39852227748662,174.14202289483944,170.30892108827348,173.60438537597656,31615100,0.0,0.0
2024-12-05 00:00:00-05:00,174.5900625293299,175.28698606114204,171.57336730521956,171.8820037841797,21356200,0.0,0.0
2024-12-06 00:00:00-05:00,171.2746759024565,174.3112874696141,171.10542413534188,173.9429168701172,21462400,0.0,0.0
2024-12-09 00:00:00-05:00,173.3947033817355,175.68721709610546,173.08569798716198,174.80010986328125,25389600,0.2,0.0
2024-12-10 00:00:00-05:00,182.2558148271153,185.75440321939527,180.46166108394456,184.56826782226562,54813000,0.0,0.0
2024-12-11 00:00:00-05:00,184.70782161706586,194.97435419169267,184.2493249317854,194.76502990722656,67894100,0.0,0.0
2024-12-12 00:00:00-05:00,194.36632666128313,194.54573443162946,191.08702455991943,191.33621215820312,34817500,0.0,0.0
2024-12-13 00:00:00-05:00,190.38927563816205,192.10368742772263,189.02373254884577,189.20315551757812,25143500,0.0,0.0
2024-12-16 00:00:00-05:00,192.2432425689094,198.3533273175459,191.99405497177682,196.02093505859375,44934900,0.0,0.0
2024-12-17 00:00:00-05:00,196.60901291047233,200.76546017959686,194.34638528405358,194.7849578857422,43504000,0.0,0.0
2024-12-18 00:00:00-05:00,194.58561039475242,196.35982485436523,187.12992181114345,187.7877655029297,34166100,0.0,0.0
2024-12-19 00:00:00-05:00,191.00728679661606,192.40273129322728,187.7678479495074,187.8974151611328,32265200,0.0,0.0
2024-12-20 00:00:00-05:00,185.1762848637503,192.263180692445,184.61810708296375,190.78799438476562,63462900,0.0,0.0
2024-12-23 00:00:00-05:00,191.99406521325346,194.46601725929617,189.5320904055188,193.99754333496094,25675000,0.0,0.0
2024-12-24 00:00:00-05:00,194.20684004621347,195.47271728515625,193.15028707875092,195.47271728515625,10403300,0.0,0.0
2024-12-26 00:00:00-05:00,194.51583613513964,196.11064287242172,193.7483492712215,194.96438598632812,12046600,0.0,0.0
2024-12-27 00:00:00-05:00,194.31647638353087,194.68528435280825,190.0304468655215,192.1335906982422,18891400,0.0,0.0
2024-12-30 00:00:00-05:00,189.1832377151322,191.92430144195808,188.50543950298513,190.61856079101562,14264700,0.0,0.0
2024-12-31 00:00:00-05:00,190.45907478557154,191.33622003458325,187.89741886934635,188.6848602294922,17466900,0.0,0.0
2025-01-02 00:00:00-05:00,190.03045932269364,191.37607845803336,186.89070161917323,188.81442260742188,20370800,0.0,0.0
2025-01-03 00:00:00-05:00,190.74811471378376,192.58214696582633,189.36263229859958,191.166748046875,18596200,0.0,0.0
2025-01-06 00:00:00-05:00,193.34964695093382,197.57587431060844,193.22007973541784,196.23025512695312,29563600,0.0,0.0
2025-01-07 00:00:00-05:00,196.46946706904495,200.34682542030356,193.96762910254256,194.854736328125,26487200,0.0,0.0
2025-01-08 00:00:00-05:00,191.944242637603,195.6521403419425,191.7548576174653,193.3197479248047,24864800,0.0,0.0
2025-01-10 00:00:00-05:00,193.6685895212531,195.88137644043036,189.69155028344466,191.41592407226562,26665200,0.0,0.0
2025-01-13 00:00:00-05:00,189.4523648405139,190.55874323630746,186.75116443597017,190.38929748535156,21823700,0.0,0.0
2025-01-14 00:00:00-05:00,190.6185379959385,191.35612350397113,187.69805162927054,189.04367065429688,17174900,0.0,0.0
2025-01-15 00:00:00-05:00,192.462522950062,195.72190087885951,191.23652426846428,194.91453552246094,21776000,0.0,0.0
2025-01-16 00:00:00-05:00,193.50911023082176,194.8447520350506,192.1834304546711,192.28311157226562,17815400,0.0,0.0
2025-01-17 00:00:00-05:00,195.89135939313564,196.58908164731528,193.12039443424771,195.3630828857422,27735100,0.0,0.0
2025-01-21 00:00:00-05:00,198.4231075033933,201.63262976778796,197.22699486763423,197.4064178466797,29971300,0.0,0.0
2025-01-22 00:00:00-05:00,198.41313252508547,199.82851627036754,196.88810562725033,197.72537231445312,26200600,0.0,0.0
2025-01-23 00:00:00-05:00,197.49613838919916,199.64912306411188,194.56568956099102,197.33665466308594,26951400,0.0,0.0
2025-01-24 00:00:00-05:00,197.45625853253006,200.24714745985025,197.35657740975262,199.5594024658203,23877500,0.0,0.0
2025-01-27 00:00:00-05:00,191.7847629127979,196.24023876132983,190.11021420279943,191.18670654296875,41728900,0.0,0.0
2025-01-28 00:00:00-05:00,192.1236428916819,194.84476727172617,190.06036222791346,194.6653594970703,24157900,0.0,0.0
2025-01-29 00:00:00-05:00,194.92450036864417,196.15049906796548,192.80141720875304,194.77499389648438,18218300,0.0,0.0
2025-01-30 00:00:00-05:00,197.35658576249432,200.74553115150178,197.0276562944523,200.21725463867188,24354700,0.0,0.0
2025-01-31 00:00:00-05:00,201.34358503753182,204.8122722439576,201.14423799517712,203.35702514648438,32001100,0.0,0.0
2025-02-03 00:00:00-05:00,200.03784179405181,203.08789560873984,199.4497627036024,200.57608032226562,27838300,0.0,0.0
2025-02-04 00:00:00-05:00,202.7290614411804,206.37717152288226,202.1509443892273,205.7093505859375,43856400,0.0,0.0
2025-02-05 00:00:00-05:00,190.4491175677977,192.12365103908184,187.41898765422886,190.70826721191406,70373900,0.0,0.0
2025-02-06 00:00:00-05:00,188.88420450981621,191.4757616843978,188.1067403992826,190.97738647460938,29297400,0.0,0.0
2025-02-07 00:00:00-05:00,190.42915245859984,190.5587196584731,182.6445348609554,184.73770141601562,49315000,0.0,0.0
2025-02-10 00:00:00-05:00,186.74118938897723,187.58841808469597,185.2560258505473,185.86404418945312,23105600,0.0,0.0
2025-02-11 00:00:00-05:00,184.4287225674103,186.33251945346055,183.68115977846736,184.71778869628906,21239500,0.0,0.0
2025-02-12 00:00:00-05:00,182.62460414541655,184.50846173776452,181.23912173844323,183.01333618164062,22072600,0.0,0.0
2025-02-13 00:00:00-05:00,183.7210327362961,185.67465491496642,182.54485940859573,185.5351104736328,21402500,0.0,0.0
2025-02-14 00:00:00-05:00,184.4586365233707,185.7942784810842,183.72105092154337,184.62808227539062,20448400,0.0,0.0
2025-02-18 00:00:00-05:00,184.99689147072442,185.35572224471403,181.14943408652655,183.17283630371094,29916700,0.0,0.0
2025-02-19 00:00:00-05:00,183.47185603605197,184.85733850337527,182.99340488662492,184.66795349121094,19549400,0.0,0.0
2025-02-20 00:00:00-05:00,184.1994764251086,184.7078136523139,182.12623377404523,183.9602508544922,20441500,0.0,0.0
2025-02-21 00:00:00-05:00,184.54832157311532,184.73770657345142,178.49805484578573,179.076171875,35199200,0.0,0.0
2025-02-24 00:00:00-05:00,181.3986125849473,182.52493020594952,178.30868023037235,178.66751098632812,29854200,0.0,0.0
2025-02-25 00:00:00-05:00,177.46142612582926,178.15916354017307,174.1223215693703,174.84994506835938,41913400,0.0,0.0
2025-02-26 00:00:00-05:00,174.50109332110333,175.50780571224857,171.0224290795126,172.16868591308594,35431300,0.0,0.0
2025-02-27 00:00:00-05:00,173.4246033939964,173.99274319952536,167.3942605774098,167.9524383544922,39991000,0.0,0.0
2025-02-28 00:00:00-05:00,168.13184735576206,170.05558350433006,166.22806568264113,169.72665405273438,48130600,0.0,0.0
2025-03-03 00:00:00-05:00,171.37127977724876,172.80660270971413,165.3907776981119,166.46726989746094,40770500,0.0,0.0
2025-03-04 00:00:00-05:00,165.69979362882594,172.72687185175528,165.2612210149662,170.3645782470703,45388000,0.0,0.0
2025-03-05 00:00:00-05:00,169.96588759666264,173.21528852342593,168.51062527668861,172.457763671875,30954900,0.0,0.0
2025-03-06 00:00:00-05:00,169.97585437589512,174.24194511914502,169.9459530788933,171.78994750976562,28302000,0.0,0.0
2025-03-07 00:00:00-05:00,170.70347150998992,174.40142226145525,169.71669832775643,173.29502868652344,27385800,0.0,0.0
2025-03-10 00:00:00-04:00,167.906369246359,168.10596109578225,163.34598174937858,165.52139282226562,43604000,0.2,0.0
2025-03-11 00:00:00-04:00,164.56341811184632,166.39954739419704,161.03084947828359,163.6952362060547,39587400,0.0,0.0
2025-03-12 00:00:00-04:00,166.2299041704089,167.2876739545911,163.1863112454469,166.7587890625,28372400,0.0,0.0
2025-03-13 00:00:00-04:00,165.69104376890482,165.78086619728484,161.76931036259103,162.41793823242188,31756200,0.0,0.0
2025-03-14 00:00:00-04:00,162.92686119092454,166.14009496437765,162.10857726863358,165.14219665527344,31995900,0.0,0.0
2025-03-17 00:00:00-04:00,164.68315235917976,165.95048744156196,163.32601008577632,163.9447021484375,31184300,0.0,0.0
2025-03-18 00:00:00-04:00,163.3359896270705,163.90479897801157,156.39062585030788,160.3323211669922,42074800,0.0,0.0
2025-03-19 00:00:00-04:00,161.42003435006743,165.52139724714462,160.66163707283374,163.54556274414062,34275600,0.0,0.0
2025-03-20 00:00:00-04:00,161.23044451155243,164.5434591319573,160.62172590598882,162.45785522460938,28138500,0.0,0.0
2025-03-21 00:00:00-04:00,160.87119904116452,163.89482981108262,160.55186426165298,163.64535522460938,36625800,0.0,0.0
2025-03-24 00:00:00-04:00,166.71888755590038,167.96626051519195,164.79293578885944,167.3275909423828,30879100,0.0,0.0
2025-03-25 00:00:00-04:00,168.62485688475655,170.27139827842032,167.96625555401127,170.2015380859375,24174400,0.0,0.0
2025-03-26 00:00:00-04:00,168.64481068044992,169.2535292452292,164.49355014774926,164.7130889892578,28901600,0.0,0.0
2025-03-27 00:00:00-04:00,164.2840090226325,165.0723420135672,161.6595315089187,161.89903259277344,24508300,0.0,0.0
2025-03-28 00:00:00-04:00,160.15271877369267,161.4799254652425,153.30713518011623,154.0056610107422,48669300,0.0,0.0
2025-03-31 00:00:00-04:00,152.78821916221315,155.2131048785596,150.34337121509955,154.31500244140625,54603500,0.0,0.0
2025-04-01 00:00:00-04:00,153.29713724683472,157.7677327478603,153.29713724683472,156.73989868164062,30672900,0.0,0.0
2025-04-02 00:00:00-04:00,154.8239184605045,158.07707673307476,154.37486726125917,156.70994567871094,25041700,0.0,0.0
2025-04-03 00:00:00-04:00,150.79242377501242,152.4589122309581,150.07393572821033,150.4032440185547,46883400,0.0,0.0
2025-04-04 00:00:00-04:00,147.6989298070746,150.75251155896433,145.0744674917677,145.29400634765625,62259500,0.0,0.0
2025-04-07 00:00:00-04:00,141.25250603263527,152.52875975799608,140.2346455130815,146.4415740966797,76794100,0.0,0.0
2025-04-08 00:00:00-04:00,150.9021908364876,151.92005142460044,142.72940085243894,144.39588928222656,52200200,0.0,0.0
2025-04-09 00:00:00-04:00,144.11647401855745,159.21468052208976,143.6075513553121,158.37644958496094,70406200,0.0,0.0
2025-04-10 00:00:00-04:00,156.21099272991097,157.38852063839548,149.6148843769422,152.4988250732422,48022000,0.0,0.0
2025-04-11 00:00:00-04:00,152.5786587351614,157.33863834997953,152.4988402629555,156.80975341796875,33636200,0.0,0.0
2025-04-14 00:00:00-04:00,159.66374069863323,161.3801271292812,157.22886621670372,158.73570251464844,30333000,0.0,0.0
2025-04-15 00:00:00-04:00,158.79557178865275,159.3144679755199,154.8838120227522,155.9814910888672,27551500,0.0,0.0
2025-04-16 00:00:00-04:00,152.77823911437727,155.56236873164264,151.1915692108639,153.00775146484375,28187400,0.0,0.0
2025-04-17 00:00:00-04:00,153.96572710201332,154.3549068428226,148.1879024535801,150.84231567382812,33046600,0.0,0.0
2025-04-21 00:00:00-04:00,148.5671133790027,148.63695834662283,145.7929571438361,147.35964965820312,26049100,0.0,0.0
2025-04-22 00:00:00-04:00,148.57707765672205,151.8701451004615,148.22780716014373,151.1516571044922,26971800,0.0,0.0
2025-04-23 00:00:00-04:00,155.28296188170384,157.19892487451833,153.48674181759014,155.0235137939453,31128800,0.0,0.0
2025-04-24 00:00:00-04:00,155.82180972917425,159.2545822353842,155.4625657406937,158.9452362060547,45894000,0.0,0.0
2025-04-25 00:00:00-04:00,164.72309348828867,165.75092760525033,160.70154899383132,161.61962890625,56034000,0.0,0.0
2025-04-28 00:00:00-04:00,162.08862808839123,162.80711614692783,158.26669065633925,160.2724609375,29745800,0.0,0.0
2025-04-29 00:00:00-04:00,159.98307743122987,160.4021929284458,157.1889588897359,159.8234100341797,26809000,0.0,0.0
2025-04-30 00:00:00-04:00,157.6479788523033,158.93527626532435,155.07339925298186,158.4662628173828,34981100,0.0,0.0
2025-05-01 00:00:00-04:00,160.11277889105028,161.60962633825872,158.57602221167295,160.96099853515625,30203200,0.0,0.0
2025-05-02 00:00:00-04:00,163.0665800855699,164.62329914267073,161.5298080330937,163.68527221679688,25715000,0.0,0.0
2025-05-05 00:00:00-04:00,162.65743494943675,165.0424114540437,162.37802462287598,163.86489868164062,21341800,0.0,0.0
2025-05-06 00:00:00-04:00,161.82916262997554,164.4536399852438,160.85122657670271,162.88693237304688,21277200,0.0,0.0
2025-05-07 00:00:00-04:00,163.73516530126716,164.6532299684301,147.52929039730043,151.06185913085938,127490100,0.0,0.0
2025-05-08 00:00:00-04:00,154.67425284055003,155.6022910487671,152.57866009847342,153.9557647705078,57498700,0.0,0.0
2025-05-09 00:00:00-04:00,153.84598414229956,154.7241395477239,151.88012320852386,152.42897033691406,32435300,0.0,0.0
2025-05-12 00:00:00-04:00,157.15900583261154,158.76562267487037,155.9216064819518,158.12696838378906,44138800,0.0,0.0
2025-05-13 00:00:00-04:00,158.45626717049694,160.23254018461523,155.83180494907126,159.19471740722656,42382100,0.0,0.0
2025-05-14 00:00:00-04:00,159.6238271640479,166.64902486582008,159.27455664998826,165.02244567871094,48755900,0.0,0.0
2025-05-15 00:00:00-04:00,165.49145599350894,165.8606887311189,162.02874755770196,163.61541748046875,33146700,0.0,0.0
2025-05-16 00:00:00-04:00,167.3774855147182,168.99409119137468,165.27191939302787,165.84072875976562,42846900,0.0,0.0
2025-05-19 00:00:00-04:00,164.16425471766837,166.2897831099107,163.87487089127026,166.1899871826172,30426100,0.0,0.0
2025-05-20 00:00:00-04:00,166.08022402030295,168.1458810248048,162.55764387335125,163.6353759765625,46607700,0.0,0.0
2025-05-21 00:00:00-04:00,163.34598924433868,172.77612594690945,163.21625758160502,168.20574951171875,73416000,0.0,0.0
2025-05-22 00:00:00-04:00,171.48884617085898,176.3985044728025,170.35124260366135,170.51089477539062,74864400,0.0,0.0
2025-05-23 00:00:00-04:00,168.70469265151235,169.60281030274047,167.5371534089642,168.11593627929688,35211400,0.0,0.0
2025-05-27 00:00:00-04:00,169.80238932071725,172.80605791558804,169.6427219280191,172.53662109375,37995700,0.0,0.0
2025-05-28 00:00:00-04:00,172.79607866823434,174.90164475593082,171.5487057543554,171.9977569580078,34784000,0.0,0.0
2025-05-29 00:00:00-04:00,173.63431165912297,174.0534271359213,170.27139911620654,171.49880981445312,29317300,0.0,0.0
2025-05-30 00:00:00-04:00,170.98989433565492,171.84808755569938,167.0881079964574,171.3790740966797,52639900,0.0,0.0
2025-06-02 00:00:00-04:00,167.4872574240746,169.5129898808019,167.03820620651766,168.6747589111328,38612300,0.0,0.0
2025-06-03 00:00:00-04:00,167.13800921175007,168.12591888686956,164.9326470385699,165.83074951171875,45084900,0.0,0.0
2025-06-04 00:00:00-04:00,166.38956355967437,167.8664487405706,166.01035734329753,167.69680786132812,26900800,0.0,0.0
2025-06-05 00:00:00-04:00,169.98200425737,170.57076063975376,167.23778374687686,167.8564910888672,36379100,0.0,0.0
2025-06-06 00:00:00-04:00,170.47097086402252,174.1332558504034,170.47097086402252,173.31497192382812,35731800,0.0,0.0
2025-06-09 00:00:00-04:00,174.38402968862113,176.31231302715454,174.21418342483807,175.93264770507812,28935900,0.21,0.0
2025-06-10 00:00:00-04:00,176.04254985052344,180.94816607880887,174.7537092641778,178.44041442871094,61766100,0.0,0.0
2025-06-11 00:00:00-04:00,179.60936400867158,180.20881870896204,176.59205837486806,177.1915283203125,31646800,0.0,0.0
2025-06-12 00:00:00-04:00,176.02256609234394,176.56209210971562,174.59385119423692,175.54299926757812,20941900,0.0,0.0
2025-06-13 00:00:00-04:00,172.28591297451578,176.9717245091389,172.2359546046385,174.513916015625,27663100,0.0,0.0
2025-06-16 00:00:00-04:00,174.57385966373928,176.78189154925582,174.49392932110277,176.61204528808594,27389200,0.0,0.0
2025-06-17 00:00:00-04:00,175.5429937823964,177.20151408744945,174.4239994778565,175.7927703857422,24973000,0.0,0.0
2025-06-18 00:00:00-04:00,175.85271405711507,176.4022256326498,173.04522747911062,173.16513061523438,28707500,0.0,0.0
2025-06-20 00:00:00-04:00,173.79455416726213,174.18420505107113,165.312150640077,166.4910888671875,75659900,0.0,0.0
2025-06-23 00:00:00-04:00,166.1214256591391,167.19046158134836,161.85523705575486,165.04238891601562,57671000,0.0,0.0
2025-06-24 00:00:00-04:00,166.77084680791774,168.06968824197463,165.98155942026995,166.62098693847656,40524300,0.0,0.0
2025-06-25 00:00:00-04:00,167.48021861146748,172.2059878377665,167.40028826627824,170.52748107910156,35479000,0.0,0.0
2025-06-26 00:00:00-04:00,172.275909497391,173.53479332021178,169.78814431449064,173.38491821289062,31796700,0.0,0.0
2025-06-27 00:00:00-04:00,173.3849216100962,178.52032800475203,171.57654142712704,178.37046813964844,108140200,0.0,0.0
2025-06-30 00:00:00-04:00,180.6184624108643,181.0680572633364,174.4240054836315,176.07252502441406,63378900,0.0,0.0
2025-07-01 00:00:00-04:00,175.5829598377131,175.9326379218849,173.37492804100808,175.682861328125,35904500,0.0,0.0
2025-07-02 00:00:00-04:00,175.38312608280393,178.70016656024188,174.91356011283625,178.48036193847656,29128900,0.0,0.0
2025-07-03 00:00:00-04:00,178.34048951535135,179.50944215502514,176.89178830781478,179.36956787109375,21689700,0.0,0.0
2025-07-07 00:00:00-04:00,178.89999490759814,179.13978593904164,175.52301029591823,176.63201904296875,34175600,0.0,0.0
2025-07-08 00:00:00-04:00,177.691079951528,177.7909814447806,172.6555751408571,174.20419311523438,40442500,0.0,0.0
2025-07-09 00:00:00-04:00,175.09340252603724,179.27966092294577,172.61562283881983,176.46217346191406,43025600,0.0,0.0
2025-07-10 00:00:00-04:00,175.47306122205768,178.27054693495992,174.22417822695712,177.46127319335938,29252400,0.0,0.0
2025-07-11 00:00:00-04:00,176.6320206592132,181.26787392679407,176.32230010231936,180.02899169921875,34282900,0.0,0.0
2025-07-14 00:00:00-04:00,180.84823929966979,183.5058659137902,179.5194259926096,181.3977508544922,32536600,0.0,0.0
2025-07-15 00:00:00-04:00,182.6466456022175,184.05538933948807,181.4377353487915,181.83737182617188,33448300,0.0,0.0
2025-07-16 00:00:00-04:00,183.07626629854497,184.1652886399438,181.86734081977315,182.80650329589844,33104200,0.0,0.0
2025-07-17 00:00:00-04:00,181.9772389358081,183.89552139280437,180.31871865434178,183.41595458984375,31992600,0.0,0.0
2025-07-18 00:00:00-04:00,185.2343153104504,186.25340807875182,183.54583834733725,184.89462280273438,34014500,0.0,0.0
2025-07-21 00:00:00-04:00,186.08356432217508,190.11994741222205,185.98364758555138,189.9301300048828,45803100,0.0,0.0
2025-07-22 00:00:00-04:00,191.328882294876,191.47874216205827,187.29249900550474,191.1690216064453,44660200,0.0,0.0
2025-07-23 00:00:00-04:00,191.32888225818212,192.35796066638142,189.01094801184496,190.0600128173828,58681900,0.0,0.0
2025-07-24 00:00:00-04:00,196.85393348830104,197.7731095502254,190.8293230940032,191.99827575683594,74881700,0.0,0.0
2025-07-25 00:00:00-04:00,191.80844534575607,194.1563515198352,191.08908750710862,193.0073699951172,39785900,0.0,0.0
2025-07-28 00:00:00-04:00,193.47694913334269,193.87660084223495,190.6694625759226,192.4079132080078,38139500,0.0,0.0
2025-07-29 00:00:00-04:00,192.2580327538162,195.7449194968108,191.90835466905762,195.5750732421875,41389200,0.0,0.0
2025-07-30 00:00:00-04:00,195.42522371418744,197.42343657324804,194.51603320447785,196.35438537597656,32445400,0.0,0.0
2025-07-31 00:00:00-04:00,195.53512388567077,195.8148724632573,190.91924186518514,191.728515625,51329200,0.0,0.0
2025-08-01 00:00:00-04:00,188.86108179697592,190.65947636814528,187.65217158882444,188.96099853515625,34832200,0.0,0.0
2025-08-04 00:00:00-04:00,190.11995195242244,195.0955128481526,189.95010569222902,194.86570739746094,31547400,0.0,0.0
2025-08-05 00:00:00-04:00,194.5360207683401,197.68319994217242,193.71674617353807,194.4960479736328,31602300,0.0,0.0
2025-08-06 00:00:00-04:00,194.32618893507828,196.45429038129967,193.49692881868756,195.91476440429688,21562900,0.0,0.0
2025-08-07 00:00:00-04:00,196.88390160867925,197.36346840439734,194.15634544876863,196.34439086914062,26321800,0.0,0.0
2025-08-08 00:00:00-04:00,197.04376174071106,202.42894452614235,196.99380337261508,201.24000549316406,39161800,0.0,0.0
2025-08-11 00:00:00-04:00,200.76044484845534,201.29995560301907,198.8921207366326,200.8203887939453,25832400,0.0,0.0
2025-08-12 00:00:00-04:00,201.19005382143942,204.31726177746063,200.41075203769518,203.15829467773438,30397900,0.0,0.0
2025-08-13 00:00:00-04:00,203.94760013613634,204.3472366094903,197.33350521250262,201.779541015625,28342900,0.0,0.0
2025-08-14 00:00:00-04:00,201.31993610316366,204.2573113073674,201.05017311120625,202.75865173339844,25230400,0.0,0.0
2025-08-15 00:00:00-04:00,203.66784557245273,206.25552748751167,201.10013480886678,203.71778869628906,34931400,0.0,0.0
2025-08-18 00:00:00-04:00,204.01753247133055,205.08658368227987,202.30906899226142,203.3181610107422,18526600,0.0,0.0
2025-08-19 00:00:00-04:00,202.84857944432244,203.2582167438639,199.7813305987235,201.389892578125,24240200,0.0,0.0
2025-08-20 00:00:00-04:00,200.55061989251405,201.10013145192505,196.4243208994537,199.1418914794922,28955500,0.0,0.0
2025-08-21 00:00:00-04:00,199.57150268554688,202.29905887913935,199.25178132101763,199.57150268554688,19774600,0.0,0.0
2025-08-22 00:00:00-04:00,202.54883983863883,208.353645687597,201.12012497867053,205.9058380126953,42827000,0.0,0.0
2025-08-25 00:00:00-04:00,206.2455237198617,210.3318804204715,205.0965574752735,208.30369567871094,29928900,0.0,0.0
2025-08-26 00:00:00-04:00,207.32455950181813,207.66426725745978,205.5161793925774,206.95489501953125,28464100,0.0,0.0
2025-08-27 00:00:00-04:00,205.51617805576655,208.72331622375268,205.46621968804243,207.29458618164062,23022900,0.0,0.0
2025-08-28 00:00:00-04:00,207.0648053873533,212.0303655105851,206.71511204255788,211.4508819580078,32339300,0.0,0.0
2025-08-29 00:00:00-04:00,210.3218773757616,214.45817715575657,210.01215683893824,212.71974182128906,39728400,0.0,0.0
2025-09-02 00:00:00-04:00,208.25374472878948,211.4908397743193,206.01574085860813,211.16114807128906,47523000,0.0,0.0
2025-09-03 00:00:00-04:00,226.00786746880672,231.1033010071871,224.5891229524102,230.45388793945312,103336100,0.0,0.0
2025-09-04 00:00:00-04:00,229.4447813472723,232.16235200669,225.90795135774627,232.09242248535156,51684200,0.0,0.0
2025-09-05 00:00:00-04:00,231.9925075217388,235.54932393536487,231.69277254690593,234.79000854492188,46588900,0.0,0.0
2025-09-08 00:00:00-04:00,235.47000122070312,238.1300048828125,233.6699981689453,234.0399932861328,32474700,0.21,0.0
2025-09-09 00:00:00-04:00,234.1699981689453,240.47000122070312,233.22999572753906,239.6300048828125,38061000,0.0,0.0
2025-09-10 00:00:00-04:00,238.89999389648438,241.66000366210938,237.85000610351562,239.1699981689453,35141100,0.0,0.0
2025-09-11 00:00:00-04:00,239.8800048828125,242.25,236.25,240.3699951171875,30599300,0.0,0.0
2025-09-12 00:00:00-04:00,240.3699951171875,242.0800018310547,238.0,240.8000030517578,26771600,0.0,0.0
2025-09-15 00:00:00-04:00,244.66000366210938,252.41000366210938,244.66000366210938,251.61000061035156,58383800,0.0,0.0
2025-09-16 00:00:00-04:00,252.0800018310547,253.0399932861328,249.47000122070312,251.16000366210938,34109700,0.0,0.0
2025-09-17 00:00:00-04:00,251.22000122070312,251.60000610351562,246.27999877929688,249.52999877929688,34108000,0.0,0.0
2025-09-18 00:00:00-04:00,251.67999267578125,253.99000549316406,249.8000030517578,252.02999877929688,31239500,0.0,0.0
2025-09-19 00:00:00-04:00,253.25,256.0,251.80999755859375,254.72000122070312,55571400,0.0,0.0
2025-09-22 00:00:00-04:00,254.42999267578125,255.77999877929688,250.3000030517578,252.52999877929688,32290500,0.0,0.0
2025-09-23 00:00:00-04:00,253.0399932861328,254.36000061035156,250.47999572753906,251.66000366210938,26628000,0.0,0.0
2025-09-24 00:00:00-04:00,251.66000366210938,252.35000610351562,246.44000244140625,247.13999938964844,28201000,0.0,0.0
2025-09-25 00:00:00-04:00,244.39999389648438,246.49000549316406,240.74000549316406,245.7899932861328,31020400,0.0,0.0
2025-09-26 00:00:00-04:00,247.07000732421875,249.4199981689453,245.97000122070312,246.5399932861328,18503200,0.0,0.0
2025-09-29 00:00:00-04:00,247.85000610351562,251.14999389648438,242.77000427246094,244.0500030517578,32505800,0.0,0.0
2025-09-30 00:00:00-04:00,242.80999755859375,243.2899932861328,239.25,243.10000610351562,34724300,0.0,0.0
2025-10-01 00:00:00-04:00,240.75,246.3000030517578,238.61000061035156,244.89999389648438,31658200,0.0,0.0
2025-10-02 00:00:00-04:00,245.14999389648438,246.80999755859375,242.3000030517578,245.69000244140625,25483300,0.0,0.0
2025-10-03 00:00:00-04:00,244.49000549316406,246.3000030517578,241.66000366210938,245.35000610351562,30249600,0.0,0.0
2025-10-06 00:00:00-04:00,244.77999877929688,251.32000732421875,244.5800018310547,250.42999267578125,28894700,0.0,0.0
2025-10-07 00:00:00-04:00,248.27000427246094,250.44000244140625,245.52000427246094,245.75999450683594,23181300,0.0,0.0
2025-10-08 00:00:00-04:00,244.9600067138672,246.00999450683594,243.82000732421875,244.6199951171875,21307100,0.0,0.0
2025-10-09 00:00:00-04:00,244.47000122070312,244.75999450683594,239.14999389648438,241.52999877929688,27892100,0.0,0.0
2025-10-10 00:00:00-04:00,241.42999267578125,244.08999633789062,235.83999633789062,236.57000732421875,33180300,0.0,0.0
2025-10-13 00:00:00-04:00,240.2100067138672,244.5,239.7100067138672,244.14999389648438,24995000,0.0,0.0
2025-10-14 00:00:00-04:00,241.22999572753906,247.1199951171875,240.50999450683594,245.4499969482422,22111600,0.0,0.0
2025-10-15 00:00:00-04:00,247.25,252.11000061035156,245.99000549316406,251.02999877929688,27007700,0.0,0.0
2025-10-16 00:00:00-04:00,251.77000427246094,256.9599914550781,250.10000610351562,251.4600067138672,27997200,0.0,0.0
2025-10-17 00:00:00-04:00,250.75999450683594,254.22000122070312,247.80999755859375,253.3000030517578,29671600,0.0,0.0
2025-10-20 00:00:00-04:00,254.69000244140625,257.3299865722656,254.22999572753906,256.54998779296875,22350200,0.0,0.0
2025-10-21 00:00:00-04:00,254.74000549316406,254.8800048828125,244.14999389648438,250.4600067138672,47312100,0.0,0.0
2025-10-22 00:00:00-04:00,254.3699951171875,256.3599853515625,249.2899932861328,251.69000244140625,35029400,0.0,0.0
2025-10-23 00:00:00-04:00,252.97999572753906,255.0399932861328,251.85000610351562,253.0800018310547,19901400,0.0,0.0
2025-10-24 00:00:00-04:00,256.5799865722656,261.67999267578125,255.32000732421875,259.9200134277344,28655100,0.0,0.0
2025-10-27 00:00:00-04:00,264.82000732421875,270.1400146484375,264.2799987792969,269.2699890136719,35235200,0.0,0.0
2025-10-28 00:00:00-04:00,269.69000244140625,270.7300109863281,266.5,267.4700012207031,29738600,0.0,0.0
2025-10-29 00:00:00-04:00,267.75,275.3399963378906,267.6700134277344,274.57000732421875,43580300,0.0,0.0
2025-10-30 00:00:00-04:00,291.5899963378906,291.5899963378906,280.05999755859375,281.4800109863281,74876000,0.0,0.0
2025-10-31 00:00:00-04:00,283.2099914550781,286.0,277.0299987792969,281.19000244140625,39267900,0.0,0.0
2025-11-03 00:00:00-05:00,282.17999267578125,285.5299987792969,279.79998779296875,283.7200012207031,29786000,0.0,0.0
2025-11-04 00:00:00-05:00,276.75,281.2699890136719,276.260009765625,277.5400085449219,30078400,0.0,0.0
2025-11-05 00:00:00-05:00,278.8699951171875,286.4200134277344,277.3399963378906,284.30999755859375,31010300,0.0,0.0
2025-11-06 00:00:00-05:00,285.3299865722656,288.3500061035156,281.1400146484375,284.75,37173600,0.0,0.0
2025-11-07 00:00:00-05:00,283.2099914550781,283.7799987792969,275.19000244140625,278.8299865722656,34479600,0.0,0.0
2025-11-10 00:00:00-05:00,284.4200134277344,290.79998779296875,282.8599853515625,290.1000061035156,29557300,0.0,0.0
2025-11-11 00:00:00-05:00,287.75,291.9200134277344,287.32000732421875,291.30999755859375,19842100,0.0,0.0
2025-11-12 00:00:00-05:00,291.67999267578125,292.010009765625,283.69000244140625,286.7099914550781,24829900,0.0,0.0
2025-11-13 00:00:00-05:00,282.3399963378906,282.8399963378906,277.239990234375,278.57000732421875,29494000,0.0,0.0
2025-11-14 00:00:00-05:00,271.4100036621094,278.55999755859375,270.70001220703125,276.4100036621094,31647200,0.0,0.0
2025-11-17 00:00:00-05:00,285.7799987792969,293.95001220703125,283.57000732421875,285.0199890136719,52670200,0.0,0.0
2025-11-18 00:00:00-05:00,287.9200134277344,288.79998779296875,278.20001220703125,284.2799987792969,49158700,0.0,0.0
2025-11-19 00:00:00-05:00,287.1600036621094,303.80999755859375,286.6300048828125,292.80999755859375,68198900,0.0,0.0
2025-11-20 00:00:00-05:00,304.5400085449219,306.4200134277344,288.6700134277344,289.45001220703125,62025200,0.0,0.0
2025-11-21 00:00:00-05:00,296.4200134277344,303.9200134277344,293.8500061035156,299.6600036621094,74137700,0.0,0.0
2025-11-24 00:00:00-05:00,311.1300048828125,319.4800109863281,309.6000061035156,318.5799865722656,85165100,0.0,0.0
2025-11-25 00:00:00-05:00,326.2099914550781,328.8299865722656,317.6499938964844,323.44000244140625,88632100,0.0,0.0
2025-11-26 00:00:00-05:00,320.67999267578125,324.5,316.7900085449219,319.95001220703125,51373400,0.0,0.0
2025-11-28 00:00:00-05:00,323.3699951171875,326.8500061035156,316.7900085449219,320.17999267578125,26018600,0.0,0.0
2025-12-01 00:00:00-05:00,317.70001220703125,319.8500061035156,313.8900146484375,314.8900146484375,41183000,0.0,0.0
2025-12-02 00:00:00-05:00,316.739990234375,318.3800048828125,313.9100036621094,315.80999755859375,35854700,0.0,0.0
