Date,Open,High,Low,Close,Volume,Dividends,Stock Splits
2020-01-02 00:00:00-05:00,150.75867946961716,152.61016559599886,150.33141566936578,152.50572204589844,22622100,0.0,0.0
2020-01-03 00:00:00-05:00,150.32190239946755,151.86954723170166,150.07502796286428,150.6067352294922,21116200,0.0,0.0
2020-01-06 00:00:00-05:00,149.14454679865977,151.0625033700607,148.60333542196298,150.99603271484375,20813700,0.0,0.0
2020-01-07 00:00:00-05:00,151.27138077488013,151.60369056590727,149.3724180103726,149.61927795410156,21634100,0.0,0.0
2020-01-08 00:00:00-05:00,150.9010700366723,152.67661008398238,149.97058233307885,152.00247192382812,27746500,0.0,0.0
2020-01-09 00:00:00-05:00,153.66410359141636,154.0249112471199,152.89502578883977,153.90147399902344,21385000,0.0,0.0
2020-01-10 00:00:00-05:00,154.59451241300243,154.9742990400356,153.03734957354553,153.18927001953125,20725900,0.0,0.0
2020-01-13 00:00:00-05:00,153.5880953510529,155.0597943161375,153.1133546841182,155.03131103515625,21626500,0.0,0.0
2020-01-14 00:00:00-05:00,155.13579469954706,155.33519220594115,153.55016220028816,153.939453125,23477400,0.0,0.0
2020-01-15 00:00:00-05:00,154.40466357354921,155.65798599963676,154.35720109299407,154.93637084960938,21417900,0.0,0.0
2020-01-16 00:00:00-05:00,156.0472507145809,157.84176971460525,155.7434097574871,157.77529907226562,23865400,0.0,0.0
2020-01-17 00:00:00-05:00,158.9621822424408,159.00965921241536,157.07270894577653,158.65835571289062,34371700,0.0,0.0
2020-01-21 00:00:00-05:00,158.25953798746136,159.69326403956893,158.02216765967506,158.08863830566406,29517200,0.0,0.0
2020-01-22 00:00:00-05:00,158.94317117317047,159.0286355049522,157.3100621026329,157.3290557861328,24138800,0.0,0.0
2020-01-23 00:00:00-05:00,157.7943375942632,158.3735219063668,156.92081632629257,158.2975616455078,19680800,0.0,0.0
2020-01-24 00:00:00-05:00,159.04758165168906,159.06657533124223,156.14217166115534,156.70236206054688,24918100,0.0,0.0
2020-01-27 00:00:00-05:00,153.0089446252311,155.12629889419816,152.10694005834853,154.0818634033203,32078100,0.0,0.0
2020-01-28 00:00:00-05:00,155.50604492516229,157.38601382767297,154.83192132073702,157.10118103027344,24899900,0.0,0.0
2020-01-29 00:00:00-05:00,159.36094890964196,160.22498042935823,157.3195697689756,159.55084228515625,34754500,0.0,0.0
2020-01-30 00:00:00-05:00,165.25719089738504,165.25719089738504,162.16187319144382,164.0513458251953,51597500,0.0,0.0
2020-01-31 00:00:00-05:00,163.51014040876393,163.6905296410646,161.0130005742657,161.63015747070312,36142700,0.0,0.0
2020-02-03 00:00:00-05:00,161.8200789361987,165.68447449319962,161.79159565835778,165.57054138183594,30107000,0.0,0.0
2020-02-04 00:00:00-05:00,168.1911186016925,171.51430318526613,167.40304737617856,171.02056884765625,36433300,0.0,0.0
2020-02-05 00:00:00-05:00,174.7330539466545,174.89446403969472,169.3969733266185,170.8116912841797,39186300,0.0,0.0
2020-02-06 00:00:00-05:00,171.82760240815628,174.53362944198756,170.96357109695458,174.3532257080078,27751400,0.0,0.0
2020-02-07 00:00:00-05:00,173.61267392584617,176.25223096972772,173.26135596790618,174.60012817382812,33529100,0.0,0.0
2020-02-10 00:00:00-05:00,174.30580444022337,179.30007159743232,173.99247382656716,179.16714477539062,35844300,0.0,0.0
2020-02-11 00:00:00-05:00,181.01863189628392,181.06610886617437,174.22984535212527,175.1223602294922,53159900,0.0,0.0
2020-02-12 00:00:00-05:00,176.20475203047337,176.46111605357248,172.6631906242822,175.3787078857422,47062900,0.0,0.0
2020-02-13 00:00:00-05:00,173.83103662761303,176.8218969013737,173.63163918165944,174.42921447753906,35295800,0.0,0.0
2020-02-14 00:00:00-05:00,173.99247235841844,176.04335572798814,173.42277770422567,175.98638916015625,23149500,0.0,0.0
2020-02-18 00:00:00-05:00,176.23320738570513,178.21761963094866,176.12876387343266,177.7713623046875,27792200,0.0,0.0
2020-02-19 00:00:00-05:00,179.0471979256966,179.16144226141978,177.53340236732572,178.30458068847656,29997500,0.51,0.0
2020-02-20 00:00:00-05:00,177.99036715778334,178.27599248114515,172.4207387260117,175.5816192626953,36862400,0.0,0.0
2020-02-21 00:00:00-05:00,174.3915250882964,174.70571148986244,168.75524447726494,170.03102111816406,48572600,0.0,0.0
2020-02-24 00:00:00-05:00,159.72957434916313,166.18463956657936,155.40714713360293,162.70004272460938,68311100,0.0,0.0
2020-02-25 00:00:00-05:00,165.8514056385486,166.46073285003268,159.61531360581694,160.01519775390625,68073300,0.0,0.0
2020-02-26 00:00:00-05:00,161.5765954218968,164.95644881112133,160.14848344532092,162.01454162597656,56206100,0.0,0.0
2020-02-27 00:00:00-05:00,155.49284470294847,159.02503365288237,150.40875483840358,150.5991668701172,93174900,0.0,0.0
2020-02-28 00:00:00-05:00,145.1056977436323,155.8641439606252,144.7153436590033,154.24560546875,97012700,0.0,0.0
2020-03-02 00:00:00-05:00,157.38747246115315,164.63276179137975,154.53124824993384,164.5089874267578,71030800,0.0,0.0
2020-03-03 00:00:00-05:00,165.4705910993296,166.61307787065545,154.48364057176903,156.6258087158203,71677000,0.0,0.0
2020-03-04 00:00:00-05:00,160.41507121846044,162.51914816724377,157.6826069544084,162.3763427734375,49814400,0.0,0.0
2020-03-05 00:00:00-05:00,158.09197981753212,162.6809715328232,157.7492324030183,158.3014373779297,47817300,0.0,0.0
2020-03-06 00:00:00-05:00,154.81690323310937,155.29294069283512,148.52368743443452,153.82675170898438,72821100,0.0,0.0
2020-03-09 00:00:00-04:00,143.76328229915575,150.1897866403432,142.8112075819428,143.4014892578125,70419300,0.0,0.0
2020-03-10 00:00:00-04:00,150.5801493440142,153.31259928936166,145.26757037585006,153.20787048339844,65354400,0.0,0.0
2020-03-11 00:00:00-04:00,149.59948831217446,150.14216328627552,143.90607167718443,146.26722717285156,56371600,0.0,0.0
2020-03-12 00:00:00-04:00,138.33645927607344,146.1149079701268,131.93851601607352,132.3955078125,93226400,0.0,0.0
2020-03-13 00:00:00-04:00,140.43099593883534,154.15039367274912,133.98544717617867,151.21800231933594,92727400,0.0,0.0
2020-03-16 00:00:00-04:00,133.29046629899992,142.19237110925772,128.53009250260706,128.92996215820312,87905900,0.0,0.0
2020-03-17 00:00:00-04:00,133.29044104633834,140.43100038810647,128.53006815182624,139.5455780029297,81059800,0.0,0.0
2020-03-18 00:00:00-04:00,131.38630647518264,139.0029039520048,128.54912798276825,133.67127990722656,81593200,0.0,0.0
2020-03-19 00:00:00-04:00,135.9276971037771,142.9539978968266,132.33837173085726,135.87057495117188,85922700,0.0,0.0
2020-03-20 00:00:00-04:00,139.00291200117317,140.05020002588367,129.34887472137007,130.76747131347656,84866200,0.0,0.0
2020-03-23 00:00:00-04:00,130.4437399557186,133.8331378449838,126.1689341603844,129.46310424804688,78975200,0.0,0.0
2020-03-24 00:00:00-04:00,136.86075403148243,142.43039748481058,134.49961256876347,141.23077392578125,82516700,0.0,0.0
2020-03-25 00:00:00-04:00,141.77344860070977,146.9336917873563,137.5176734833681,139.87881469726562,75638200,0.0,0.0
2020-03-26 00:00:00-04:00,141.28789935793438,149.15204677343388,141.25933827515485,148.62840270996094,64568100,0.0,0.0
2020-03-27 00:00:00-04:00,144.47731422169113,147.46682775364604,142.0495211925308,142.5255584716797,57042300,0.0,0.0
2020-03-30 00:00:00-04:00,145.13427789282522,152.90321137574261,142.82072868520657,152.55093383789062,63420300,0.0,0.0
2020-03-31 00:00:00-04:00,151.760681450788,156.88284731331882,149.05679314426825,150.1516876220703,77927200,0.0,0.0
2020-04-01 00:00:00-04:00,145.66741417445297,150.18976853607813,143.5918985143203,144.820068359375,57969900,0.0,0.0
2020-04-02 00:00:00-04:00,144.58204408545626,148.0285493634673,143.15393223732946,147.819091796875,49630700,0.0,0.0
2020-04-03 00:00:00-04:00,147.6667804454456,149.83750943261026,144.89623979452293,146.4576416015625,41243300,0.0,0.0
2020-04-06 00:00:00-04:00,152.63661391051838,158.52042823766854,150.02792415586416,157.34938049316406,67111700,0.0,0.0
2020-04-07 00:00:00-04:00,161.46234039547727,161.8526944982216,155.4357059688015,155.65469360351562,62769000,0.0,0.0
2020-04-08 00:00:00-04:00,157.73020890061215,158.68228357100458,155.66420860916136,157.21609497070312,48318200,0.0,0.0
2020-04-09 00:00:00-04:00,158.38713338772783,159.34872351809685,155.5023484691151,157.22560119628906,51385100,0.0,0.0
2020-04-13 00:00:00-04:00,156.47347007896627,157.63500228106278,154.52171419659058,157.57786560058594,41905300,0.0,0.0
2020-04-14 00:00:00-04:00,160.90061819618973,165.42297284963294,159.94854353230696,165.3753662109375,52874300,0.0,0.0
2020-04-15 00:00:00-04:00,162.99520547266337,165.2516326636138,161.12914697009398,163.6426239013672,40940800,0.0,0.0
2020-04-16 00:00:00-04:00,165.94660745850538,168.78378572911677,164.613694287761,168.55528259277344,50479600,0.0,0.0
2020-04-17 00:00:00-04:00,170.89745000525429,171.37348747045,167.44141335913017,170.04058837890625,52765600,0.0,0.0
2020-04-20 00:00:00-04:00,168.1649915934995,170.18338570098211,166.60358936313355,166.67022705078125,36669600,0.0,0.0
2020-04-21 00:00:00-04:00,165.18495298161926,165.34680393000076,158.14912184782517,159.7771759033203,56203700,0.0,0.0
2020-04-22 00:00:00-04:00,163.17610127236938,165.66101711012155,162.6334261844166,165.2040252685547,34620200,0.0,0.0
2020-04-23 00:00:00-04:00,165.76574976299443,166.6702179488877,162.71911320274435,163.2046661376953,32790800,0.0,0.0
2020-04-24 00:00:00-04:00,163.81394522260578,166.194131604493,162.52865329288954,166.1846160888672,34277600,0.0,0.0
2020-04-27 00:00:00-04:00,168.1268971917015,168.42203807592034,164.99457727296354,165.70863342285156,33194400,0.0,0.0
2020-04-28 00:00:00-04:00,167.1747734031397,167.25094111347252,161.27191386364734,161.67178344726562,34392700,0.0,0.0
2020-04-29 00:00:00-04:00,164.91836401953887,169.1646086167517,163.642587537148,168.9265899658203,51286600,0.0,0.0
2020-04-30 00:00:00-04:00,171.3734399674679,171.75426402305968,167.78411440711412,170.62130737304688,53875900,0.0,0.0
2020-05-01 00:00:00-04:00,167.37476813675693,170.07865733079598,165.67054595263724,166.20372009277344,39370500,0.0,0.0
2020-05-04 00:00:00-04:00,166.12748190444768,170.4213325963883,165.4705481862398,170.2689971923828,30372900,0.0,0.0
2020-05-05 00:00:00-04:00,171.96377124654674,174.84855715644704,171.27827612661886,172.09706115722656,36839200,0.0,0.0
2020-05-06 00:00:00-04:00,173.35378650241677,175.37218048986895,172.92535573512856,173.79173278808594,32139300,0.0,0.0
2020-05-07 00:00:00-04:00,175.34363951559865,175.70543264069235,173.82984385140765,174.80096435546875,28316000,0.0,0.0
2020-05-08 00:00:00-04:00,176.11478793585908,176.1338334990748,174.5724314480752,175.82916259765625,30877800,0.0,0.0
2020-05-11 00:00:00-04:00,174.37246159084364,178.52350753297063,174.08685082562172,177.79042053222656,30892700,0.0,0.0
2020-05-12 00:00:00-04:00,177.8475774050722,178.0760660618558,173.56324076027528,173.76316833496094,32038200,0.0,0.0
2020-05-13 00:00:00-04:00,173.80126472459057,175.2293769827589,168.0792856459235,171.1354522705078,44711500,0.0,0.0
2020-05-14 00:00:00-04:00,169.03134305352413,172.03038720290988,167.26048345491301,171.8780517578125,41873900,0.0,0.0
2020-05-15 00:00:00-04:00,170.4784619080021,178.0950580984367,168.5171907133659,174.38197326660156,46610400,0.0,0.0
2020-05-18 00:00:00-04:00,176.8478807645849,177.27631148677688,175.14367339319634,176.0481414794922,35264500,0.0,0.0
2020-05-19 00:00:00-04:00,176.16235106029959,177.65711506203405,174.69616266008333,174.82945251464844,26799100,0.0,0.0
2020-05-20 00:00:00-04:00,176.4429932900514,177.4359169583452,175.61238593843544,177.2545166015625,31261300,0.51,0.0
2020-05-21 00:00:00-04:00,177.0062391047125,178.218745508789,174.9917661551853,175.12542724609375,29119500,0.0,0.0
2020-05-22 00:00:00-04:00,174.89626221622237,176.1087683426039,174.2756815614456,175.20176696777344,20826900,0.0,0.0
2020-05-26 00:00:00-04:00,177.90367329268187,178.05643297814373,172.90091742151233,173.34963989257812,36073600,0.0,0.0
2020-05-27 00:00:00-04:00,172.04168637143127,173.75065470607606,168.60468023193414,173.57879638671875,39517100,0.0,0.0
2020-05-28 00:00:00-04:00,172.5572695235082,175.81287575400617,172.21356740742405,173.1873779296875,33810200,0.0,0.0
2020-05-29 00:00:00-04:00,174.4570906108949,175.92737691607047,172.24213370486666,174.95355224609375,42130400,0.0,0.0
2020-06-01 00:00:00-04:00,174.27573351783732,174.7149140285798,173.2446419269881,174.5526123046875,22622400,0.0,0.0
2020-06-02 00:00:00-04:00,175.90834446804334,176.62438928948723,173.13964365231473,176.53846740722656,30794600,0.0,0.0
2020-06-03 00:00:00-04:00,176.45251757462225,177.52180634351802,175.26865174622563,176.9680633544922,27311000,0.0,0.0
2020-06-04 00:00:00-04:00,175.95606151294973,177.42633361765618,174.04660889657038,174.63853454589844,28761800,0.0,0.0
2020-06-05 00:00:00-04:00,174.35212860910278,179.2307810427363,173.76974492872102,178.7247772216797,39893600,0.0,0.0
2020-06-08 00:00:00-04:00,177.52179393272417,180.0136299251493,176.08970461680087,179.8322296142578,33211600,0.0,0.0
2020-06-09 00:00:00-04:00,179.4885514465179,182.06630964412432,178.78204871231318,181.20706176757812,29783900,0.0,0.0
2020-06-10 00:00:00-04:00,182.4768502186777,189.53227729601076,182.36227315153855,187.92832946777344,43872300,0.0,0.0
2020-06-11 00:00:00-04:00,184.38625950932416,186.89717928906663,177.6458954588808,177.8368377685547,52854700,0.0,0.0
2020-06-12 00:00:00-04:00,181.9135944488241,183.04017937807552,176.79625944497164,179.24037170410156,43373600,0.0,0.0
2020-06-15 00:00:00-04:00,176.2233791495134,182.1808764027824,175.67917817531608,180.385986328125,32770200,0.0,0.0
2020-06-16 00:00:00-04:00,184.15715975098976,186.72537588920386,182.79190810253792,184.80638122558594,42556700,0.0,0.0
2020-06-17 00:00:00-04:00,186.20030294353958,187.43190825230045,184.92097296548414,185.44607543945312,25687800,0.0,0.0
2020-06-18 00:00:00-04:00,185.2169126322436,187.59418649761048,185.2169126322436,187.431884765625,23061600,0.0,0.0
2020-06-19 00:00:00-04:00,189.5990643945507,190.26736979216975,185.57011883866363,186.31480407714844,44441100,0.0,0.0
2020-06-22 00:00:00-04:00,186.92589586020398,191.67088775184033,186.39125134869064,191.489501953125,32818900,0.0,0.0
2020-06-23 00:00:00-04:00,192.94065784911194,194.7164495650015,192.31053491844844,192.76881408691406,30917400,0.0,0.0
2020-06-24 00:00:00-04:00,192.47285257091232,194.04814534058553,187.6610232442565,188.88307189941406,36740600,0.0,0.0
2020-06-25 00:00:00-04:00,188.84486850692002,191.52764712810412,186.62035443908522,191.26986694335938,27803900,0.0,0.0
2020-06-26 00:00:00-04:00,190.68750071610512,190.84026043715716,186.0570863944701,187.44143676757812,54675800,0.0,0.0
2020-06-29 00:00:00-04:00,186.91632647376247,189.5418239761008,184.7872907599883,189.45590209960938,26701600,0.0,0.0
2020-06-30 00:00:00-04:00,188.92127153941016,195.14607740403173,188.78761042128565,194.29637145996094,34310300,0.0,0.0
2020-07-01 00:00:00-04:00,193.9430939489472,197.00777168624572,192.6351236205007,195.43246459960938,32061200,0.0,0.0
2020-07-02 00:00:00-04:00,196.36808625569842,198.6021567312865,195.7188794044441,196.9218292236328,29315800,0.0,0.0
2020-07-06 00:00:00-04:00,199.37546387836824,201.57133693944718,198.66896128210104,201.16079711914062,31897600,0.0,0.0
2020-07-07 00:00:00-04:00,200.92214171818512,204.95108776528608,198.57352323906824,198.82174682617188,33600700,0.0,0.0
2020-07-08 00:00:00-04:00,200.55935767068064,203.60492228255777,199.24183073570933,203.19439697265625,33600000,0.0,0.0
2020-07-09 00:00:00-04:00,206.5359071342689,206.5836463547509,201.8959375219358,204.61691284179688,33121700,0.0,0.0
2020-07-10 00:00:00-04:00,203.94864443444519,204.3878249787219,201.52364584152227,203.9963836669922,26177600,0.0,0.0
2020-07-13 00:00:00-04:00,204.76966993541564,206.02991550365954,197.15095898910434,197.69515991210938,38135600,0.0,0.0
2020-07-14 00:00:00-04:00,196.79772761766117,199.3945841968669,192.88334414472072,198.91722106933594,37591800,0.0,0.0
2020-07-15 00:00:00-04:00,200.07244971421295,201.76231941702616,195.7475405543772,198.6212615966797,32179400,0.0,0.0
2020-07-16 00:00:00-04:00,196.100780795123,196.38720160543846,193.1506799551989,194.6877899169922,29940700,0.0,0.0
2020-07-17 00:00:00-04:00,195.21286588719,195.75705224196673,192.27230746400602,193.69485473632812,31635300,0.0,0.0
2020-07-20 00:00:00-04:00,195.71892583031678,202.68843195640494,193.8190149155924,202.02012634277344,36884800,0.0,0.0
2020-07-21 00:00:00-04:00,203.9867965045335,204.25411866607513,198.61168351817406,199.29908752441406,37990400,0.0,0.0
2020-07-22 00:00:00-04:00,199.728789740396,202.68844784878596,198.95546357198964,202.16334533691406,49605700,0.0,0.0
2020-07-23 00:00:00-04:00,197.80975607251406,201.3708813021191,192.9979270791903,193.37026977539062,67457000,0.0,0.0
2020-07-24 00:00:00-04:00,191.34622239443172,193.675756642819,188.56796566862724,192.18638610839844,39827000,0.0,0.0
2020-07-27 00:00:00-04:00,192.34873339252303,194.73554944735855,191.7663496924244,194.62098693847656,30160900,0.0,0.0
2020-07-28 00:00:00-04:00,194.39179036643006,195.43243836495787,192.60645714253693,192.873779296875,23251400,0.0,0.0
2020-07-29 00:00:00-04:00,193.33211641635154,195.3847725659296,192.8642951864797,194.8214874267578,19632600,0.0,0.0
2020-07-30 00:00:00-04:00,191.89995539853578,195.2033142745047,190.53470400200516,194.6686553955078,25079600,0.0,0.0
2020-07-31 00:00:00-04:00,195.14602526126697,195.81434524128466,190.0000517365161,195.72840881347656,51044000,0.0,0.0
2020-08-03 00:00:00-04:00,201.9437341110618,207.78665507240189,200.91262784118373,206.7364501953125,78983000,0.0,0.0
2020-08-04 00:00:00-04:00,204.47376992715482,205.04661164641544,200.78852510543567,203.63360595703125,49280100,0.0,0.0
2020-08-05 00:00:00-04:00,205.17069403055774,205.26617249611542,201.99146799263949,203.2994384765625,28806400,0.0,0.0
2020-08-06 00:00:00-04:00,202.726576709763,206.57412248899215,201.9723493513592,206.55503845214844,32656800,0.0,0.0
2020-08-07 00:00:00-04:00,205.12295603956986,205.93446467221509,201.38041603878312,202.86024475097656,27820400,0.0,0.0
2020-08-10 00:00:00-04:00,202.08690893945885,202.2874078671722,197.00777273033472,198.82174682617188,36716500,0.0,0.0
2020-08-11 00:00:00-04:00,197.7811365750378,198.24894321605052,193.94313213408086,194.17227172851562,36446500,0.0,0.0
2020-08-12 00:00:00-04:00,195.99578122705358,200.75987132859507,195.48023536785797,199.71922302246094,28013100,0.0,0.0
2020-08-13 00:00:00-04:00,199.9578913011391,201.78142214625402,198.72628613786478,199.2513885498047,22588900,0.0,0.0
2020-08-14 00:00:00-04:00,199.3086606756937,200.10108526689314,198.11525277954402,199.44232177734375,17958900,0.0,0.0
2020-08-17 00:00:00-04:00,200.110650247621,201.62866165888732,199.46142874953955,200.75985717773438,20184800,0.0,0.0
2020-08-18 00:00:00-04:00,200.99855630508833,202.74570743894296,199.73832497927296,201.91510009765625,21336200,0.0,0.0
2020-08-19 00:00:00-04:00,202.40313204866106,202.98692339047338,200.25937056657406,200.69003295898438,27627600,0.51,0.0
2020-08-20 00:00:00-04:00,200.53693686471104,205.7623499445164,199.9340152578286,205.3603973388672,26981500,0.0,0.0
2020-08-21 00:00:00-04:00,204.67133687280338,206.95864805211912,203.70473757719722,203.867431640625,36249300,0.0,0.0
2020-08-24 00:00:00-04:00,205.56139598647127,206.26004155714813,203.30279439814433,204.5086669921875,25460100,0.0,0.0
2020-08-25 00:00:00-04:00,203.9439889498141,207.303173653771,203.9439889498141,207.169189453125,23043700,0.0,0.0
2020-08-26 00:00:00-04:00,208.5186105709494,212.5477162669981,208.0209487114188,211.64810180664062,39600800,0.0,0.0
2020-08-27 00:00:00-04:00,213.31334445111278,221.21844139680744,209.97328995814232,216.8448028564453,57602200,0.0,0.0
2020-08-28 00:00:00-04:00,218.3760311153811,220.730341396453,216.84478533701528,219.07467651367188,26292900,0.0,0.0
2020-08-31 00:00:00-04:00,217.24676147372583,218.8737166786634,214.67233716204333,215.8399200439453,28774200,0.0,0.0
2020-09-01 00:00:00-04:00,215.82078314493916,217.67743188072146,214.78718442801343,217.5051727294922,25725500,0.0,0.0
2020-09-02 00:00:00-04:00,218.17509671666673,222.85499356304223,217.58174016127816,221.6969757080078,34080800,0.0,0.0
2020-09-03 00:00:00-04:00,219.419199667732,219.45747460414677,205.7240448151921,207.9635009765625,58400300,0.0,0.0
2020-09-04 00:00:00-04:00,205.8580711279521,208.97799749718706,196.37385829268598,205.04458618164062,59664100,0.0,0.0
2020-09-08 00:00:00-04:00,197.62756836074408,201.00589802209439,193.51231825390303,193.9525604248047,52924300,0.0,0.0
2020-09-09 00:00:00-04:00,198.68027236059635,205.6091894577203,197.81893296348866,202.2117156982422,45679000,0.0,0.0
2020-09-10 00:00:00-04:00,204.23109563870372,205.51353258521655,195.34025420679887,196.54611206054688,35461500,0.0,0.0
2020-09-11 00:00:00-04:00,198.29749929866702,199.66606590860468,192.5935831848138,195.26370239257812,33620100,0.0,0.0
2020-09-14 00:00:00-04:00,195.4646832848915,200.211565055295,195.26369966410363,196.58441162109375,30375800,0.0,0.0
2020-09-15 00:00:00-04:00,199.46511362841568,200.7666810339513,198.03912707428464,199.8096466064453,21823900,0.0,0.0
2020-09-16 00:00:00-04:00,201.57050978666584,201.5992196403171,195.84745017567562,196.23983764648438,26328100,0.0,0.0
2020-09-17 00:00:00-04:00,191.45465463658232,195.5507589886691,191.36852508133833,194.1917724609375,34011300,0.0,0.0
2020-09-18 00:00:00-04:00,194.0865463499344,194.90001669016874,187.817969171596,191.78009033203125,55225300,0.0,0.0
2020-09-21 00:00:00-04:00,188.71758312450748,194.00041619027272,187.94238773071473,193.83770751953125,39839700,0.0,0.0
2020-09-22 00:00:00-04:00,196.2494098087427,199.15880164458324,193.39745228545732,198.5080108642578,33517100,0.0,0.0
2020-09-23 00:00:00-04:00,198.9673671640514,199.15878565083352,191.43551409030673,191.97145080566406,30803800,0.0,0.0
2020-09-24 00:00:00-04:00,191.26333219191645,196.73757017140812,190.6412510650915,194.45982360839844,31202500,0.0,0.0
2020-09-25 00:00:00-04:00,194.80432871596318,200.05843751591576,193.83771475654646,198.890869140625,29437300,0.0,0.0
2020-09-28 00:00:00-04:00,201.8193853049063,203.43677550782257,199.12054173723172,200.44125366210938,32004900,0.0,0.0
2020-09-29 00:00:00-04:00,200.355116762719,201.04418255893373,197.92424170296624,198.3549041748047,24221900,0.0,0.0
2020-09-30 00:00:00-04:00,198.80474978814112,202.8721459465072,197.66587652728887,201.2930450439453,33829100,0.0,0.0
2020-10-01 00:00:00-04:00,204.3172412725984,204.7957583835063,202.24047876364014,203.3314971923828,27158400,0.0,0.0
2020-10-02 00:00:00-04:00,199.06313182368098,201.92466960079273,196.70882105074978,197.33090209960938,33154800,0.0,0.0
2020-10-05 00:00:00-04:00,198.3166494452693,201.36959120849284,198.08695595539203,201.34088134765625,21331600,0.0,0.0
2020-10-06 00:00:00-04:00,199.84790043706676,201.14945300675393,196.01976341135008,197.06292724609375,28554300,0.0,0.0
2020-10-07 00:00:00-04:00,198.16347981904158,201.0824367654406,197.83809172749062,200.81446838378906,25681100,0.0,0.0
2020-10-08 00:00:00-04:00,201.4652424249977,202.11603320436225,199.36935002004455,201.53224182128906,19925800,0.0,0.0
2020-10-09 00:00:00-04:00,202.1543334169171,206.5854065113337,202.1543334169171,206.5375518798828,26458000,0.0,0.0
2020-10-12 00:00:00-04:00,209.38951492760037,214.24168553354386,207.494591221442,211.8873748779297,40461400,0.0,0.0
2020-10-13 00:00:00-04:00,213.15066849960917,215.53368902999108,210.95905189784642,213.28465270996094,28950800,0.0,0.0
2020-10-14 00:00:00-04:00,213.41859675102341,214.58617947997857,209.7148795880482,211.37054443359375,23421700,0.0,0.0
2020-10-15 00:00:00-04:00,207.77214729829,210.89207378296717,206.7289688383401,210.22215270996094,22733100,0.0,0.0
2020-10-16 00:00:00-04:00,210.69109015947322,212.7391429273404,209.8967645606699,210.22215270996094,26057900,0.0,0.0
2020-10-19 00:00:00-04:00,210.94949400810776,212.74872312550434,204.5373672599519,205.01588439941406,27625800,0.0,0.0
2020-10-20 00:00:00-04:00,206.5279815053005,208.03051759272938,203.93441242019458,205.42738342285156,22753500,0.0,0.0
2020-10-21 00:00:00-04:00,203.96312828594395,207.599861242448,203.96312828594395,205.57095336914062,22724900,0.0,0.0
2020-10-22 00:00:00-04:00,204.7383299287346,206.77681755261816,202.60414764183804,205.65708923339844,22351500,0.0,0.0
2020-10-23 00:00:00-04:00,205.791045619415,206.98733826920613,204.00139648834562,206.93948364257812,18879600,0.0,0.0
2020-10-26 00:00:00-04:00,204.66177992026053,207.0447858534218,199.15883299038362,201.0537567138672,37111600,0.0,0.0
2020-10-27 00:00:00-04:00,202.49884428314488,205.44651110092087,201.29298655899265,204.0875244140625,36700300,0.0,0.0
2020-10-28 00:00:00-04:00,198.74726984609313,199.86699799100134,193.41659750136685,193.97166442871094,51195600,0.0,0.0
2020-10-29 00:00:00-04:00,195.30194494131683,198.45058052991052,194.6320094260078,195.92401123046875,31432600,0.0,0.0
2020-10-30 00:00:00-04:00,194.75648085917675,195.5125315339168,191.04318308672964,193.77073669433594,36953700,0.0,0.0
2020-11-02 00:00:00-05:00,195.51248207470135,196.45995105310107,191.5216517890713,193.63670349121094,30842200,0.0,0.0
2020-11-03 00:00:00-05:00,195.12970170057392,199.1779522620544,194.39278128052757,197.56056213378906,27512000,0.0,0.0
2020-11-04 00:00:00-05:00,204.82448475167834,208.93973515783054,203.29322403207328,207.0926513671875,42311800,0.0,0.0
2020-11-05 00:00:00-05:00,212.49985903019407,214.49049184070802,211.6480992096399,213.69615173339844,36080100,0.0,0.0
2020-11-06 00:00:00-05:00,212.71040498956907,214.72018254648174,208.66215462267135,214.10768127441406,25231900,0.0,0.0
2020-11-09 00:00:00-05:00,214.79674276458664,218.31862135822865,208.5186011997939,209.00668334960938,44395000,0.0,0.0
2020-11-10 00:00:00-05:00,205.28382581333628,207.19789411928815,200.70920373036594,201.9437713623047,44045100,0.0,0.0
2020-11-11 00:00:00-05:00,203.2644922966665,208.6717296625899,203.08265346292407,207.24575805664062,29440800,0.0,0.0
2020-11-12 00:00:00-05:00,207.87741109338322,209.69577028534576,205.2455669663313,206.18345642089844,21593900,0.0,0.0
2020-11-13 00:00:00-05:00,207.0639397113466,208.0783937229368,204.95846719253126,207.20748901367188,18621100,0.0,0.0
2020-11-16 00:00:00-05:00,205.63794400285644,208.38464222221836,205.30299077827922,207.89654541015625,24953300,0.0,0.0
2020-11-17 00:00:00-05:00,206.81509518658177,208.327196362461,204.88188202560576,205.2455596923828,24154100,0.0,0.0
2020-11-18 00:00:00-05:00,205.00568264712743,206.46418731553092,202.3957330895279,202.5396728515625,28372800,0.56,0.0
2020-11-19 00:00:00-05:00,202.82752451855407,204.41075930786246,201.43618011662315,203.825439453125,24792700,0.0,0.0
2020-11-20 00:00:00-05:00,203.61435882766034,204.66025377891347,201.50337402803095,201.87759399414062,22843100,0.0,0.0
2020-11-23 00:00:00-05:00,202.41488123208356,203.70066081733808,199.73777211702892,201.60887145996094,25683500,0.0,0.0
2020-11-24 00:00:00-05:00,201.10991485161088,205.5813732039654,200.40945499583256,205.2071533203125,33979700,0.0,0.0
2020-11-25 00:00:00-05:00,206.4066162928991,206.5793264368259,203.86384156453596,205.21678161621094,21012900,0.0,0.0
2020-11-27 00:00:00-05:00,206.15715907606656,207.51970401479903,205.37991943676963,206.5217742919922,14512200,0.0,0.0
2020-11-30 00:00:00-05:00,205.43747642885162,206.07076156750256,202.30936731959918,205.40869140625,33064800,0.0,0.0
2020-12-01 00:00:00-05:00,205.83088300781273,208.5272022203273,204.71782793602847,207.4621124267578,30904500,0.0,0.0
2020-12-02 00:00:00-05:00,206.18593224564373,206.75205725581316,204.19008755622022,206.65609741210938,23724500,0.0,0.0
2020-12-03 00:00:00-05:00,205.9268176097469,207.62520699489636,205.00565304654657,205.57179260253906,25120900,0.0,0.0
2020-12-04 00:00:00-05:00,205.55260044936085,206.66567004098926,204.5546709391374,205.6869354248047,24666000,0.0,0.0
2020-12-07 00:00:00-05:00,205.696515907705,206.8191755730135,204.37236110938431,205.6197509765625,24620000,0.0,0.0
2020-12-08 00:00:00-05:00,205.31274773858016,208.1721724597082,204.2764429190657,207.27020263671875,23284100,0.0,0.0
2020-12-09 00:00:00-05:00,206.45461505637104,206.52177523800023,202.6644352574162,203.23056030273438,32440600,0.0,0.0
2020-12-10 00:00:00-05:00,203.2017287160043,204.45872339489904,201.8487742094355,202.00230407714844,26733300,0.0,0.0
2020-12-11 00:00:00-05:00,201.55130982077503,204.6890086289566,200.64934019188877,204.6314239501953,30979400,0.0,0.0
2020-12-14 00:00:00-05:00,204.47793178105667,207.46210106509508,204.2668318593756,205.53341674804688,28798400,0.0,0.0
2020-12-15 00:00:00-05:00,206.46419310374057,206.70407807244058,203.6527482984566,205.46627807617188,27000600,0.0,0.0
2020-12-16 00:00:00-05:00,206.06116863968117,211.20430246821877,206.0323836174708,210.4078826904297,35023300,0.0,0.0
2020-12-17 00:00:00-05:00,210.97398047070388,211.95271502401806,209.1028810609954,210.5421905517578,32515800,0.0,0.0
2020-12-18 00:00:00-05:00,209.74578857421875,210.80128814640273,207.2797790521737,209.74578857421875,63354900,0.0,0.0
2020-12-21 00:00:00-05:00,208.74787985959026,214.9369084468528,208.48880002213403,213.58395385742188,37181900,0.0,0.0
2020-12-22 00:00:00-05:00,213.67993915840347,216.50098876062142,212.87392916960312,214.87936401367188,22612200,0.0,0.0
2020-12-23 00:00:00-05:00,214.08288793068596,214.51467783690325,211.8663537228794,212.07745361328125,18699600,0.0,0.0
2020-12-24 00:00:00-05:00,212.46131328554506,214.56270791406772,212.25021334578557,213.7375030517578,10550600,0.0,0.0
2020-12-28 00:00:00-05:00,215.36871856280752,216.88479329797272,213.9965835914347,215.85809326171875,17933500,0.0,0.0
2020-12-29 00:00:00-05:00,217.1534351478008,217.98823003223873,214.53389577009193,215.08082580566406,17403200,0.0,0.0
2020-12-30 00:00:00-05:00,216.1171387725915,216.50096346628422,212.50927450036974,212.7107696533203,20272300,0.0,0.0
2020-12-31 00:00:00-05:00,212.72995237585465,213.97735693650276,210.7916780475065,213.4208221435547,20942100,0.0,0.0
2021-01-04 00:00:00-05:00,213.52641763249963,213.97740256707098,206.11876826469393,208.8822479248047,37130100,0.0,0.0
2021-01-05 00:00:00-05:00,208.46960485056292,209.678634329478,206.97272515420607,209.08370971679688,23823000,0.0,0.0
2021-01-06 00:00:00-05:00,203.5855885629835,207.7308081571184,203.36489847502523,203.662353515625,35930700,0.0,0.0
2021-01-07 00:00:00-05:00,205.3798725038288,210.46543588069164,205.06323728487098,209.45791625976562,27694500,0.0,0.0
2021-01-08 00:00:00-05:00,209.83219147172505,211.65532618098246,208.24895639393904,210.73416137695312,22956200,0.0,0.0
2021-01-11 00:00:00-05:00,209.63066780968265,210.0528676774654,207.961063234746,208.69032287597656,23031300,0.0,0.0
2021-01-12 00:00:00-05:00,207.7404020062401,208.31613184065364,204.6890719515348,206.23391723632812,23249300,0.0,0.0
2021-01-13 00:00:00-05:00,205.3606677504283,207.9897968641936,205.27429805960307,207.5867919921875,20087100,0.0,0.0
2021-01-14 00:00:00-05:00,207.17423821247684,208.66152780549393,204.13249885511956,204.4011688232422,29480800,0.0,0.0
2021-01-15 00:00:00-05:00,204.88093687983877,205.83087188668628,203.45121734402414,204.04612731933594,31746500,0.0,0.0
2021-01-19 00:00:00-05:00,205.10163584312352,208.20094535182324,204.0269559335494,207.68280029296875,30480900,0.0,0.0
2021-01-20 00:00:00-05:00,208.89180945322397,216.65448284404494,208.49839462519878,215.26315307617188,37777300,0.0,0.0
2021-01-21 00:00:00-05:00,215.60856544773637,217.14383480853698,213.42081612551442,215.86764526367188,30709400,0.0,0.0
2021-01-22 00:00:00-05:00,217.89226790023852,220.76129675652857,216.66405830590344,216.8079833984375,30172700,0.0,0.0
2021-01-25 00:00:00-05:00,219.84973400806652,220.48303373157987,215.14799527840105,220.24314880371094,33152100,0.0,0.0
2021-01-26 00:00:00-05:00,222.47890098214344,224.7050257283065,220.7709212912737,222.9298858642578,49169600,0.0,0.0
2021-01-27 00:00:00-05:00,228.37048091852017,230.71176046047944,220.82849722353762,223.47682189941406,69870600,0.0,0.0
2021-01-28 00:00:00-05:00,226.07716818506384,232.8227316681534,225.57820339979344,229.26283264160156,49111200,0.0,0.0
2021-01-29 00:00:00-05:00,226.4418038621358,228.38966849505235,221.98953975241002,222.57485961914062,42503100,0.0,0.0
2021-02-01 00:00:00-05:00,225.54940574495873,232.68838365200105,223.02581157927415,229.9536895751953,33314200,0.0,0.0
2021-02-02 00:00:00-05:00,231.53696622596047,232.5060961930559,229.03256665892405,229.8193817138672,25916300,0.0,0.0
2021-02-03 00:00:00-05:00,229.87695268863132,235.1736017454573,229.57948305731,233.1681671142578,27158100,0.0,0.0
2021-02-04 00:00:00-05:00,232.84194088146734,233.3984757451428,230.64458645062663,232.21823120117188,25296100,0.0,0.0
2021-02-05 00:00:00-05:00,232.4292977150345,233.43681732954676,230.69253319854138,232.4005126953125,18054800,0.0,0.0
2021-02-08 00:00:00-05:00,233.31207164136814,233.82062650984076,231.0667522626685,232.6595916748047,22211900,0.0,0.0
2021-02-09 00:00:00-05:00,232.08386345870682,234.85693261686325,231.6136983743784,233.90699768066406,23565000,0.0,0.0
2021-02-10 00:00:00-05:00,235.0872579374984,235.97003282257953,231.1435486574617,232.99546813964844,22186700,0.0,0.0
2021-02-11 00:00:00-05:00,234.8761605015727,235.23118555657192,232.3525660410124,234.597900390625,15751100,0.0,0.0
2021-02-12 00:00:00-05:00,234.06052752923827,235.37510696165688,232.90908274109216,235.07765197753906,16561100,0.0,0.0
2021-02-16 00:00:00-05:00,235.11601808481555,236.17151764085375,233.0913886756254,233.83982849121094,26728500,0.0,0.0
2021-02-17 00:00:00-05:00,232.0894541766409,234.96507650561446,231.72398457959287,234.85928344726562,21653500,0.56,0.0
2021-02-18 00:00:00-05:00,232.55109320398296,234.5996101987233,231.64704608816618,234.4649658203125,16925600,0.0,0.0
2021-02-19 00:00:00-05:00,234.42650126233121,234.53229432170122,230.993047615162,231.75283813476562,25262600,0.0,0.0
2021-02-22 00:00:00-05:00,228.33862759094472,228.82911468835837,223.51063965852657,225.53993225097656,36446900,0.0,0.0
2021-02-23 00:00:00-05:00,221.51986494409806,225.84773966438576,219.98105917349554,224.347412109375,30228700,0.0,0.0
2021-02-24 00:00:00-05:00,221.21203274988108,226.20351580478894,220.24067088187863,225.57838439941406,26339700,0.0,0.0
2021-02-25 00:00:00-05:00,223.20288228767947,225.61686886141217,219.16353629900811,220.2310791015625,39542200,0.0,0.0
2021-02-26 00:00:00-05:00,222.6739313555886,226.36704708770696,220.76004395905966,223.49142456054688,37819200,0.0,0.0
2021-03-01 00:00:00-05:00,226.87677089593706,228.38672511898815,224.23195895822414,227.8769989013672,25324000,0.0,0.0
2021-03-02 00:00:00-05:00,227.94431703214215,228.22323269493202,224.5204900588609,224.92442321777344,22812500,0.0,0.0
2021-03-03 00:00:00-05:00,223.2797975753155,224.64548028860872,218.56721558423757,218.85574340820312,34029500,0.0,0.0
2021-03-04 00:00:00-05:00,218.06716778420983,223.59722946005738,215.68201757357087,218.0575408935547,44727800,0.0,0.0
2021-03-05 00:00:00-05:00,220.74084563782202,224.34740783603104,217.7978932321057,222.7412872314453,41872800,0.0,0.0
2021-03-08 00:00:00-05:00,222.5200514391749,224.443551081611,218.44224158929848,218.69229125976562,35267400,0.0,0.0
2021-03-09 00:00:00-05:00,223.97229118428092,226.37666560982453,222.8085675052576,224.83786010742188,33080500,0.0,0.0
2021-03-10 00:00:00-05:00,227.9346612370885,227.9346612370885,223.16437663768343,223.52984619140625,29746800,0.0,0.0
2021-03-11 00:00:00-05:00,225.97271258487288,230.02167054315927,225.34756648415365,228.05970764160156,29907600,0.0,0.0
2021-03-12 00:00:00-05:00,225.05904836070448,226.7998276939092,224.30888474756043,226.7324981689453,22653700,0.0,0.0
2021-03-15 00:00:00-04:00,225.97273196365254,226.19393030127117,222.94321138913833,225.82846069335938,26034900,0.0,0.0
2021-03-16 00:00:00-04:00,227.24222868505888,230.87764154891525,226.91523729363269,228.61753845214844,28092200,0.0,0.0
2021-03-17 00:00:00-04:00,227.11720307886736,229.42541133970818,224.30889550204407,227.97315979003906,29562100,0.0,0.0
2021-03-18 00:00:00-04:00,223.66452881126907,225.23218566499116,221.51983088863727,221.89491271972656,34833000,0.0,0.0
2021-03-19 00:00:00-04:00,222.183433076479,223.57796728976257,220.5773127425442,221.5390625,46430700,0.0,0.0
2021-03-22 00:00:00-04:00,221.46212328057254,227.83851426603098,221.3370911146356,226.9633331298828,30127000,0.0,0.0
2021-03-23 00:00:00-04:00,228.4059692318967,231.82979623103833,228.0020360699332,228.49252319335938,31638400,0.0,0.0
2021-03-24 00:00:00-04:00,228.75221011891443,228.89646672788933,226.31898414661643,226.45362854003906,25620100,0.0,0.0
2021-03-25 00:00:00-04:00,226.29972771990109,227.8769967829049,222.71240512495487,223.45294189453125,34061900,0.0,0.0
2021-03-26 00:00:00-04:00,222.6931811050737,227.65581386207742,222.6931811050737,227.43460083007812,25479900,0.0,0.0
2021-03-29 00:00:00-04:00,227.54037302898925,227.74234693638846,223.0105398608901,226.2420196533203,25227500,0.0,0.0
2021-03-30 00:00:00-04:00,224.59742201837378,224.90518898802316,222.2603771275382,222.981689453125,24792000,0.0,0.0
2021-03-31 00:00:00-04:00,224.00114974202836,229.9543833600764,223.50103573631569,226.7517547607422,43623500,0.0,0.0
2021-04-01 00:00:00-04:00,229.34848407327533,233.55132615154153,228.94455090403778,233.080078125,30338000,0.0,0.0
2021-04-05 00:00:00-04:00,233.47437621864523,240.39898652034762,233.41667357865393,239.54302978515625,36910600,0.0,0.0
2021-04-06 00:00:00-04:00,238.13888077497685,239.86040654818333,237.43680749401827,238.3793182373047,22931900,0.0,0.0
2021-04-07 00:00:00-04:00,238.3311941792023,241.3318485895909,237.73491405281382,240.34124755859375,22719800,0.0,0.0
2021-04-08 00:00:00-04:00,243.10147460682458,244.41906699343323,242.3609232323544,243.5631103515625,23625200,0.0,0.0
2021-04-09 00:00:00-04:00,243.19765015784952,246.1983193023005,242.7841048169457,246.0636749267578,24326800,0.0,0.0
2021-04-12 00:00:00-04:00,244.9673020816501,247.8140879939687,244.88073344510863,246.12139892578125,27148700,0.0,0.0
2021-04-13 00:00:00-04:00,247.41978857557922,249.27595883783357,247.00621381251946,248.60272216796875,23837500,0.0,0.0
2021-04-14 00:00:00-04:00,247.6313042551945,248.92964277000883,245.4000380789304,245.81358337402344,23070900,0.0,0.0
2021-04-15 00:00:00-04:00,248.06409680754706,249.9875962364744,247.87176447481755,249.5740509033203,25627500,0.0,0.0
2021-04-16 00:00:00-04:00,249.54519003796193,251.0166658707798,247.74672283677018,250.7666015625,24878600,0.0,0.0
2021-04-19 00:00:00-04:00,250.23762725378188,251.47829243841383,247.95828542987147,248.84307861328125,23209300,0.0,0.0
2021-04-20 00:00:00-04:00,247.95832800540822,250.24729711029528,247.01580268272733,248.38150024414062,19722900,0.0,0.0
2021-04-21 00:00:00-04:00,249.03546247449313,250.70889751208153,247.41010318040776,250.6127166748047,24030400,0.0,0.0
2021-04-22 00:00:00-04:00,250.25690440342183,251.76685861637338,245.86171549830988,247.3332061767578,25606200,0.0,0.0
2021-04-23 00:00:00-04:00,248.01603848589244,251.5071948907045,247.4293558567117,251.16094970703125,21462600,0.0,0.0
2021-04-26 00:00:00-04:00,251.65140097864776,252.4015644840537,250.21840348313,251.54559326171875,19763300,0.0,0.0
2021-04-27 00:00:00-04:00,251.5745037037294,253.12293616808492,250.17035719184975,251.94960021972656,31014200,0.0,0.0
2021-04-28 00:00:00-04:00,246.2848623553483,246.72728837126857,243.2745956256258,244.82301330566406,46903100,0.0,0.0
2021-04-29 00:00:00-04:00,245.68859868614197,246.3041179418775,239.47568881641504,242.85142517089844,40589000,0.0,0.0
2021-04-30 00:00:00-04:00,240.18738532021044,243.39962592937061,240.05274094363295,242.53404235839844,30945100,0.0,0.0
2021-05-03 00:00:00-04:00,243.707345266331,244.62101913579752,241.5145573298802,242.22625732421875,19626600,0.0,0.0
2021-05-04 00:00:00-04:00,241.37033780215654,241.6011630269946,236.35961510876282,238.3119659423828,32756100,0.0,0.0
2021-05-05 00:00:00-04:00,239.5334244118337,239.95659670996562,236.41736417129601,237.04249572753906,21901300,0.0,0.0
2021-05-06 00:00:00-04:00,237.0231967181629,240.30276652470482,235.3305226285614,240.177734375,26491100,0.0,0.0
2021-05-07 00:00:00-04:00,242.50517474133576,244.57294534817981,241.56266416863994,242.80332946777344,27032900,0.0,0.0
2021-05-10 00:00:00-04:00,241.2741549439333,242.1012603154502,237.66759338356374,237.7252960205078,29299900,0.0,0.0
2021-05-11 00:00:00-04:00,235.1958977580137,237.16748762572186,233.29163741499903,236.81163024902344,33641600,0.0,0.0
2021-05-12 00:00:00-04:00,232.90694515001726,235.0324186454118,228.96377981158372,229.8582000732422,36684400,0.0,0.0
2021-05-13 00:00:00-04:00,232.55107604800216,236.20572777471372,232.18560647279034,233.73402404785156,29624300,0.0,0.0
2021-05-14 00:00:00-04:00,236.18651381020268,239.64880422890522,236.09995985164096,238.658203125,23901100,0.0,0.0
2021-05-17 00:00:00-04:00,237.11939542012004,237.15785895170106,234.2052949545859,235.80178833007812,24970200,0.0,0.0
2021-05-18 00:00:00-04:00,236.8501345720607,236.98477896115793,233.60902766820809,233.7821502685547,20168000,0.0,0.0
2021-05-19 00:00:00-04:00,230.68780892410186,234.46657202554343,230.0033980144126,234.36053466796875,25739800,0.56,0.0
2021-05-20 00:00:00-04:00,235.17026159424762,239.01649467079037,235.07385865574315,237.59945678710938,21800700,0.0,0.0
2021-05-21 00:00:00-04:00,238.65017736788573,239.38278963306004,235.92213916070435,236.33663940429688,21863100,0.0,0.0
2021-05-24 00:00:00-04:00,238.86224498919998,242.11083559355552,238.592334424491,241.74452209472656,21411500,0.0,0.0
2021-05-25 00:00:00-04:00,242.69885149014343,243.64353844054594,241.7830824773741,242.65065002441406,17704300,0.0,0.0
2021-05-26 00:00:00-04:00,242.3711350007567,243.82674010523084,241.71564201494644,242.42898559570312,17771600,0.0,0.0
2021-05-27 00:00:00-04:00,242.12050060290292,242.41932914380973,240.26967876426514,240.3275146484375,24426200,0.0,0.0
2021-05-28 00:00:00-04:00,241.9566218428521,242.9977118612827,240.56850181827792,240.68417358398438,18270200,0.0,0.0
2021-06-01 00:00:00-04:00,242.17829092022103,242.23612679351132,238.0621477081634,238.4862823486328,23213300,0.0,0.0
2021-06-02 00:00:00-04:00,239.19002042782085,240.28894628092957,236.98251960220148,238.38992309570312,19406700,0.0,0.0
2021-06-03 00:00:00-04:00,236.38481170623595,237.46445379729846,234.24479634072253,236.85716247558594,25307700,0.0,0.0
2021-06-04 00:00:00-04:00,238.83332101073105,242.5831655924148,238.59232839054823,241.754150390625,25281100,0.0,0.0
2021-06-07 00:00:00-04:00,240.97333554893908,244.9352547949257,240.80946233304937,244.66534423828125,23079200,0.0,0.0
2021-06-08 00:00:00-04:00,245.966711756898,246.78609255033888,243.41218115377325,243.47003173828125,22455000,0.0,0.0
2021-06-09 00:00:00-04:00,244.6653828204211,246.3234134778532,244.08700926884384,244.45330810546875,17937600,0.0,0.0
2021-06-10 00:00:00-04:00,245.1280611011444,248.18384593485345,244.53040407577595,247.97177124023438,24563600,0.0,0.0
2021-06-11 00:00:00-04:00,248.69471640197318,249.17670160646898,247.364432530678,248.5983428955078,18999700,0.0,0.0
2021-06-14 00:00:00-04:00,248.60792429456373,250.58408097937337,247.54755112442655,250.5262451171875,19150500,0.0,0.0
2021-06-15 00:00:00-04:00,250.4105934676479,250.62266814359123,248.39589875520807,249.0513916015625,18038900,0.0,0.0
2021-06-16 00:00:00-04:00,250.0539296958221,251.19140777035565,245.2533609570407,248.10671997070312,27220000,0.0,0.0
2021-06-17 00:00:00-04:00,246.84397362738272,252.31931990832794,246.7861377413062,251.49993896484375,27565500,0.0,0.0
2021-06-18 00:00:00-04:00,250.27563054722864,252.84941494742267,249.4273319192255,250.08282470703125,37202200,0.0,0.0
2021-06-21 00:00:00-04:00,250.45883242002785,254.0255057623141,248.62729428014612,253.16758728027344,26696100,0.0,0.0
2021-06-22 00:00:00-04:00,253.2542859084391,256.21368187759316,252.9458083429552,255.9437713623047,24694100,0.0,0.0
2021-06-23 00:00:00-04:00,256.4065080681725,257.2162397712295,254.90271641706022,255.7124481201172,19518700,0.0,0.0
2021-06-24 00:00:00-04:00,256.5703651753061,258.1994775046297,255.90522324591163,257.0812683105469,21446900,0.0,0.0
2021-06-25 00:00:00-04:00,256.6378303039386,257.6210694452841,255.22079274897726,255.47140502929688,25611100,0.0,0.0
2021-06-28 00:00:00-04:00,256.59939354071014,259.2117462117186,256.3294828892929,259.0382385253906,19590000,0.0,0.0
2021-06-29 00:00:00-04:00,259.1827076638087,261.8625441052316,258.32478933523726,261.6215515136719,19937800,0.0,0.0
2021-06-30 00:00:00-04:00,260.93716184615096,261.5830055695424,259.8864375923306,261.13958740234375,21656500,0.0,0.0
2021-07-01 00:00:00-04:00,259.8960708022507,262.0457355946611,259.8864511015799,261.81439208984375,16725300,0.0,0.0
2021-07-02 00:00:00-04:00,262.99039844923954,267.9837578114395,262.6819208763211,267.6463623046875,26458000,0.0,0.0
2021-07-06 00:00:00-04:00,268.0127618499895,269.30447900628104,264.41714069196416,267.6560974121094,31565600,0.0,0.0
2021-07-07 00:00:00-04:00,269.33336558443307,270.5768958300537,267.16443184855945,269.8442687988281,23260000,0.0,0.0
2021-07-08 00:00:00-04:00,266.92342963956736,268.687512155592,264.96657067142803,267.4247131347656,24618600,0.0,0.0
2021-07-09 00:00:00-04:00,265.78594865890636,268.0319869902947,265.4003663407423,267.92596435546875,23916700,0.0,0.0
2021-07-12 00:00:00-04:00,269.1020103084746,269.6900181971794,266.6149499259008,267.32830810546875,18931700,0.0,0.0
2021-07-13 00:00:00-04:00,267.52108615678264,272.6590654647847,267.3957947012604,270.8564453125,26120100,0.0,0.0
2021-07-14 00:00:00-04:00,272.1770905276217,273.43988959398905,270.44192588774035,272.3313293457031,23113700,0.0,0.0
2021-07-15 00:00:00-04:00,271.83971576724895,272.3313501989015,269.74788657077227,270.9046630859375,22604200,0.0,0.0
2021-07-16 00:00:00-04:00,271.9071833087747,273.86404237165414,269.3912048461886,270.6347351074219,26186800,0.0,0.0
2021-07-19 00:00:00-04:00,268.88025615363426,270.268375880713,264.5616875965378,267.0294494628906,32935600,0.0,0.0
2021-07-20 00:00:00-04:00,268.01272587997516,270.84680159797193,266.3065086285469,269.2562561035156,26259700,0.0,0.0
2021-07-21 00:00:00-04:00,268.8513350191112,271.3769327258679,267.29935681688346,271.2612609863281,24364300,0.0,0.0
2021-07-22 00:00:00-04:00,273.6134466091008,276.1005075496673,273.20859537936786,275.8305969238281,23384100,0.0,0.0
2021-07-23 00:00:00-04:00,277.01615740784973,279.5417550419891,276.1775079022582,279.2333068847656,22768100,0.0,0.0
2021-07-26 00:00:00-04:00,278.58746387882076,279.25260585190574,276.31250770621534,278.6356506347656,23176100,0.0,0.0
2021-07-27 00:00:00-04:00,279.00195421321143,279.146543893957,272.75544466065816,276.2160949707031,33604100,0.0,0.0
2021-07-28 00:00:00-04:00,278.5777800332781,279.6959891614172,273.603689532814,275.9075927734375,33566900,0.0,0.0
2021-07-29 00:00:00-04:00,275.92694001289874,278.2211947883845,275.7727011840036,276.1775817871094,18168300,0.0,0.0
2021-07-30 00:00:00-04:00,274.8954781674937,276.3317847869034,273.6808659337114,274.64483642578125,20944800,0.0,0.0
2021-08-02 00:00:00-04:00,276.0425069213841,276.43773825440945,273.51690957096406,274.5580139160156,16267400,0.0,0.0
2021-08-03 00:00:00-04:00,275.13647530693925,276.8812595727831,273.7676242417904,276.77520751953125,17879000,0.0,0.0
2021-08-04 00:00:00-04:00,275.90766563142967,277.2283006433001,274.3942247328133,276.1872253417969,16191300,0.0,0.0
2021-08-05 00:00:00-04:00,276.5438479043771,279.19476664668434,275.7919521287353,279.0887145996094,13900200,0.0,0.0
2021-08-06 00:00:00-04:00,278.11515991153345,279.06948136668063,277.2572119794153,279.0309143066406,16589300,0.0,0.0
2021-08-09 00:00:00-04:00,279.31040968260254,281.0455445501704,277.44030484500314,277.9415588378906,16117600,0.0,0.0
2021-08-10 00:00:00-04:00,278.3946767849397,278.82847528986053,274.92440641775676,276.1197204589844,18616600,0.0,0.0
2021-08-11 00:00:00-04:00,276.86200152431667,278.25977073088046,275.5606352661451,276.61138916015625,13955900,0.0,0.0
2021-08-12 00:00:00-04:00,276.3028670263916,279.5225249418082,276.0233073464592,279.3682861328125,14561300,0.0,0.0
2021-08-13 00:00:00-04:00,279.0501610421,282.34692332488646,278.8766240129729,282.2987365722656,18249000,0.0,0.0
2021-08-16 00:00:00-04:00,282.62654619739277,284.19782300246135,279.5707464122041,283.9857482910156,22507600,0.0,0.0
2021-08-17 00:00:00-04:00,281.8553646766232,282.8578728727567,280.592536185062,282.5204772949219,20075300,0.0,0.0
2021-08-18 00:00:00-04:00,282.05690357195914,284.741870784257,280.34739044485804,280.79168701171875,21813000,0.56,0.0
2021-08-19 00:00:00-04:00,278.82140335515624,287.3012660466153,278.7731243483728,286.62518310546875,29850500,0.0,0.0
2021-08-20 00:00:00-04:00,289.47434845611576,295.3851371652014,287.87109049346134,293.9557189941406,40817600,0.0,0.0
2021-08-23 00:00:00-04:00,292.8836729551344,294.9601712543379,291.5315365840969,294.2358093261719,22830200,0.0,0.0
2021-08-24 00:00:00-04:00,294.59319058056553,295.2016593865255,291.67643682310614,292.2752380371094,18175800,0.0,0.0
2021-08-25 00:00:00-04:00,293.89782433305635,294.1779192519182,290.150482663144,291.6861267089844,20006100,0.0,0.0
2021-08-26 00:00:00-04:00,290.70088885576575,292.091665968803,288.730645840929,288.8658447265625,17666100,0.0,0.0
2021-08-27 00:00:00-04:00,288.7693089617846,290.5850477108611,286.6831429186562,289.474365234375,22605700,0.0,0.0
2021-08-30 00:00:00-04:00,290.82650002669567,293.82053542708803,290.76855342647343,293.2120666503906,16348100,0.0,0.0
2021-08-31 00:00:00-04:00,294.01372783579956,294.09098014921955,291.19353206893163,291.560546875,26285300,0.0,0.0
2021-09-01 00:00:00-04:00,292.51672508932046,294.7574255733718,291.1838941208008,291.51226806640625,18983800,0.0,0.0
2021-09-02 00:00:00-04:00,291.8695931866592,292.98991375623564,289.9186260953305,290.85546875,16285600,0.0,0.0
2021-09-03 00:00:00-04:00,290.70092922538174,292.25590820944143,289.9959024554989,290.8458251953125,14747900,0.0,0.0
2021-09-07 00:00:00-04:00,290.72025332131614,290.7975056245517,288.0063130018472,289.9186096191406,17180400,0.0,0.0
2021-09-08 00:00:00-04:00,289.53230752909224,290.3339218077792,287.3012750177518,289.9476013183594,15046800,0.0,0.0
2021-09-09 00:00:00-04:00,290.5368381162167,291.81172258178157,286.84741313603865,287.0888671875,19927000,0.0,0.0
2021-09-10 00:00:00-04:00,288.21882300502165,289.66754700158504,285.2827341191642,285.6014404296875,19633400,0.0,0.0
2021-09-13 00:00:00-04:00,287.37853159003885,288.3347094479184,284.02714897759813,286.8376770019531,23652900,0.0,0.0
2021-09-14 00:00:00-04:00,289.31981339850245,291.08727303017804,287.9097304141614,289.5419616699219,21853400,0.0,0.0
2021-09-15 00:00:00-04:00,292.8932931699764,294.8828712529058,291.5025161349092,294.39996337890625,28356300,0.0,0.0
2021-09-16 00:00:00-04:00,293.37629376819706,294.87329686099383,290.4788456084354,294.786376953125,19550800,0.0,0.0
2021-09-17 00:00:00-04:00,293.7721966512217,294.0909028876039,289.290797316671,289.6191711425781,41372500,0.0,0.0
2021-09-20 00:00:00-04:00,286.2002599629633,288.5085744930262,279.6230549552569,284.2396545410156,38278700,0.0,0.0
2021-09-21 00:00:00-04:00,285.58209392497275,287.3688591603671,284.0174769480889,284.7225036621094,22364100,0.0,0.0
2021-09-22 00:00:00-04:00,286.58652489770395,289.9572125132634,284.4424127029341,288.3732604980469,26626300,0.0,0.0
2021-09-23 00:00:00-04:00,288.6341031456623,290.6140140574866,287.3592190151945,289.31982421875,18604600,0.0,0.0
2021-09-24 00:00:00-04:00,288.0353256727739,289.5516344416462,286.7797471472576,289.1170349121094,14999000,0.0,0.0
2021-09-27 00:00:00-04:00,286.0167639204759,286.3354702312346,282.92614093577845,284.1141052246094,23571700,0.0,0.0
2021-09-28 00:00:00-04:00,279.8933855438225,280.8398955658639,273.0843964667549,273.82806396484375,43186200,0.0,0.0
2021-09-29 00:00:00-04:00,275.354120921642,276.9670169803439,273.3355692133675,274.2917175292969,26353700,0.0,0.0
2021-09-30 00:00:00-04:00,275.9432889541892,277.99081421651636,271.99310493878147,272.2828674316406,32343600,0.0,0.0
2021-10-01 00:00:00-04:00,272.4760010388448,280.06733000946844,271.6743867398195,279.2174072265625,30086300,0.0,0.0
2021-10-04 00:00:00-04:00,277.57542546466647,277.91346685353847,270.6698491249493,273.43206787109375,31350700,0.0,0.0
2021-10-05 00:00:00-04:00,274.33996345673484,280.4728996202746,274.33996345673484,278.88897705078125,24993000,0.0,0.0
2021-10-06 00:00:00-04:00,276.01088350495075,283.5925446758009,275.7501238068665,283.0903015136719,28002600,0.0,0.0
2021-10-07 00:00:00-04:00,285.0895192542269,286.4996316351916,283.8726113098916,284.77081298828125,20430500,0.0,0.0
2021-10-08 00:00:00-04:00,286.0939760041724,286.4996316351916,283.71807723494913,284.77081298828125,17685700,0.0,0.0
2021-10-11 00:00:00-04:00,282.90684147752927,287.78420058758314,282.74263978544866,284.17205810546875,19298600,0.0,0.0
2021-10-12 00:00:00-04:00,285.24406291153826,285.3406503959171,282.3562828170901,282.8681640625,17974100,0.0,0.0
2021-10-13 00:00:00-04:00,284.82880220556603,287.11778142661336,283.4573305066921,286.1809387207031,23416300,0.0,0.0
2021-10-14 00:00:00-04:00,288.98179053840965,292.90300105132843,287.6489597728075,292.4007873535156,27262900,0.0,0.0
2021-10-15 00:00:00-04:00,292.0047810007027,294.0426679135802,290.2469889567608,293.81085205078125,25384800,0.0,0.0
2021-10-18 00:00:00-04:00,293.19271693221856,297.67408703145924,292.34279429071773,296.7855529785156,22729300,0.0,0.0
2021-10-19 00:00:00-04:00,297.8094051808795,298.72691280620376,296.71802825420315,297.6935119628906,17682100,0.0,0.0
2021-10-20 00:00:00-04:00,298.6400075971372,299.11327755971956,295.6459715960736,296.90155029296875,16537100,0.0,0.0
2021-10-21 00:00:00-04:00,296.66962696594993,300.3879938995009,295.8872891182277,300.13690185546875,16918100,0.0,0.0
2021-10-22 00:00:00-04:00,299.789277199686,300.4556925902874,297.27814973250037,298.5916748046875,17449300,0.0,0.0
2021-10-25 00:00:00-04:00,298.7848587843714,298.82349968174236,295.9839979495355,297.596923828125,17554500,0.0,0.0
2021-10-26 00:00:00-04:00,300.3687149688969,301.7208511992869,298.0507629347483,299.5091247558594,28107300,0.0,0.0
2021-10-27 00:00:00-04:00,305.1977987909876,314.95254445734366,305.1977987909876,312.1227111816406,52588700,0.0,0.0
2021-10-28 00:00:00-04:00,313.2430854710019,313.7646343557651,310.3746108163514,313.2624206542969,26297900,0.0,0.0
2021-10-29 00:00:00-04:00,313.0499822726596,320.6509503867106,312.8278339552936,320.283935546875,34766000,0.0,0.0
2021-11-01 00:00:00-04:00,320.0327737230289,320.1583345181861,315.21336134327663,318.1108093261719,27073200,0.0,0.0
2021-11-02 00:00:00-04:00,319.01864068212325,322.05131669032914,318.71924011753754,321.74224853515625,26487100,0.0,0.0
2021-11-03 00:00:00-04:00,322.4859320437034,323.45174797044365,319.3470302817975,322.58251953125,21500100,0.0,0.0
2021-11-04 00:00:00-04:00,321.5105430232,325.0357659738775,318.2460798147082,324.9391784667969,23992200,0.0,0.0
2021-11-05 00:00:00-04:00,326.9383124769962,327.20873971919895,322.9881294331539,324.5720520019531,22570100,0.0,0.0
2021-11-08 00:00:00-05:00,325.7697069819661,326.10774845813177,323.0074875225243,325.4703063964844,20897000,0.0,0.0
2021-11-09 00:00:00-05:00,325.58629378505464,327.14127323552077,323.09450089080633,324.4659729003906,21307400,0.0,0.0
2021-11-10 00:00:00-05:00,323.13302706692036,323.1909736619546,318.6419891055958,319.49188232421875,25500900,0.0,0.0
2021-11-11 00:00:00-05:00,319.92653686758166,322.3603824769051,319.21184248871543,321.0661926269531,16849800,0.0,0.0
2021-11-12 00:00:00-05:00,322.50523067518526,325.7020786724365,322.3796699030412,325.2095031738281,23831000,0.0,0.0
2021-11-15 00:00:00-05:00,326.0014764927282,326.32985033093564,322.6114535706148,324.58172607421875,16723000,0.0,0.0
2021-11-16 00:00:00-05:00,324.2050832986667,329.0245248169212,324.0409110967214,327.9041748046875,20886800,0.0,0.0
2021-11-17 00:00:00-05:00,327.95252064743255,331.09716478629724,327.04299044192896,328.1266784667969,19053400,0.62,0.0
2021-11-18 00:00:00-05:00,327.2171731593675,331.3487709789064,326.1915376629134,330.2070007324219,22463500,0.0,0.0
2021-11-19 00:00:00-05:00,331.5326605674157,333.9129065317172,331.10692167581175,331.9873962402344,21963400,0.0,0.0
2021-11-22 00:00:00-05:00,333.4485134760572,338.3348262917315,328.54285962681206,328.81378173828125,31031100,0.0,0.0
2021-11-23 00:00:00-05:00,326.1238164638615,328.44603913072973,322.74696146941744,326.7333984375,30427600,0.0,0.0
2021-11-24 00:00:00-05:00,325.3787678074607,327.1978283357766,323.08560111976163,326.9559326171875,21661300,0.0,0.0
2021-11-26 00:00:00-05:00,323.51139309197777,326.9753273587702,317.4833401642881,318.9927673339844,24217200,0.0,0.0
2021-11-29 00:00:00-05:00,324.08218990951724,328.0396000732596,323.8886615355074,325.7174072265625,28563500,0.0,0.0
2021-11-30 00:00:00-05:00,324.4499077650363,326.8301534505589,318.32509142216554,319.87322998046875,42885600,0.0,0.0
2021-12-01 00:00:00-05:00,324.2660102897674,328.28147277875115,318.71209477852017,319.37969970703125,33337600,0.0,0.0
2021-12-02 00:00:00-05:00,319.59263875837576,322.6792307522383,317.17368136684007,318.80889892578125,30766000,0.0,0.0
2021-12-03 00:00:00-05:00,321.2278467405146,321.9148518795967,307.7203973367994,312.5389709472656,41779300,0.0,0.0
2021-12-06 00:00:00-05:00,313.4484686429607,316.83500853773074,308.8814765180251,315.6158447265625,30032600,0.0,0.0
2021-12-07 00:00:00-05:00,320.8892560315728,324.91437552408956,319.3991698705705,324.06292724609375,31021900,0.0,0.0
2021-12-08 00:00:00-05:00,324.4402417546736,324.6240848803563,320.07643313181967,324.11126708984375,24761000,0.0,0.0
2021-12-09 00:00:00-05:00,323.5694111588265,325.5819706607434,321.35363798124615,322.3018798828125,22214200,0.0,0.0
2021-12-10 00:00:00-05:00,324.12095759451194,331.88096247168323,323.9371144658651,331.4358825683594,38095700,0.0,0.0
2021-12-13 00:00:00-05:00,329.636149025462,332.64534732460373,328.08801041527346,328.39764404296875,28899400,0.0,0.0
2021-12-14 00:00:00-05:00,322.41800725694964,323.79198810435076,313.6033108046137,317.6961975097656,44438700,0.0,0.0
2021-12-15 00:00:00-05:00,317.9574263221584,324.3241388150982,313.9806744799815,323.8016357421875,35381100,0.0,0.0
2021-12-16 00:00:00-05:00,324.82724448403934,325.84322423785716,312.5486152193238,314.36767578125,35034800,0.0,0.0
2021-12-17 00:00:00-05:00,310.477958587751,314.3870011788046,306.9656284689242,313.30328369140625,47750300,0.0,0.0
2021-12-20 00:00:00-05:00,309.674936015178,312.33578933972996,307.27534900605167,309.53948974609375,28326500,0.0,0.0
2021-12-21 00:00:00-05:00,312.8098446680069,317.1059145659694,309.4329606924699,316.68017578125,24740600,0.0,0.0
2021-12-22 00:00:00-05:00,317.6574409711616,322.79530359298326,315.1901164906838,322.39862060546875,24831500,0.0,0.0
2021-12-23 00:00:00-05:00,321.9632187915845,325.48523481760844,321.9438777632381,323.84033203125,19617800,0.0,0.0
2021-12-27 00:00:00-05:00,324.5854204458875,331.37787274759296,324.5563941338415,331.3488464355469,19947000,0.0,0.0
2021-12-28 00:00:00-05:00,332.0261155001983,332.6647238523587,329.2878684793036,330.1877136230469,15661500,0.0,0.0
2021-12-29 00:00:00-05:00,330.2360377157809,333.13878646638534,328.6685581149805,330.864990234375,15042000,0.0,0.0
2021-12-30 00:00:00-05:00,330.8263184955509,332.0067709774389,327.83649046571844,328.3202819824219,15994500,0.0,0.0
2021-12-31 00:00:00-05:00,327.53645861657736,328.3588803627505,324.96268486023365,325.4174499511719,18000800,0.0,0.0
2022-01-03 00:00:00-05:00,324.4789626840154,327.04305171040653,319.0895183249568,323.8984069824219,28865100,0.0,0.0
2022-01-04 00:00:00-05:00,323.9757928660076,324.333823368685,315.54815346488107,318.344482421875,32674300,0.0,0.0
2022-01-05 00:00:00-05:00,315.2966003546313,315.49981405669683,305.7369045681466,306.1239318847656,40054300,0.0,0.0
2022-01-06 00:00:00-05:00,302.9986098361541,308.3687131905766,301.39241851651343,303.7049560546875,39646100,0.0,0.0
2022-01-07 00:00:00-05:00,303.9661916842853,306.24001762602904,300.0378070905874,303.8597717285156,32720000,0.0,0.0
2022-01-10 00:00:00-05:00,299.45732034773386,304.51779120228065,294.8129327179571,304.0823669433594,44289500,0.0,0.0
2022-01-11 00:00:00-05:00,303.221148489365,306.3464225083594,299.84429345523614,304.769287109375,29386800,0.0,0.0
2022-01-12 00:00:00-05:00,309.30721526386515,312.92596558737677,306.80114975733375,307.95257568359375,34372200,0.0,0.0
2022-01-13 00:00:00-05:00,310.0812872347779,310.477999759612,294.14519599434743,294.91925048828125,45366000,0.0,0.0
2022-01-14 00:00:00-05:00,294.38712596538153,300.74415332363384,293.90333446831437,300.1442565917969,39846400,0.0,0.0
2022-01-18 00:00:00-05:00,294.21293945049706,299.7571705686531,291.95845475795755,292.8389587402344,42333200,0.0,0.0
2022-01-19 00:00:00-05:00,296.36104609400576,303.7340248434242,292.88742618970235,293.4969787597656,45933900,0.0,0.0
2022-01-20 00:00:00-05:00,299.05084323097356,301.5471940307173,291.3779181968077,291.822998046875,35380700,0.0,0.0
2022-01-21 00:00:00-05:00,292.8777000608215,294.25165138229846,286.0271958983454,286.43359375,57984400,0.0,0.0
2022-01-24 00:00:00-05:00,282.7277385199471,287.4785446299873,267.1012508783427,286.7625427246094,85731500,0.0,0.0
2022-01-25 00:00:00-05:00,282.0697140187218,285.4272273586473,275.9255871490297,279.137939453125,72848600,0.0,0.0
2022-01-26 00:00:00-05:00,298.00582478261947,298.49930147235415,283.5307939904859,287.09149169921875,90428900,0.0,0.0
2022-01-27 00:00:00-05:00,292.84867784956623,297.33824766891416,288.27199957427445,290.1200866699219,53481300,0.0,0.0
2022-01-28 00:00:00-05:00,290.49746041765246,298.4800203242128,284.90483174909696,298.26715087890625,49743700,0.0,0.0
2022-01-31 00:00:00-05:00,298.93473377389125,302.2535358676551,296.4383534812512,300.89892578125,46444500,0.0,0.0
2022-02-01 00:00:00-05:00,300.3474521401161,300.56032158802805,295.2386149185201,298.7509460449219,40950400,0.0,0.0
2022-02-02 00:00:00-05:00,299.59272363577713,304.90474476135483,298.8670363988058,303.2985534667969,36636000,0.0,0.0
2022-02-03 00:00:00-05:00,299.4572180160596,301.140832317367,290.2361542912409,291.4843444824219,43730000,0.0,0.0
2022-02-04 00:00:00-05:00,290.4781077150337,298.7896428155665,290.245897225258,296.0223693847656,35096500,0.0,0.0
2022-02-07 00:00:00-05:00,296.244875824076,297.8607227658091,290.1781120131645,291.194091796875,28533300,0.0,0.0
2022-02-08 00:00:00-05:00,291.48431505090974,295.6545945073007,290.2264692371071,294.68701171875,32421200,0.0,0.0
2022-02-09 00:00:00-05:00,299.82490244451157,301.81812081600225,297.4253157990667,301.1214599609375,31284700,0.0,0.0
2022-02-10 00:00:00-05:00,294.18391946316234,299.0992277076315,290.95219605157683,292.5777282714844,45386200,0.0,0.0
2022-02-11 00:00:00-05:00,293.3614725070343,294.4258196414898,284.6822523965232,285.4756774902344,39175600,0.0,0.0
2022-02-14 00:00:00-05:00,284.24681310649265,287.13990600791016,281.9052790638438,285.43695068359375,36359500,0.0,0.0
2022-02-15 00:00:00-05:00,290.28459536542493,291.04896470161543,287.39150201566304,290.72967529296875,27058300,0.0,0.0
2022-02-16 00:00:00-05:00,289.29465510017036,291.7186141094078,284.74730563169356,290.3902893066406,29982100,0.62,0.0
2022-02-17 00:00:00-05:00,287.3458164377349,287.7724356407643,281.17927819469634,281.8870849609375,32461600,0.0,0.0
2022-02-18 00:00:00-05:00,284.13650526196955,284.9218657300005,277.60152027487555,279.1722412109375,34264000,0.0,0.0
2022-02-22 00:00:00-05:00,276.33138926787194,282.6724757487211,275.8465973568757,278.9686584472656,41736100,0.0,0.0
2022-02-23 00:00:00-05:00,281.35372341593103,282.8275092232798,271.580335085681,271.7451477050781,37811200,0.0,0.0
2022-02-24 00:00:00-05:00,264.2212450912512,286.1823084436964,263.2613371745761,285.629638671875,56989700,0.0,0.0
2022-02-25 00:00:00-05:00,286.16292683070213,288.57718060139933,282.7790598404249,288.26690673828125,32546700,0.0,0.0
2022-02-28 00:00:00-05:00,285.35818899427073,290.041295042324,284.08803665827065,289.7019348144531,34627500,0.0,0.0
2022-03-01 00:00:00-05:00,287.384546549291,290.8459667826752,283.2638166303118,285.9786682128906,31217800,0.0,0.0
2022-03-02 00:00:00-05:00,286.37619041849695,292.30036144633044,284.76670772312764,291.0592956542969,31873000,0.0,0.0
2022-03-03 00:00:00-05:00,293.6771882703284,293.90987886372875,285.10604328173724,286.919189453125,27314500,0.0,0.0
2022-03-04 00:00:00-05:00,285.33870340843436,286.66702791509016,278.43527442334005,281.0434265136719,32356500,0.0,0.0
2022-03-07 00:00:00-05:00,279.75396452482715,280.8786850901457,270.0581281920922,270.42657470703125,43157200,0.0,0.0
2022-03-08 00:00:00-05:00,269.3502646589374,275.32290213049015,261.78752575076174,267.4595947265625,48159500,0.0,0.0
2022-03-09 00:00:00-05:00,274.8187031666756,280.79134006810534,272.23960794178544,279.72479248046875,35204500,0.0,0.0
2022-03-10 00:00:00-05:00,274.41154435304935,277.88267026842374,272.04575796281966,276.90338134765625,30628000,0.0,0.0
2022-03-11 00:00:00-05:00,279.2012996634574,280.7041720750728,270.93075230973267,271.5513000488281,27209300,0.0,0.0
2022-03-14 00:00:00-04:00,271.81301620136327,276.719106007811,267.43050973402933,268.0316467285156,30660700,0.0,0.0
2022-03-15 00:00:00-04:00,271.82276744576046,279.065558101827,270.2520467522859,278.4159240722656,34245100,0.0,0.0
2022-03-16 00:00:00-04:00,280.3163301409905,285.61027846312476,274.58611649550784,285.4357604980469,37826300,0.0,0.0
2022-03-17 00:00:00-04:00,284.3691589056267,286.61857018444255,280.5683784873846,286.2404479980469,30816600,0.0,0.0
2022-03-18 00:00:00-04:00,286.3858715630049,291.84463136231534,283.8261865282108,291.2919616699219,43390600,0.0,0.0
2022-03-21 00:00:00-04:00,289.79883101325805,291.01081040705833,285.93017266749587,290.06060791015625,28351200,0.0,0.0
2022-03-22 00:00:00-04:00,290.6811789941739,295.7230260277627,289.6825089750966,294.8116149902344,27599700,0.0,0.0
2022-03-23 00:00:00-04:00,291.36960955369653,294.0068784229763,288.66446272341494,290.380615234375,25715400,0.0,0.0
2022-03-24 00:00:00-04:00,290.0412160274347,294.947306062615,289.2461504734421,294.850341796875,24484500,0.0,0.0
2022-03-25 00:00:00-04:00,295.9460487854715,296.20782573706765,290.18671913558006,294.44317626953125,22566500,0.0,0.0
2022-03-28 00:00:00-04:00,295.0733016708337,301.3465074219661,295.0733016708337,301.24957275390625,29578200,0.0,0.0
2022-03-29 00:00:00-04:00,304.3620002900689,306.21390857071964,299.64980847038635,305.8163757324219,30393400,0.0,0.0
2022-03-30 00:00:00-04:00,304.21657238754335,306.3399629265181,302.10285756421536,304.3135070800781,28163600,0.0,0.0
2022-03-31 00:00:00-04:00,304.3523117591246,305.5546156451536,298.52513395302805,298.9323425292969,33422100,0.0,0.0
2022-04-01 00:00:00-04:00,299.9601090176987,300.69700210930256,296.24661641051176,300.00860595703125,27110500,0.0,0.0
2022-04-04 00:00:00-04:00,300.65822749651744,305.52552736664273,300.28978092985705,305.3898010253906,24289600,0.0,0.0
2022-04-05 00:00:00-04:00,303.7414225568673,305.29276212664746,300.44484446442266,301.42413330078125,23156700,0.0,0.0
2022-04-06 00:00:00-04:00,295.90722237881243,297.66216633435283,287.68514276731554,290.3902893066406,40110400,0.0,0.0
2022-04-07 00:00:00-04:00,287.63675938943567,294.4141412891185,287.33619075169605,292.2034912109375,31411200,0.0,0.0
2022-04-08 00:00:00-04:00,291.30177403499323,291.96108395103715,287.2683016714026,287.93731689453125,24361900,0.0,0.0
2022-04-11 00:00:00-04:00,282.91478374664115,283.7098197455941,276.33130335708324,276.5834045410156,34569300,0.0,0.0
2022-04-12 00:00:00-04:00,280.44234644172155,281.89672181810613,271.95849007947834,273.4807434082031,30966700,0.0,0.0
2022-04-13 00:00:00-04:00,274.1303944317771,279.80243508000837,272.7438673323913,278.87164306640625,21907200,0.0,0.0
2022-04-14 00:00:00-04:00,279.3273746344273,279.54068423967755,270.8241359315861,271.318603515625,28221600,0.0,0.0
2022-04-18 00:00:00-04:00,270.42650327619054,273.8685124293965,269.87383364976495,271.9875183105469,20778000,0.0,0.0
2022-04-19 00:00:00-04:00,270.8822739757197,277.4657549794319,269.94177668947515,276.6221923828125,22297700,0.0,0.0
2022-04-20 00:00:00-04:00,280.59747515624474,280.8883679766164,276.690054609588,277.6499328613281,22906700,0.0,0.0
2022-04-21 00:00:00-04:00,279.80245359132033,284.3788898792056,271.5416110467196,272.268798828125,29454600,0.0,0.0
2022-04-22 00:00:00-04:00,273.1123477234531,274.58613398289475,265.06481431264797,265.6950378417969,29405800,0.0,0.0
2022-04-25 00:00:00-04:00,264.9775192651805,272.5596407849809,262.5341495736,272.1815185546875,35678900,0.0,0.0
2022-04-26 00:00:00-04:00,269.0594211869601,269.8932487938814,261.78754493866387,262.0008544921875,46518400,0.0,0.0
2022-04-27 00:00:00-04:00,273.5195702477104,282.1197730129034,270.6689917758845,274.6054992675781,63477700,0.0,0.0
2022-04-28 00:00:00-04:00,276.515542164648,282.129439349792,272.898984777169,280.82049560546875,33646600,0.0,0.0
2022-04-29 00:00:00-04:00,279.8315688272619,281.0629592015001,268.08992310674057,269.0788879394531,37073900,0.0,0.0
2022-05-02 00:00:00-04:00,269.263019546411,276.27311874857577,267.8183496319424,275.8174133300781,35151100,0.0,0.0
2022-05-03 00:00:00-04:00,275.3230056361228,275.4878479002829,271.62889375112417,273.2093200683594,25978600,0.0,0.0
2022-05-04 00:00:00-04:00,273.99461437075183,282.0324703593983,268.31286891823476,281.15985107421875,33599300,0.0,0.0
2022-05-05 00:00:00-04:00,276.8549873023271,277.6403478720846,265.99563609208957,268.9140930175781,43260400,0.0,0.0
2022-05-06 00:00:00-04:00,266.4512414054531,270.7561945471367,263.018907502902,266.3736877441406,37780300,0.0,0.0
2022-05-09 00:00:00-04:00,261.845769469364,264.07580012501256,255.31078485449888,256.5324401855469,47726000,0.0,0.0
2022-05-10 00:00:00-04:00,263.4262167504731,265.42355694885816,257.0075769295124,261.3028259277344,39336400,0.0,0.0
2022-05-11 00:00:00-04:00,257.5989064610143,263.10613298285995,251.41295973436698,252.62493896484375,48975900,0.0,0.0
2022-05-12 00:00:00-04:00,249.85198231075879,251.97537260943818,242.41527840810497,247.58316040039062,51033800,0.0,0.0
2022-05-13 00:00:00-04:00,249.52238377509423,255.03931767520342,247.58321627668954,253.17770385742188,34925100,0.0,0.0
2022-05-16 00:00:00-04:00,252.0529298587127,257.7347048140357,248.00007774550323,253.5460968017578,32550900,0.0,0.0
2022-05-17 00:00:00-04:00,258.0158590570985,260.168335678037,254.47688508920922,258.70428466796875,28828800,0.0,0.0
2022-05-18 00:00:00-04:00,255.59441054369825,256.1775215944614,245.65247241501044,246.9255828857422,31356000,0.62,0.0
2022-05-19 00:00:00-04:00,246.75064893827593,250.4145118299985,244.7875390054142,246.01205444335938,32692300,0.0,0.0
2022-05-20 00:00:00-04:00,249.99660787697098,251.26002017736235,239.50072692589913,245.44839477539062,39199300,0.0,0.0
2022-05-23 00:00:00-04:00,248.2958846153238,254.1366489134325,246.29387790737587,253.31057739257812,33175400,0.0,0.0
2022-05-24 00:00:00-04:00,250.62833324775218,253.97144225049283,246.3619328763729,252.30960083007812,29043900,0.0,0.0
2022-05-25 00:00:00-04:00,250.87127199454082,257.12990628779517,249.88970222522656,255.12791442871094,28547900,0.0,0.0
2022-05-26 00:00:00-04:00,254.88504977342242,259.58876258526885,254.06870586309577,258.412841796875,25002100,0.0,0.0
2022-05-27 00:00:00-04:00,260.9201340875451,265.64327166838257,260.02602645530493,265.54608154296875,26910800,0.0,0.0
2022-05-31 00:00:00-04:00,264.8561104686971,267.0330271517111,261.3574731865208,264.2146911621094,37827700,0.0,0.0
2022-06-01 00:00:00-04:00,267.4508952453175,269.8707720178327,262.4361876229135,264.7491760253906,25292200,0.0,0.0
2022-06-02 00:00:00-04:00,257.00362379745957,266.9163942109657,254.2338682193242,266.8483581542969,44008200,0.0,0.0
2022-06-03 00:00:00-04:00,262.69855996137693,265.75015751179075,260.8520664352407,262.4167175292969,28059000,0.0,0.0
2022-06-06 00:00:00-04:00,264.3992892425282,266.4595892028753,259.6955782848042,261.1824951171875,22400300,0.0,0.0
2022-06-07 00:00:00-04:00,259.1319252881435,265.4391694080939,258.45162412939817,264.826904296875,22860700,0.0,0.0
2022-06-08 00:00:00-04:00,264.0591283318473,265.3128125636582,262.01825461124446,262.7957458496094,17372300,0.0,0.0
2022-06-09 00:00:00-04:00,260.23981256874225,265.03098582947564,257.1785166356976,257.3340148925781,26439700,0.0,0.0
2022-06-10 00:00:00-04:00,253.24253313611206,253.24253313611206,245.41921820228913,245.86627197265625,31422800,0.0,0.0
2022-06-13 00:00:00-04:00,238.20815546124874,242.00806063802048,234.72895987314584,235.4384002685547,46135800,0.0,0.0
2022-06-14 00:00:00-04:00,236.99335622167607,238.82042366109098,234.70952192240742,237.60562133789062,28651500,0.0,0.0
2022-06-15 00:00:00-04:00,241.31801692665346,248.11119593878215,239.48123665527143,244.67086791992188,33111700,0.0,0.0
2022-06-16 00:00:00-04:00,239.05366802425112,240.453122742363,236.17702428513732,238.07211303710938,33169200,0.0,0.0
2022-06-17 00:00:00-04:00,237.8096900838926,243.44637559850622,237.15855784482125,240.67662048339844,43084800,0.0,0.0
2022-06-21 00:00:00-04:00,243.2131485780948,247.57672404798697,242.48426715302713,246.5951690673828,29928300,0.0,0.0
2022-06-22 00:00:00-04:00,244.79726053472527,249.92859951301043,243.32005666477755,246.00234985351562,25939900,0.0,0.0
2022-06-23 00:00:00-04:00,248.37363027538592,252.0666174651717,246.48825470193722,251.5709686279297,25861400,0.0,0.0
2022-06-24 00:00:00-04:00,254.43791604246806,260.43419339301283,254.35045383369882,260.1620788574219,33923200,0.0,0.0
2022-06-27 00:00:00-04:00,260.65770592471864,260.74516813613343,255.86653250823528,257.43121337890625,24615100,0.0,0.0
2022-06-28 00:00:00-04:00,256.546824812342,259.39431434341117,249.1025126077075,249.2580108642578,27295500,0.0,0.0
2022-06-29 00:00:00-04:00,250.33673359363198,254.59340555712373,248.558261264079,252.9315643310547,20069800,0.0,0.0
2022-06-30 00:00:00-04:00,249.81193566577983,252.22211413062385,245.77879792014835,249.59812927246094,31730900,0.0,0.0
2022-07-01 00:00:00-04:00,249.17054274453085,252.4553432396003,247.4406506324261,252.27069091796875,22837700,0.0,0.0
2022-07-05 00:00:00-04:00,248.94701449783307,255.57498310317843,247.56700083567833,255.44863891601562,22941000,0.0,0.0
2022-07-06 00:00:00-04:00,256.3232365726263,260.4438357002522,255.01124440638583,258.7139587402344,23824400,0.0,0.0
2022-07-07 00:00:00-04:00,257.65473625946805,261.4837959629939,257.55754613160065,260.8423767089844,20859900,0.0,0.0
2022-07-08 00:00:00-04:00,257.3340180308074,260.55081225996196,255.87625522031703,260.1231994628906,19658800,0.0,0.0
2022-07-11 00:00:00-04:00,258.1698045515523,259.0250302011665,254.79751184488788,257.0619201660156,19455200,0.0,0.0
2022-07-12 00:00:00-04:00,258.39329412629985,258.45160225974297,244.9429927815693,246.527099609375,35868500,0.0,0.0
2022-07-13 00:00:00-04:00,243.14512305849968,246.41051237825036,241.12369016254638,245.6038818359375,29497400,0.0,0.0
2022-07-14 00:00:00-04:00,243.51442327742907,247.95573289017767,239.01479069630014,246.9255828857422,25102800,0.0,0.0
2022-07-15 00:00:00-04:00,248.51939960298733,253.0384582835576,247.59615280932707,249.49124145507812,29774100,0.0,0.0
2022-07-18 00:00:00-04:00,252.43588877990183,253.49519270414535,246.1675126018184,247.09075927734375,20975000,0.0,0.0
2022-07-19 00:00:00-04:00,250.32701866110767,252.40677452243568,246.53684125681795,252.2221221923828,25012600,0.0,0.0
2022-07-20 00:00:00-04:00,252.58171855652026,257.41177426653763,251.61960451025288,254.88497924804688,22788300,0.0,0.0
2022-07-21 00:00:00-04:00,252.47483920219835,257.4312392890504,249.79254581579903,257.38262939453125,22404700,0.0,0.0
2022-07-22 00:00:00-04:00,257.7713097746288,257.8587719777169,251.77506247182694,253.02871704101562,21881300,0.0,0.0
2022-07-25 00:00:00-04:00,253.65076507358918,254.1366860794773,249.57874467158572,251.54185485839844,21056000,0.0,0.0
2022-07-26 00:00:00-04:00,252.5428140385053,252.56226985718692,242.5425825526762,244.8069610595703,39348000,0.0,0.0
2022-07-27 00:00:00-04:00,253.80621209782652,262.4458704154243,251.56125987665692,261.1727600097656,45994000,0.0,0.0
2022-07-28 00:00:00-04:00,262.1543304686785,270.01652721920226,260.32726310507684,268.6268005371094,33459300,0.0,0.0
2022-07-29 00:00:00-04:00,269.8805519116232,274.0594609061049,268.84067378949203,272.8349304199219,32152800,0.0,0.0
2022-08-01 00:00:00-04:00,269.99714086754074,273.3597057500872,268.07288310675597,270.1817932128906,21539600,0.0,0.0
2022-08-02 00:00:00-04:00,268.22833970476506,270.0651349626204,264.71027709598764,267.0815734863281,22754200,0.0,0.0
2022-08-03 00:00:00-04:00,268.96696554077175,275.5171702565812,268.8211655336045,274.51617431640625,23518900,0.0,0.0
2022-08-04 00:00:00-04:00,273.8650200050531,275.8087036946795,272.2809427109455,275.6629333496094,18098700,0.0,0.0
2022-08-05 00:00:00-04:00,271.2896517042955,275.6629401132576,270.83288483969574,274.94378662109375,16774600,0.0,0.0
2022-08-08 00:00:00-04:00,276.0517095079037,277.86907896921457,271.4549158080247,272.4267578125,18739200,0.0,0.0
2022-08-09 00:00:00-04:00,271.7658486047469,275.1089570301665,269.7929813266096,274.3509216308594,23405200,0.0,0.0
2022-08-10 00:00:00-04:00,280.05570822424676,281.6495136024719,278.8603319468809,281.017822265625,24687800,0.0,0.0
2022-08-11 00:00:00-04:00,282.66015852380036,283.0100072925939,278.44236919212585,278.93798828125,20065900,0.0,0.0
2022-08-12 00:00:00-04:00,280.3569279405796,283.6903381347656,278.8602832920289,283.6903381347656,22619700,0.0,0.0
2022-08-15 00:00:00-04:00,282.80590988855005,285.89635910543404,281.9409566154727,285.20635986328125,18085700,0.0,0.0
2022-08-16 00:00:00-04:00,283.76810711776506,285.7604008093183,282.24233787382076,284.46783447265625,18102900,0.0,0.0
2022-08-17 00:00:00-04:00,282.1791399463547,285.69495138930665,281.91619637542664,283.7179260253906,18253400,0.62,0.0
2022-08-18 00:00:00-04:00,282.61745934130954,284.29257692278867,281.5364094701018,282.5979919433594,17186200,0.0,0.0
2022-08-19 00:00:00-04:00,281.3610688013757,281.7019413989966,278.1082305899692,278.6828308105469,20570000,0.0,0.0
2022-08-22 00:00:00-04:00,274.71900818026165,275.0890966994029,269.9858458890411,270.50201416015625,25061100,0.0,0.0
2022-08-23 00:00:00-04:00,269.2262268066406,271.58305961695726,268.2133575622362,269.2262268066406,17527400,0.0,0.0
2022-08-24 00:00:00-04:00,268.22308164579806,269.99559523146576,267.93089241978953,268.5931701660156,18137000,0.0,0.0
2022-08-25 00:00:00-04:00,270.0929188602087,271.73881982433454,267.35624962378307,271.5732727050781,16583400,0.0,0.0
2022-08-26 00:00:00-04:00,271.79728794342236,273.024417273925,260.9869704514699,261.0940856933594,27549300,0.0,0.0
2022-08-29 00:00:00-04:00,258.91253188901453,260.42207206076966,256.96472277902944,258.3087158203125,20338500,0.0,0.0
2022-08-30 00:00:00-04:00,259.71121737335454,260.081276247606,253.8580397603448,256.1077575683594,22767100,0.0,0.0
2022-08-31 00:00:00-04:00,258.464585387242,260.13967295694687,254.51050491907353,254.64686584472656,24791800,0.0,0.0
2022-09-01 00:00:00-04:00,252.11470907784698,254.08201562576158,248.7450070823957,253.6047821044922,23263400,0.0,0.0
2022-09-02 00:00:00-04:00,254.8708733039259,257.831522209211,247.8295315839085,249.37803649902344,22855400,0.0,0.0
2022-09-06 00:00:00-04:00,249.5144035204149,251.10184326326072,245.36555986305348,246.64137268066406,21328200,0.0,0.0
2022-09-07 00:00:00-04:00,248.0534903559057,252.0757061142391,246.61211575705755,251.3550262451172,24126700,0.0,0.0
2022-09-08 00:00:00-04:00,250.79021068457934,253.63399578598168,248.14117383130036,251.77383422851562,20319900,0.0,0.0
2022-09-09 00:00:00-04:00,253.70218346204774,258.30876355813575,253.49767178964203,257.558837890625,22084700,0.0,0.0
2022-09-12 00:00:00-04:00,258.8444189971821,260.47085310586147,258.24060277088006,259.69171142578125,18747700,0.0,0.0
2022-09-13 00:00:00-04:00,252.08549941911832,253.60478843632785,245.0246900517637,245.4142608642578,33353300,0.0,0.0
2022-09-14 00:00:00-04:00,246.91405740824067,247.59578772613622,243.3398289424253,245.63824462890625,23913000,0.0,0.0
2022-09-15 00:00:00-04:00,243.25218674358922,244.83964133633745,237.65223458820603,238.97674560546875,31530900,0.0,0.0
2022-09-16 00:00:00-04:00,237.8859696087846,238.89883887380557,235.7433821243887,238.35345458984375,39791800,0.0,0.0
2022-09-19 00:00:00-04:00,236.14266785813606,238.7429915584572,234.56494703921464,238.13917541503906,26826900,0.0,0.0
2022-09-20 00:00:00-04:00,235.75312576969003,237.1555361018201,233.38652954179466,236.12319946289062,26660300,0.0,0.0
2022-09-21 00:00:00-04:00,237.89568781443512,241.19722391131666,232.66580985308437,232.71450805664062,28625600,0.0,0.0
2022-09-22 00:00:00-04:00,231.66271451815115,237.49640922958957,231.37055498618827,234.69155883789062,31061200,0.0,0.0
2022-09-23 00:00:00-04:00,233.28913142247737,234.83765123018225,229.0623884800835,231.71141052246094,34176000,0.0,0.0
2022-09-26 00:00:00-04:00,230.8641214166978,235.14929632525457,230.71802678944272,231.25367736816406,27694200,0.0,0.0
2022-09-27 00:00:00-04:00,233.71766175746237,235.49017556599165,228.38066779678476,230.24082946777344,27018700,0.0,0.0
2022-09-28 00:00:00-04:00,230.6303619280171,236.00631985347113,228.60463843638797,234.77920532226562,29029700,0.0,0.0
2022-09-29 00:00:00-04:00,232.65607976574745,233.68841631049094,228.29299112244067,231.30235290527344,27484200,0.0,0.0
2022-09-30 00:00:00-04:00,232.0717487914595,234.26303440769513,226.65684093525877,226.82240295410156,35694800,0.0,0.0
2022-10-03 00:00:00-04:00,229.26689591019425,235.30510173349654,228.5364674268769,234.4578094482422,28880400,0.0,0.0
2022-10-04 00:00:00-04:00,238.69429935915923,243.82678128918718,238.58716924773375,242.38540649414062,34888400,0.0,0.0
2022-10-05 00:00:00-04:00,239.57084125103117,244.04106060731377,237.73016181840845,242.6970672607422,20347100,0.0,0.0
2022-10-06 00:00:00-04:00,241.46016522278586,243.80727892274643,239.6584505927513,240.34991455078125,20239900,0.0,0.0
2022-10-07 00:00:00-04:00,234.6136667746723,235.0227198791639,227.0853866263142,228.12747192382812,37769600,0.0,0.0
2022-10-10 00:00:00-04:00,226.96847977157327,228.43907043105446,220.81339530154835,223.26763916015625,29743600,0.0,0.0
2022-10-11 00:00:00-04:00,221.68018361933272,223.08260876857707,218.26178346350437,219.52786254882812,30474000,0.0,0.0
2022-10-12 00:00:00-04:00,219.5181209293946,221.91393311184666,218.1157105964302,219.85899353027344,21903900,0.0,0.0
2022-10-13 00:00:00-04:00,214.11298206401753,229.93893549565877,213.41176940004382,228.12747192382812,42551800,0.0,0.0
2022-10-14 00:00:00-04:00,229.39353948885307,231.04918960544035,222.38142761254923,222.59568786621094,30198600,0.0,0.0
2022-10-17 00:00:00-04:00,229.66623513189379,232.72429558367523,229.00397214596376,231.33160400390625,28142300,0.0,0.0
2022-10-18 00:00:00-04:00,236.89258935569006,237.56457112933387,229.22794910689007,232.27627563476562,26329600,0.0,0.0
2022-10-19 00:00:00-04:00,230.8543900542244,233.3573325536837,228.1761518217301,230.3090057373047,19985700,0.0,0.0
2022-10-20 00:00:00-04:00,229.61750568038707,235.01293095415457,228.7409825706679,229.98757934570312,21811000,0.0,0.0
2022-10-21 00:00:00-04:00,228.61439693552748,236.65884448891248,228.3806544553497,235.8018035888672,26299700,0.0,0.0
2022-10-24 00:00:00-04:00,237.3989952337496,241.37252804090215,235.00319808540834,240.7979278564453,24911200,0.0,0.0
2022-10-25 00:00:00-04:00,240.8076725980602,244.4890312031249,239.41499599959158,244.11895751953125,34775500,0.0,0.0
2022-10-26 00:00:00-04:00,225.13755100638363,232.0814963742718,224.05651617915876,225.2836456298828,82543200,0.0,0.0
2022-10-27 00:00:00-04:00,225.01091472477094,227.5917708595728,219.88818182214035,220.83287048339844,40424600,0.0,0.0
2022-10-28 00:00:00-04:00,220.33624157634716,230.42589655243185,220.15119727466177,229.71493530273438,40647700,0.0,0.0
2022-10-31 00:00:00-04:00,227.65996437056043,228.78969742408265,225.1180724304389,226.072509765625,28357300,0.0,0.0
2022-11-01 00:00:00-04:00,228.47805057491365,229.5883013482599,221.3977591826353,222.21583557128906,30592300,0.0,0.0
2022-11-02 00:00:00-04:00,223.47216271711693,225.2641436679967,214.2979680342713,214.35641479492188,38407000,0.0,0.0
2022-11-03 00:00:00-04:00,214.34668818412212,214.6583448304135,208.3961296970331,208.65908813476562,36633900,0.0,0.0
2022-11-04 00:00:00-04:00,211.8729869376078,215.80755569299043,207.86048915628433,215.61277770996094,36789100,0.0,0.0
2022-11-07 00:00:00-05:00,216.1971107205747,222.44957714073567,215.50563184165273,221.9236602783203,33498000,0.0,0.0
2022-11-08 00:00:00-05:00,222.73200573046222,225.6050216725194,219.94663764635982,222.89756774902344,28192500,0.0,0.0
2022-11-09 00:00:00-05:00,221.43670467861034,222.66383409917907,218.4760409587585,218.65133666992188,27852900,0.0,0.0
2022-11-10 00:00:00-05:00,229.2863751045428,236.98023110784243,228.86760321897782,236.6393585205078,46268000,0.0,0.0
2022-11-11 00:00:00-05:00,236.64909297043917,241.51861615288743,235.61674157285157,240.6615753173828,34620200,0.0,0.0
2022-11-14 00:00:00-05:00,235.67522458522933,237.54511999164188,232.9677704681792,235.2467041015625,31123300,0.0,0.0
2022-11-15 00:00:00-05:00,239.24944207060548,240.5544708560725,233.76635362727728,235.65573120117188,31390100,0.0,0.0
2022-11-16 00:00:00-05:00,237.12064919463364,238.10707440959575,234.80599539375268,236.0854034423828,24093300,0.68,0.0
2022-11-17 00:00:00-05:00,232.22767936193608,237.5699524551827,232.08118792162216,236.03660583496094,23123500,0.0,0.0
2022-11-18 00:00:00-05:00,237.82387701389203,238.0485170933891,233.44849211403692,235.5873565673828,27613500,0.0,0.0
2022-11-21 00:00:00-05:00,235.79243178186513,238.95678085777178,235.55804548901057,236.39796447753906,26394700,0.0,0.0
2022-11-22 00:00:00-05:00,237.90200273092586,239.5818407425711,235.08926284135723,239.30838012695312,19665700,0.0,0.0
2022-11-23 00:00:00-05:00,239.38653344831891,242.48251023756336,238.56615153433665,241.79885864257812,19508500,0.0,0.0
2022-11-25 00:00:00-05:00,241.53510238359647,242.89264412556477,240.96864408013352,241.71090698242188,9200800,0.0,0.0
2022-11-28 00:00:00-05:00,240.33386298973988,240.89054534482318,235.17715584666723,236.11473083496094,24778200,0.0,0.0
2022-11-29 00:00:00-05:00,235.76314670175077,237.12068869969116,232.64764779898533,234.7181396484375,17956300,0.0,0.0
2022-11-30 00:00:00-05:00,234.95251010235393,249.36784723041217,234.25908259878403,249.18228149414062,47594200,0.0,0.0
2022-12-01 00:00:00-05:00,247.9419383198584,250.13939911455438,245.0608260361984,248.7427978515625,26041500,0.0,0.0
2022-12-02 00:00:00-05:00,243.98653586131007,250.08081797025935,243.85956668321174,249.0651092529297,21528500,0.0,0.0
2022-12-05 00:00:00-05:00,246.12538359731664,247.8931313402829,242.2676218605377,244.35765075683594,23435300,0.0,0.0
2022-12-06 00:00:00-05:00,244.9631836631235,245.97889237423144,238.08756427144374,239.39627075195312,22463700,0.0,0.0
2022-12-07 00:00:00-05:00,239.11303779534455,240.4119830868465,236.5542215277534,238.6637725830078,20481500,0.0,0.0
2022-12-08 00:00:00-05:00,239.1228268856705,242.93176834963776,237.38439220863714,241.623046875,22611800,0.0,0.0
2022-12-09 00:00:00-05:00,238.98606611554322,242.51177046904638,238.45868208288636,239.6892547607422,20609700,0.0,0.0
2022-12-12 00:00:00-05:00,241.6718654401659,246.6430067827901,241.39840482934278,246.61370849609375,30665100,0.0,0.0
2022-12-13 00:00:00-05:00,255.579352180181,257.7572908019212,247.16064016484373,250.92074584960938,42196900,0.0,0.0
2022-12-14 00:00:00-05:00,251.1258502529427,256.458347318601,248.37169195338248,251.2137451171875,35410900,0.0,0.0
2022-12-15 00:00:00-05:00,247.7954592877002,248.26424677465207,241.56443204275277,243.1954345703125,35560400,0.0,0.0
2022-12-16 00:00:00-05:00,242.74620073337888,244.0060718471809,237.82387962727623,238.97633361816406,86102000,0.0,0.0
2022-12-19 00:00:00-05:00,239.14236978569437,239.48420303255193,233.13598200938617,234.83534240722656,29696400,0.0,0.0
2022-12-20 00:00:00-05:00,233.8098412838887,237.23788993522047,232.85272912283375,236.15380859375,25150800,0.0,0.0
2022-12-21 00:00:00-05:00,236.04637204350925,239.88459664487903,234.5032643589745,238.72238159179688,23690600,0.0,0.0
2022-12-22 00:00:00-05:00,235.6264185705002,236.3393833310989,228.408980416361,232.62811279296875,28651700,0.0,0.0
2022-12-23 00:00:00-05:00,230.5966857124809,233.2922326364392,228.47735834613724,233.15550231933594,21207000,0.0,0.0
2022-12-27 00:00:00-05:00,233.1261790492013,233.35080420983945,230.32320039769817,231.42681884765625,16688600,0.0,0.0
2022-12-28 00:00:00-05:00,231.35846669812094,234.12238618004355,228.7019792420853,229.05357360839844,17457100,0.0,0.0
2022-12-29 00:00:00-05:00,230.14739203902258,236.27098706875256,230.14739203902258,235.38223266601562,19770700,0.0,0.0
2022-12-30 00:00:00-05:00,232.64767130900034,234.35680784111835,231.13386168576963,234.22007751464844,21938500,0.0,0.0
2023-01-03 00:00:00-05:00,237.40392951699792,240.01158153417768,231.85655337253039,233.98565673828125,25740000,0.0,0.0
2023-01-04 00:00:00-05:00,226.85611938033796,227.43233894450995,220.6837029776662,223.75038146972656,50623400,0.0,0.0
2023-01-05 00:00:00-05:00,221.89471081098847,222.23654401593947,216.58173640623133,217.118896484375,39585600,0.0,0.0
2023-01-06 00:00:00-05:00,217.79279312709332,220.4883398206325,214.22802915573828,219.67771911621094,43613600,0.0,0.0
2023-01-09 00:00:00-05:00,221.1622513114738,225.8404102334112,221.12319189298108,221.8166046142578,27369800,0.0,0.0
2023-01-10 00:00:00-05:00,222.4416512068121,225.90875938940619,222.0216991383432,223.50621032714844,27033900,0.0,0.0
2023-01-11 00:00:00-05:00,225.88921816868051,230.44040764705468,225.71342844154773,230.26461791992188,28669300,0.0,0.0
2023-01-12 00:00:00-05:00,229.76654780758065,234.29820072980252,228.106246697314,232.94065856933594,27269500,0.0,0.0
2023-01-13 00:00:00-05:00,231.46589026262427,233.78054439645499,229.4344578762405,233.64381408691406,21333300,0.0,0.0
2023-01-17 00:00:00-05:00,232.41324073937315,235.28459213527947,231.55378456577233,234.7376708984375,29831300,0.0,0.0
2023-01-18 00:00:00-05:00,235.9291745717664,236.7202581070154,230.0204434260072,230.3036651611328,30028700,0.0,0.0
2023-01-19 00:00:00-05:00,228.32105876899536,230.02043381620862,225.29344015559448,226.51425170898438,28623000,0.0,0.0
2023-01-20 00:00:00-05:00,229.37584660771927,235.11854904554423,229.03401340452106,234.61068725585938,35389800,0.0,0.0
2023-01-23 00:00:00-05:00,235.47013642558932,239.44509106116212,234.05398311341634,236.9155731201172,31934000,0.0,0.0
2023-01-24 00:00:00-05:00,236.83744881664003,238.25358728267545,234.82555369768806,236.38818359375,40234400,0.0,0.0
2023-01-25 00:00:00-05:00,229.00472733419514,237.61878145041626,225.5083209962778,234.99159240722656,66526600,0.0,0.0
2023-01-26 00:00:00-05:00,237.96062965186184,242.51181961038344,236.34916403985792,242.2090606689453,33454500,0.0,0.0
2023-01-27 00:00:00-05:00,243.1759467422718,243.9963286862057,241.06638039859524,242.36532592773438,26498900,0.0,0.0
2023-01-30 00:00:00-05:00,238.80054431424622,239.86510350791414,236.544486538492,237.04258728027344,25867400,0.0,0.0
2023-01-31 00:00:00-05:00,237.765261353504,242.1601830602323,237.27693671942308,242.02345275878906,26541100,0.0,0.0
2023-02-01 00:00:00-05:00,242.20902977404796,249.22136469253888,239.7381082028261,246.84811401367188,31259900,0.0,0.0
2023-02-02 00:00:00-05:00,252.77632563075434,258.50925104302513,251.2429794001739,258.4213562011719,39940400,0.0,0.0
2023-02-03 00:00:00-05:00,253.47959800298776,258.0307878622556,251.0965710413973,252.3173828125,29077300,0.0,0.0
2023-02-06 00:00:00-05:00,251.42859910463446,252.26850319934903,248.83070838044688,250.77423095703125,22518000,0.0,0.0
2023-02-07 00:00:00-05:00,254.44644293620124,262.49402369384705,254.00693882575916,261.3122863769531,50841400,0.0,0.0
2023-02-08 00:00:00-05:00,266.82060062873455,270.2974697516429,259.9938017557166,260.5016784667969,54686000,0.0,0.0
2023-02-09 00:00:00-05:00,267.4065458729489,267.58236538521874,256.66340439835324,257.4642639160156,42375100,0.0,0.0
2023-02-10 00:00:00-05:00,255.42310477455004,257.9233247404557,254.57342460398476,256.9564514160156,25818500,0.0,0.0
2023-02-13 00:00:00-05:00,261.3904046708747,268.18787471786464,260.9118262982857,264.9844665527344,44630900,0.0,0.0
2023-02-14 00:00:00-05:00,266.3030219967699,268.5493038380461,262.99216601321865,265.814697265625,37047900,0.0,0.0
2023-02-15 00:00:00-05:00,262.71093736345534,265.07056133423544,260.6156584468026,263.6900329589844,28922400,0.68,0.0
2023-02-16 00:00:00-05:00,258.50076451207207,261.16390527520997,256.42508698249515,256.66986083984375,29603600,0.0,0.0
2023-02-17 00:00:00-05:00,253.96760380179387,254.65295274483813,250.64845561375148,252.66539001464844,30000100,0.0,0.0
2023-02-21 00:00:00-05:00,249.16025274812105,250.14914889990592,246.3306669635564,247.38809204101562,28397400,0.0,0.0
2023-02-22 00:00:00-05:00,248.77837226249528,249.02314613774428,245.10676413376063,246.25230407714844,22491100,0.0,0.0
2023-02-23 00:00:00-05:00,250.21766227886485,251.47090341728688,245.24385497458428,249.44418334960938,29219100,0.0,0.0
2023-02-24 00:00:00-05:00,244.73471364848396,245.75296637788725,242.91359545143786,244.0101776123047,24990900,0.0,0.0
2023-02-27 00:00:00-05:00,247.18248010394746,247.53495511519347,244.17664946084787,244.93055725097656,21190000,0.0,0.0
2023-02-28 00:00:00-05:00,243.86331919707501,246.23272847388787,243.53041537849572,244.20599365234375,22491000,0.0,0.0
2023-03-01 00:00:00-05:00,245.51797045383339,245.68441488809174,240.6518648564876,241.12184143066406,27565300,0.0,0.0
2023-03-02 00:00:00-05:00,241.3960138819759,246.14461839541934,240.47566166300976,245.86068725585938,24808200,0.0,0.0
2023-03-03 00:00:00-05:00,246.91809057504366,250.27638088786867,246.1348112059888,249.95327758789062,30760100,0.0,0.0
2023-03-06 00:00:00-05:00,251.06947021639408,254.68233526542298,250.62888019720313,251.50027465820312,24109800,0.0,0.0
2023-03-07 00:00:00-05:00,250.94217713898314,252.30313429367388,248.09302044698885,248.83712768554688,21473200,0.0,0.0
2023-03-08 00:00:00-05:00,248.7294190422308,249.21896680166975,245.56694469940246,248.3965301513672,17340200,0.0,0.0
2023-03-09 00:00:00-05:00,250.47222930235247,254.1340370763852,246.32085881638,247.04539489746094,26653400,0.0,0.0
2023-03-10 00:00:00-05:00,245.83129418074137,247.5055390802723,242.42404610361248,243.39334106445312,28333900,0.0,0.0
2023-03-13 00:00:00-04:00,242.22824622027488,252.51855056988012,240.59315835594796,248.61195373535156,33339700,0.0,0.0
2023-03-14 00:00:00-04:00,251.38277879923007,255.61247868470284,250.51138437002095,255.3383331298828,33620300,0.0,0.0
2023-03-15 00:00:00-04:00,254.54531996903435,260.9094422472111,253.79139713004062,259.89117431640625,46028000,0.0,0.0
2023-03-16 00:00:00-04:00,259.665957162543,270.7786991165704,257.7763096695362,270.4262390136719,54768800,0.0,0.0
2023-03-17 00:00:00-04:00,272.4431589301929,277.4071510542046,270.54371102205045,273.58868408203125,69527400,0.0,0.0
2023-03-20 00:00:00-04:00,271.18988829736253,271.6794360581046,264.20893244844024,266.5391845703125,43466600,0.0,0.0
2023-03-21 00:00:00-04:00,269.1338043529948,269.2512910447104,263.8858363792266,268.0567932128906,34558700,0.0,0.0
2023-03-22 00:00:00-04:00,267.6846819650657,275.16498531924117,266.49018435697667,266.597900390625,34873300,0.0,0.0
2023-03-23 00:00:00-04:00,272.12982794030694,275.184601369669,269.44711561214615,271.8556823730469,36610900,0.0,0.0
2023-03-24 00:00:00-04:00,271.44445936393123,274.76360784861777,269.52544032042374,274.7048645019531,28172000,0.0,0.0
2023-03-27 00:00:00-04:00,274.6362856404628,275.5762089469485,269.7603793312512,270.6024169921875,26840200,0.0,0.0
2023-03-28 00:00:00-04:00,270.02476204854537,270.3674514567512,266.3629244825979,269.4764709472656,21878600,0.0,0.0
2023-03-29 00:00:00-04:00,273.12847169713626,275.26292259083164,272.58998112520123,274.6460876464844,25087000,0.0,0.0
2023-03-30 00:00:00-04:00,278.28835097959796,278.51352384288515,275.59583810054556,278.1120910644531,25053400,0.0,0.0
2023-03-31 00:00:00-04:00,277.7988101339081,283.22297833808955,277.0840595769203,282.27325439453125,32766000,0.0,0.0
2023-04-03 00:00:00-04:00,280.5304066816727,282.24382365262437,278.01415418141534,281.2255859375,24883300,0.0,0.0
2023-04-04 00:00:00-04:00,281.2256084444779,284.37829711852913,279.6982218699312,281.1766357421875,25824300,0.0,0.0
2023-04-05 00:00:00-04:00,279.87447046132644,281.14728273137956,277.00572765537777,278.3960266113281,22064800,0.0,0.0
2023-04-06 00:00:00-04:00,277.28973525465466,285.9743109121668,276.13440928967464,285.5043640136719,29770300,0.0,0.0
2023-04-10 00:00:00-04:00,283.16422470598815,283.54608632492165,278.758294590068,283.3404846191406,23103000,0.0,0.0
2023-04-11 00:00:00-04:00,279.77660574444366,280.0018085197326,275.7525366234654,276.9176330566406,27276600,0.0,0.0
2023-04-12 00:00:00-04:00,278.83659319523866,281.01018622412647,276.06573642239,277.5637512207031,27403400,0.0,0.0
2023-04-13 00:00:00-04:00,277.6616894967238,283.8397797166335,277.2504861189615,283.7810363769531,24222700,0.0,0.0
2023-04-14 00:00:00-04:00,281.0004245840228,282.4494967636299,277.7596206838942,280.1584167480469,20987900,0.0,0.0
2023-04-17 00:00:00-04:00,283.86916963303577,285.5042723715686,280.17799011428394,282.7627868652344,23836200,0.0,0.0
2023-04-18 00:00:00-04:00,285.4748530730522,285.6608835895026,281.0101804374834,282.34173583984375,20161800,0.0,0.0
2023-04-19 00:00:00-04:00,280.01150857079625,283.00753836856154,278.591838043408,282.42010498046875,17150300,0.0,0.0
2023-04-20 00:00:00-04:00,279.2870204448904,282.988000624926,279.12056104553,280.1290283203125,23244400,0.0,0.0
2023-04-21 00:00:00-04:00,279.05199435523303,280.2856342624869,277.14274634027174,279.78631591796875,21676400,0.0,0.0
2023-04-24 00:00:00-04:00,276.19304795792937,278.9932766450886,272.8935008803915,275.8797302246094,26611000,0.0,0.0
2023-04-25 00:00:00-04:00,273.66706520813676,275.71337175925413,269.6135944229344,269.6625671386719,45772200,0.0,0.0
2023-04-26 00:00:00-04:00,290.4976789797235,293.307678595242,286.61066821898174,289.1954650878906,64599200,0.0,0.0
2023-04-27 00:00:00-04:00,289.7829594762134,298.8200236671266,289.0780093674142,298.4577331542969,46462600,0.0,0.0
2023-04-28 00:00:00-04:00,297.6548232687838,302.47195624653347,296.96944448822813,300.8368835449219,36469600,0.0,0.0
2023-05-01 00:00:00-04:00,300.55301390018957,302.1489447020698,298.7710525214258,299.1724853515625,21294100,0.0,0.0
2023-05-02 00:00:00-04:00,301.32648498759136,302.71678406961206,297.55696078190715,299.0256042480469,26404400,0.0,0.0
2023-05-03 00:00:00-04:00,300.21027546467184,302.1586660652437,297.733164896042,298.03668212890625,22360800,0.0,0.0
2023-05-04 00:00:00-04:00,299.83824048560797,301.32648498759136,297.0576124419387,299.0256042480469,22519900,0.0,0.0
2023-05-05 00:00:00-04:00,299.32910233190466,305.448449715473,297.9094017870665,304.1560363769531,28197100,0.0,0.0
2023-05-08 00:00:00-04:00,303.6469483411657,303.71549220994933,299.69139342347466,302.1978759765625,21318600,0.0,0.0
2023-05-09 00:00:00-04:00,301.5614319841714,303.5587952895824,299.90675810012203,300.58233642578125,21340800,0.0,0.0
2023-05-10 00:00:00-04:00,302.1684462755373,306.4568893157109,301.23832348494085,305.78131103515625,30078000,0.0,0.0
2023-05-11 00:00:00-04:00,303.61754869817486,304.6162154441753,299.8578252148701,303.6273193359375,31680200,0.0,0.0
2023-05-12 00:00:00-04:00,304.058158011807,304.15607355783874,300.1907479204044,302.5111999511719,19774700,0.0,0.0
2023-05-15 00:00:00-04:00,302.6384456998606,303.42171020151784,301.16000183238515,302.99090576171875,16336500,0.0,0.0
2023-05-16 00:00:00-04:00,303.35312967414006,307.1520247952151,303.35312967414006,305.22320556640625,26730300,0.0,0.0
2023-05-17 00:00:00-04:00,306.4301577933981,308.5299869808576,304.90922423008425,308.1080627441406,24315000,0.68,0.0
2023-05-18 00:00:00-04:00,308.62809167291,313.0534746659253,307.83329307901204,312.543212890625,27276000,0.0,0.0
2023-05-19 00:00:00-04:00,310.7966243634161,312.7689179460215,310.43357190083395,312.3666076660156,27546700,0.0,0.0
2023-05-22 00:00:00-04:00,312.62177529023154,316.53689709363704,312.04284968121516,315.1533508300781,24115700,0.0,0.0
2023-05-23 00:00:00-04:00,314.02496753538287,316.66449486892907,309.3346604791277,309.344482421875,30797200,0.0,0.0
2023-05-24 00:00:00-04:00,308.8244300073926,310.56120702002494,306.74418444642515,307.9609375,23384900,0.0,0.0
2023-05-25 00:00:00-04:00,317.17470817825347,320.7660354537529,313.99551318959146,319.804443359375,43301700,0.0,0.0
2023-05-26 00:00:00-04:00,317.9399988951654,327.14399507810526,317.8026414606866,326.6435852050781,36630600,0.0,0.0
2023-05-30 00:00:00-04:00,328.939735353525,329.44014532098214,324.31809251004455,324.9951477050781,29503100,0.0,0.0
2023-05-31 00:00:00-04:00,326.0549025994876,329.636407832276,321.18795072131485,322.22808837890625,45950600,0.0,0.0
2023-06-01 00:00:00-04:00,319.81423378408647,327.2716331746607,318.62694664026094,326.3394470214844,26773900,0.0,0.0
2023-06-02 00:00:00-04:00,327.9780910808691,331.16710767327845,326.30997811609336,329.10650634765625,25873800,0.0,0.0
2023-06-05 00:00:00-04:00,328.9298920270993,332.20721626429463,328.38040233133853,329.6363830566406,21307100,0.0,0.0
2023-06-06 00:00:00-04:00,329.0378566628356,329.0771144876542,325.9371772359314,327.4188232421875,20396200,0.0,0.0
2023-06-07 00:00:00-04:00,325.42688293374783,328.2135893193703,316.4485803635837,317.31207275390625,40717100,0.0,0.0
2023-06-08 00:00:00-04:00,317.8615607379673,320.51090965341575,317.28263514872793,319.15679931640625,23277700,0.0,0.0
2023-06-09 00:00:00-04:00,318.8918688562613,323.79804871469764,318.32276516845866,320.6581115722656,22529000,0.0,0.0
2023-06-12 00:00:00-04:00,322.41450809645136,325.86847794256755,319.0586977831723,325.6231689453125,24260300,0.0,0.0
2023-06-13 00:00:00-04:00,328.19397978099306,330.65689152573293,324.1905503980353,328.0173645019531,22951300,0.0,0.0
2023-06-14 00:00:00-04:00,328.0664239854366,332.6782449291993,326.5651341794789,331.0101318359375,26003800,0.0,0.0
2023-06-15 00:00:00-04:00,331.1474868081879,343.2755475907916,330.87274196684893,341.5682067871094,38899100,0.0,0.0
2023-06-16 00:00:00-04:00,344.7278258132524,344.87500521875836,335.53364962832507,335.906494140625,46552000,0.0,0.0
2023-06-20 00:00:00-04:00,332.943123305957,335.66113574405455,329.55784775287134,331.7067565917969,26375400,0.0,0.0
2023-06-21 00:00:00-04:00,330.0582649391525,331.3927611325537,325.83896318569987,327.3009948730469,25117800,0.0,0.0
2023-06-22 00:00:00-04:00,327.85052734982696,333.7379426283081,327.0851645614221,333.33563232421875,23556800,0.0,0.0
2023-06-23 00:00:00-04:00,328.0859928290581,331.61844775311465,327.1930945886858,328.7336120605469,23146900,0.0,0.0
2023-06-26 00:00:00-04:00,327.4580044139379,329.8031423475633,322.3261305245052,322.43408203125,21520600,0.0,0.0
2023-06-27 00:00:00-04:00,325.6329130408029,329.8424231990491,323.1209516740261,328.2920837402344,24354100,0.0,0.0
2023-06-28 00:00:00-04:00,328.3804225415333,331.6381330418555,327.54636600540425,329.548095703125,20259500,0.0,0.0
2023-06-29 00:00:00-04:00,328.4294449258427,329.8031691350396,326.37866558051627,328.7630615234375,16997000,0.0,0.0
2023-06-30 00:00:00-04:00,331.41242887349597,336.2989944894714,330.8727611005321,334.15008544921875,26832800,0.0,0.0
2023-07-03 00:00:00-04:00,332.8254444079519,334.50334959936004,330.25461085463917,331.64794921875,12508700,0.0,0.0
2023-07-05 00:00:00-04:00,328.8022915360956,335.2391958104979,328.4490610314349,331.80487060546875,18172400,0.0,0.0
2023-07-06 00:00:00-04:00,330.9708256570031,336.55405979331294,329.20461318273215,334.8663330078125,28161200,0.0,0.0
2023-07-07 00:00:00-04:00,332.95302725325797,335.3766815206191,330.67655240599004,330.8924255371094,21214800,0.0,0.0
2023-07-10 00:00:00-04:00,328.3215584005841,328.93974184694355,321.4430847345039,325.603515625,32791400,0.0,0.0
2023-07-11 00:00:00-04:00,324.84786894757605,326.6140811235852,320.86405464029747,326.2314147949219,26698200,0.0,0.0
2023-07-12 00:00:00-04:00,330.2840246615467,335.239254199601,329.3714824206285,330.8727722167969,29995300,0.0,0.0
2023-07-13 00:00:00-04:00,333.18844846906484,337.2900072046909,332.6585727165139,336.23028564453125,20567200,0.0,0.0
2023-07-14 00:00:00-04:00,341.06778168374007,344.8357239330472,337.84932914089796,338.7618713378906,28352700,0.0,0.0
2023-07-17 00:00:00-04:00,339.193596022569,340.4790125699391,335.7789144838815,339.24267578125,20363900,0.0,0.0
2023-07-18 00:00:00-04:00,339.34079062698265,359.89769425596677,335.74949366384544,352.7444763183594,64738600,0.0,0.0
2023-07-19 00:00:00-04:00,354.96209307208494,355.6587621887617,345.82678907790546,348.417236328125,39732900,0.0,0.0
2023-07-20 00:00:00-04:00,346.9355591197213,351.25299077675766,338.8894133468808,340.36126708984375,33778400,0.0,0.0
2023-07-21 00:00:00-04:00,342.59854299009623,343.7269583997206,333.45341629454475,337.3194885253906,69405400,0.0,0.0
2023-07-24 00:00:00-04:00,339.36047337459183,340.4104030714341,335.8868895829084,338.63433837890625,26678100,0.0,0.0
2023-07-25 00:00:00-04:00,340.59678737512286,345.2871238413171,338.595087649529,344.3941955566406,41637700,0.0,0.0
2023-07-26 00:00:00-04:00,335.03324796096075,338.20265126450255,326.85953468417625,331.4320983886719,58383700,0.0,0.0
2023-07-27 00:00:00-04:00,334.0912153820297,334.92524195448044,322.87566610660525,324.51434326171875,39635300,0.0,0.0
2023-07-28 00:00:00-04:00,327.40896167261354,333.629993034326,326.91834377394594,332.020751953125,28484900,0.0,0.0
2023-07-31 00:00:00-04:00,330.59799610493667,331.3633588709427,327.10476892592203,329.61676025390625,25446000,0.0,0.0
2023-08-01 00:00:00-04:00,328.9004543649791,332.1876005255044,327.43842249793084,330.02886962890625,18311900,0.0,0.0
2023-08-02 00:00:00-04:00,327.3697478835023,327.3697478835023,320.2361435127281,321.3547668457031,27761300,0.0,0.0
2023-08-03 00:00:00-04:00,319.88292875697346,323.6901291419594,319.8338789360626,320.5305480957031,18253700,0.0,0.0
2023-08-04 00:00:00-04:00,325.65258996189004,328.85142872245865,321.0996408070944,321.6295166015625,23741500,0.0,0.0
2023-08-07 00:00:00-04:00,322.20840022870215,324.8969767831622,321.37434379580344,323.9157409667969,17741500,0.0,0.0
2023-08-08 00:00:00-04:00,320.82490464522823,322.58132541763825,316.9392185852385,319.9319763183594,22327600,0.0,0.0
2023-08-09 00:00:00-04:00,320.3440854180899,320.9720608226161,315.0257736651899,316.18365478515625,22373300,0.0,0.0
2023-08-10 00:00:00-04:00,319.9025601772297,322.1005492501325,315.1533813786417,316.87054443359375,20113700,0.0,0.0
2023-08-11 00:00:00-04:00,314.25064527888804,316.3602966518782,313.22032953048887,314.986572265625,24355500,0.0,0.0
2023-08-14 00:00:00-04:00,315.35938689096906,317.9792696974629,314.0739404486972,317.95965576171875,18836100,0.0,0.0
2023-08-15 00:00:00-04:00,316.9392105100473,318.98999004348366,314.87860903477014,315.8205871582031,16966300,0.0,0.0
2023-08-16 00:00:00-04:00,315.44693875811095,319.0065586089997,314.46362532057526,315.0536193847656,20698900,0.68,0.0
2023-08-17 00:00:00-04:00,315.1913076048041,316.49910131427634,310.9335434813975,311.5923767089844,21257200,0.0,0.0
2023-08-18 00:00:00-04:00,309.24222157279775,313.0673251029197,306.35127777604174,311.19903564453125,24755000,0.0,0.0
2023-08-21 00:00:00-04:00,312.6249017619795,317.3841362303187,311.7497682172077,316.5090026855469,24040000,0.0,0.0
2023-08-22 00:00:00-04:00,320.06850470582657,320.638813261693,316.09591025429995,317.0792236328125,16084600,0.0,0.0
2023-08-23 00:00:00-04:00,318.4165278621223,323.70675834794656,318.0625194610532,321.54345703125,21166400,0.0,0.0
2023-08-24 00:00:00-04:00,327.2959435690594,327.4237791406636,314.62101663615346,314.630859375,23281400,0.0,0.0
2023-08-25 00:00:00-04:00,316.1057936940379,319.93086762464804,313.4803334316719,317.5906066894531,21684100,0.0,0.0
2023-08-28 00:00:00-04:00,320.2258392914253,320.70765324549666,316.35158216920695,318.2985534667969,14808500,0.0,0.0
2023-08-29 00:00:00-04:00,316.5089267598385,323.4904580066464,316.5089267598385,322.9299621582031,19284600,0.0,0.0
2023-08-30 00:00:00-04:00,323.1855960723184,324.30655763191555,321.0026393422181,323.3035888671875,15222100,0.0,0.0
2023-08-31 00:00:00-04:00,323.70683696860954,325.3882947591353,321.3272049422875,322.2908630371094,26411000,0.0,0.0
2023-09-01 00:00:00-04:00,325.78161725017856,326.4502632773638,321.3272079678276,323.17584228515625,14942000,0.0,0.0
2023-09-05 00:00:00-04:00,323.51012766421536,329.26251739486815,323.17580468951513,327.98419189453125,18553900,0.0,0.0
2023-09-06 00:00:00-04:00,327.81703513152416,328.87900042913225,324.67042016143193,327.32537841796875,17535800,0.0,0.0
2023-09-07 00:00:00-04:00,325.76188443553343,327.52199370609907,323.539586687025,324.4049072265625,18381000,0.0,0.0
2023-09-08 00:00:00-04:00,324.58192625722756,330.5506459747243,323.9624339954705,328.6921691894531,19530100,0.0,0.0
2023-09-11 00:00:00-04:00,331.61263290676015,332.77296563529865,329.8328378843995,332.30096435546875,16583300,0.0,0.0
2023-09-12 00:00:00-04:00,330.2162623454097,331.1700773968811,325.948686447505,326.23382568359375,17565500,0.0,0.0
2023-09-13 00:00:00-04:00,325.7815623439832,331.2291270189504,325.64391407139624,330.4523010253906,16544400,0.0,0.0
2023-09-14 00:00:00-04:00,333.4907212996785,335.1721787492822,330.9537860249842,333.0482482910156,20267000,0.0,0.0
2023-09-15 00:00:00-04:00,331.29795899971333,331.7699302193474,324.1492514827947,324.7097473144531,37679800,0.0,0.0
2023-09-18 00:00:00-04:00,322.33010736077415,324.8867280980945,320.9141337218996,323.569091796875,16834200,0.0,0.0
2023-09-19 00:00:00-04:00,320.72726561315443,323.89353517893704,319.09496217158096,323.1658630371094,16505900,0.0,0.0
2023-09-20 00:00:00-04:00,324.01159870782635,324.09025057389067,315.1617783626277,315.41741943359375,21436500,0.0,0.0
2023-09-21 00:00:00-04:00,313.93260581832857,319.9209800628248,309.74368166363735,314.1980895996094,35560400,0.0,0.0
2023-09-22 00:00:00-04:00,315.9582935275562,316.0861290808594,310.87454964946875,311.72021484375,21447900,0.0,0.0
2023-09-25 00:00:00-04:00,311.3071733116646,312.36916854605823,309.7437086689083,312.2413330078125,17836000,0.0,0.0
2023-09-26 00:00:00-04:00,309.87158577781963,310.60907089739686,304.8468382254269,306.9314880371094,26297600,0.0,0.0
2023-09-27 00:00:00-04:00,307.08874321728234,309.055369891766,304.52230981108517,307.5705871582031,19410100,0.0,0.0
2023-09-28 00:00:00-04:00,305.8005680361721,310.21566479027234,304.28628728658896,308.4063720703125,19683600,0.0,0.0
2023-09-29 00:00:00-04:00,312.4478279409763,314.1391281627372,309.7240606687745,310.481201171875,24147300,0.0,0.0
2023-10-02 00:00:00-04:00,311.0023277139253,316.51873090270954,309.9206770878558,316.4302062988281,20570000,0.0,0.0
2023-10-03 00:00:00-04:00,315.47643841498,316.02712155021527,306.0169679036218,308.1606140136719,21033500,0.0,0.0
2023-10-04 00:00:00-04:00,308.7899364537143,314.69966017701324,308.76043824911994,313.6376647949219,20720100,0.0,0.0
2023-10-05 00:00:00-04:00,313.76546101615116,314.6406243233155,309.64537557701226,314.03094482421875,16965600,0.0,0.0
2023-10-06 00:00:00-04:00,311.26779630289883,323.69689014771905,311.02196799117377,321.7991027832031,25673600,0.0,0.0
2023-10-09 00:00:00-04:00,319.33100051797163,324.78837743803706,317.78719140430474,324.31640625,19891200,0.0,0.0
2023-10-10 00:00:00-04:00,325.4374015243932,325.57507980738603,322.202321974192,322.9103088378906,20557100,0.0,0.0
2023-10-11 00:00:00-04:00,325.6831856730943,327.26633567090187,323.6477499735418,326.8730163574219,20063200,0.0,0.0
2023-10-12 00:00:00-04:00,325.05388196216046,328.06281823338145,323.23474637127896,325.634033203125,19313100,0.0,0.0
2023-10-13 00:00:00-04:00,326.8337234807313,328.25950995278436,320.91415741201166,322.2613220214844,21072400,0.0,0.0
2023-10-16 00:00:00-04:00,325.52583051903275,330.53092123218164,325.0833575736201,327.0893249511719,22158000,0.0,0.0
2023-10-17 00:00:00-04:00,324.0902273964624,327.8956450714172,321.9466116014847,326.5190124511719,18338500,0.0,0.0
2023-10-18 00:00:00-04:00,326.94182238673613,329.9900995519493,322.82173734889005,324.6015319824219,23153600,0.0,0.0
2023-10-19 00:00:00-04:00,326.60754929555145,331.2586326156587,325.38825024680347,325.7914123535156,25052100,0.0,0.0
2023-10-20 00:00:00-04:00,326.1847456816056,326.38142037907215,320.01938102368644,321.2190246582031,25027700,0.0,0.0
2023-10-23 00:00:00-04:00,320.0390357293436,327.1779011119036,318.97707038724695,323.8247985839844,24374700,0.0,0.0
2023-10-24 00:00:00-04:00,325.77172794180206,326.3027255972939,322.13348624926266,325.01458740234375,31153600,0.0,0.0
2023-10-25 00:00:00-04:00,339.2628021799774,340.4231348794275,331.98628851300685,334.98541259765625,55053800,0.0,0.0
2023-10-26 00:00:00-04:00,334.8575167574631,335.929324644414,321.48444998869064,322.4186096191406,37828500,0.0,0.0
2023-10-27 00:00:00-04:00,324.91622907683893,331.1012785656195,322.92010413957604,324.30657958984375,29856500,0.0,0.0
2023-10-30 00:00:00-04:00,327.846541065036,333.7857627071757,326.29288900889105,331.68145751953125,22828100,0.0,0.0
2023-10-31 00:00:00-04:00,333.1957815178894,333.3432725394677,329.105193805489,332.4681091308594,20265300,0.0,0.0
2023-11-01 00:00:00-04:00,334.12011087039247,341.6227978631735,333.98243257296474,340.2953186035156,28158800,0.0,0.0
2023-11-02 00:00:00-04:00,341.4457865467099,343.0092514858461,339.01700088465213,342.5077819824219,24348100,0.0,0.0
2023-11-03 00:00:00-04:00,343.7959073621998,348.47648927328174,341.53426828379986,346.9129943847656,23637700,0.0,0.0
2023-11-06 00:00:00-05:00,347.5521572342444,351.57390571697306,347.45381988578487,350.58074951171875,23828300,0.0,0.0
2023-11-07 00:00:00-05:00,353.40285853517474,356.41179538181575,351.66240447944193,354.5140075683594,25833900,0.0,0.0
2023-11-08 00:00:00-05:00,355.6448096480016,357.7982685541479,354.53366062237825,357.13946533203125,26767800,0.0,0.0
2023-11-09 00:00:00-05:00,356.25438460418644,358.70285504450464,354.3467544656816,354.6712646484375,24847300,0.0,0.0
2023-11-10 00:00:00-05:00,355.45796855398606,363.92431294177396,355.04499371068613,363.5014953613281,28042100,0.0,0.0
2023-11-13 00:00:00-05:00,362.0756513284613,362.3214796716584,359.79435710159004,360.56134033203125,19986500,0.0,0.0
2023-11-14 00:00:00-05:00,364.81910296344984,365.7434199318085,361.22017242867213,364.0914306640625,27683900,0.0,0.0
2023-11-15 00:00:00-05:00,365.8255911591098,367.64841915601704,361.71683864791095,364.2392578125,26860100,0.75,0.0
2023-11-16 00:00:00-05:00,365.51028582126,370.8211167467286,364.74174586188934,370.6437683105469,27182300,0.0,0.0
2023-11-17 00:00:00-05:00,368.12133741912425,368.8701819959366,361.60845836518695,364.4165954589844,40157000,0.0,0.0
2023-11-20 00:00:00-05:00,365.766486587499,373.304096039392,365.54971735826314,371.8951110839844,52465100,0.0,0.0
2023-11-21 00:00:00-05:00,370.1511657162715,370.6930738149233,365.6679902657953,367.58935546875,28423100,0.0,0.0
2023-11-22 00:00:00-05:00,372.4468931555256,374.2106051165785,369.4614073576045,372.2991027832031,23345300,0.0,0.0
2023-11-24 00:00:00-05:00,371.786716969812,372.41732930761407,369.6289174288519,371.88525390625,10176600,0.0,0.0
2023-11-27 00:00:00-05:00,371.24480993983406,375.0481191981454,370.67334381773094,373.04791259765625,22179200,0.0,0.0
2023-11-28 00:00:00-05:00,372.79177939368793,377.3734616214554,372.60456822128583,377.077880859375,20453100,0.0,0.0
2023-11-29 00:00:00-05:00,378.122265050378,378.654310364066,371.89510374186113,373.2843933105469,28963400,0.0,0.0
2023-11-30 00:00:00-05:00,372.9296627723548,374.5061634778247,369.9540398668522,373.343505859375,30554400,0.0,0.0
2023-12-01 00:00:00-05:00,371.22509383375666,372.6045206628206,365.85514681042775,369.0081481933594,33040500,0.0,0.0
2023-12-04 00:00:00-05:00,363.67758971521135,364.0914026926199,357.56866135332547,363.7170104980469,32063300,0.0,0.0
2023-12-05 00:00:00-05:00,361.0665294174841,367.59910345060933,360.24870603092694,367.0473327636719,23065000,0.0,0.0
2023-12-06 00:00:00-05:00,368.0523432541626,368.6829253969586,362.6232808801178,363.3819580078125,21182100,0.0,0.0
2023-12-07 00:00:00-05:00,362.82041555159645,365.99311236097066,360.93847138160504,365.5004577636719,23118900,0.0,0.0
2023-12-08 00:00:00-05:00,363.7761351529084,368.95884062033406,362.820384114192,368.73223876953125,20154400,0.0,0.0
2023-12-11 00:00:00-05:00,363.06672692464986,366.140886665869,360.7216863332907,365.84527587890625,27708800,0.0,0.0
2023-12-12 00:00:00-05:00,365.40189538840474,368.9194561848198,365.01761039602826,368.8800354003906,24838300,0.0,0.0
2023-12-13 00:00:00-05:00,370.4959629431741,372.0921891414662,365.32308952611504,368.8702087402344,30955500,0.0,0.0
2023-12-14 00:00:00-05:00,367.8258172782938,368.26921849690297,358.78068500039916,360.5542297363281,43277500,0.0,0.0
2023-12-15 00:00:00-05:00,361.46071708829936,366.9291715904146,360.89908357942716,365.2837219238281,78502300,0.0,0.0
2023-12-18 00:00:00-05:00,364.0224743454713,367.52030977000646,363.26376706221674,367.1754455566406,21802900,0.0,0.0
2023-12-19 00:00:00-05:00,366.03250325578983,367.7765197753906,364.4067490977682,367.7765197753906,20603700,0.0,0.0
2023-12-20 00:00:00-05:00,369.490921222126,370.50578841631284,365.08658823838834,365.1752624511719,26316700,0.0,0.0
2023-12-21 00:00:00-05:00,367.0867239874754,368.90955167790554,364.6037560961957,368.0523376464844,17708000,0.0,0.0
2023-12-22 00:00:00-05:00,368.19028473879933,369.66824833849194,367.2345337415616,369.0770568847656,17107500,0.0,0.0
2023-12-26 00:00:00-05:00,369.4909463405908,371.4024485751995,368.01298255522846,369.15594482421875,12673100,0.0,0.0
2023-12-27 00:00:00-05:00,368.2002236622604,369.5500925516314,367.33314669322573,368.57464599609375,14905400,0.0,0.0
2023-12-28 00:00:00-05:00,369.8554894003956,370.92947276145065,368.66327375287557,369.7668151855469,14327000,0.0,0.0
2023-12-29 00:00:00-05:00,370.4762957614539,371.61925815456027,367.9933271573456,370.5157165527344,18730800,0.0,0.0
2024-01-02 00:00:00-05:00,368.36763432010537,370.3776732414385,361.38179662508963,365.42156982421875,25258600,0.0,0.0
2024-01-03 00:00:00-05:00,363.58894066618615,367.7765045721429,363.09628608901477,365.15557861328125,23083500,0.0,0.0
2024-01-04 00:00:00-05:00,365.2245421546535,367.6188360826796,361.7759602590735,362.5346374511719,20901500,0.0,0.0
2024-01-05 00:00:00-05:00,363.54952100172824,366.59412268972636,361.11580618022657,362.3474426269531,21004600,0.0,0.0
2024-01-08 00:00:00-05:00,363.8746851951502,369.6880336849266,363.5889671694232,369.1855163574219,23134000,0.0,0.0
2024-01-09 00:00:00-05:00,366.54488061699703,370.4663919405634,365.73691986628984,370.26934814453125,20830000,0.0,0.0
2024-01-10 00:00:00-05:00,370.8407867125645,378.5262158492707,370.7915332845255,377.1467590332031,25514200,0.0,0.0
2024-01-11 00:00:00-05:00,380.3293610152563,384.9406009736396,374.79192797943045,378.9794921875,27850800,0.0,0.0
2024-01-12 00:00:00-05:00,379.82685960129345,382.9699985676337,378.9992034255686,382.7630920410156,21661200,0.0,0.0
2024-01-16 00:00:00-05:00,387.8768338056293,388.24139340844187,381.925557656747,384.53662109375,27202300,0.0,0.0
2024-01-17 00:00:00-05:00,382.28028145481545,384.37896483224864,379.1568380014038,383.7483825683594,22234100,0.0,0.0
2024-01-18 00:00:00-05:00,385.9653010602353,388.2019420036005,384.3888004079398,388.0837097167969,23392100,0.0,0.0
2024-01-19 00:00:00-05:00,389.9459184488016,392.81317138671875,387.7191103782191,392.81317138671875,29331100,0.0,0.0
2024-01-22 00:00:00-05:00,394.14341273142753,394.73460432133396,387.80788119131773,390.68499755859375,27016900,0.0,0.0
2024-01-23 00:00:00-05:00,389.93613781643626,393.5128152245442,388.14286775502507,393.03985595703125,20525900,0.0,0.0
2024-01-24 00:00:00-05:00,395.64108304053997,399.6709942481896,394.5670995707582,396.6460876464844,24867000,0.0,0.0
2024-01-25 00:00:00-05:00,398.3802111244257,401.03069519921775,396.6164992894369,398.922119140625,21021200,0.0,0.0
2024-01-26 00:00:00-05:00,398.429510169981,400.20308492188695,396.5180077543924,397.9959716796875,17803300,0.0,0.0
2024-01-29 00:00:00-05:00,400.0946315969203,403.9570567007328,398.39003594013263,403.70086669921875,24510200,0.0,0.0
2024-01-30 00:00:00-05:00,406.2035612023494,406.9819337836752,400.47891742664234,402.58746337890625,33477600,0.0,0.0
2024-01-31 00:00:00-05:00,400.98143260936786,409.21863334219495,391.3746676938224,391.7392272949219,47871100,0.0,0.0
2024-02-01 00:00:00-05:00,395.92680994843744,402.00618136275216,395.89725187316617,397.8481750488281,30657700,0.0,0.0
2024-02-02 00:00:00-05:00,397.87768854138443,406.587817886619,397.6313612519742,405.1788330078125,28256700,0.0,0.0
2024-02-05 00:00:00-05:00,403.87823795810993,405.11973718115985,398.05505693610314,399.690673828125,25352300,0.0,0.0
2024-02-06 00:00:00-05:00,399.91724394896175,401.9765362650589,396.990874853614,399.532958984375,18382600,0.0,0.0
2024-02-07 00:00:00-05:00,401.45437538113845,408.2135819340869,401.4149545944821,407.9672546386719,22340500,0.0,0.0
2024-02-08 00:00:00-05:00,407.9672815558181,409.4551081404497,406.4696223258111,408.0263977050781,21225300,0.0,0.0
2024-02-09 00:00:00-05:00,409.1496384913206,414.6378178606117,408.9919854136341,414.37176513671875,22032800,0.0,0.0
2024-02-12 00:00:00-05:00,414.381611300105,414.5589597294503,408.6569675775543,409.15948486328125,21202900,0.0,0.0
2024-02-13 00:00:00-05:00,398.991129023294,404.04577027322716,397.46391171761815,400.3508605957031,27824900,0.0,0.0
2024-02-14 00:00:00-05:00,402.81865792132635,404.5658693954015,399.3636985334278,404.2203674316406,20401200,0.75,0.0
2024-02-15 00:00:00-05:00,402.8877787891035,403.86502912534854,399.08731730113595,401.3280944824219,21825500,0.0,0.0
2024-02-16 00:00:00-05:00,402.71009676405504,403.03586697919485,398.24827391084835,398.86029052734375,22296500,0.0,0.0
2024-02-20 00:00:00-05:00,398.05078888046796,399.284702922107,392.8881118101571,397.6065979003906,24307900,0.0,0.0
2024-02-21 00:00:00-05:00,395.0203117904289,397.1130251474651,392.10826265454955,397.0044250488281,18518900,0.0,0.0
2024-02-22 00:00:00-05:00,404.9113664023,407.51737721520215,403.3122186108832,406.3525695800781,27009900,0.0,0.0
2024-02-23 00:00:00-05:00,410.3208439519873,410.5083711673126,403.70705278478863,405.0594177246094,16295900,0.0,0.0
2024-02-26 00:00:00-05:00,406.1650087554213,406.8560126685655,402.1177646745505,402.29547119140625,16193500,0.0,0.0
2024-02-27 00:00:00-05:00,402.7397141163555,403.0654843352299,398.65300594895484,402.2362976074219,14835800,0.0,0.0
2024-02-28 00:00:00-05:00,402.9272164600946,404.03279861285756,400.10403561463596,402.47314453125,13183100,0.0,0.0
2024-02-29 00:00:00-05:00,403.3812996686875,408.8697466169625,400.69630165533437,408.31695556640625,31947300,0.0,0.0
2024-03-01 00:00:00-05:00,405.9774393001269,410.5182488621106,405.5924737956083,410.15301513671875,17823400,0.0,0.0
2024-03-04 00:00:00-05:00,408.11957070674777,411.9792577390108,407.01398846090547,409.5805358886719,17596000,0.0,0.0
2024-03-05 00:00:00-05:00,408.63286696668945,408.91914348036823,395.48430086662944,397.4684143066406,26919200,0.0,0.0
2024-03-06 00:00:00-05:00,397.7843298406592,399.9461499534846,393.263281415692,396.9156494140625,22344100,0.0,0.0
2024-03-07 00:00:00-05:00,400.8937223940283,404.50662623949256,397.06364847725683,403.8748779296875,18718500,0.0,0.0
2024-03-08 00:00:00-05:00,402.7100302645635,405.1383946723733,399.12673923888235,400.992431640625,18002200,0.0,0.0
2024-03-11 00:00:00-04:00,398.56407085285036,400.45934573429287,396.09624305160145,399.31427001953125,16120800,0.0,0.0
2024-03-12 00:00:00-04:00,402.3744232866482,410.22212853968995,401.55511762855593,409.93585205078125,22457000,0.0,0.0
2024-03-13 00:00:00-04:00,412.7196031326607,412.79856038183436,406.15518600344376,409.7582092285156,17115900,0.0,0.0
2024-03-14 00:00:00-04:00,414.8320308055619,422.31450262164736,412.6109854719372,419.7479553222656,34157300,0.0,0.0
2024-03-15 00:00:00-04:00,413.89431092525524,417.1617132738892,407.4779571696519,411.0612487792969,45079900,0.0,0.0
2024-03-18 00:00:00-04:00,408.9191153478435,415.3157366151304,408.45516246098214,411.9496154785156,20106000,0.0,0.0
2024-03-19 00:00:00-04:00,412.4530828906041,416.24369382284954,410.2024245948162,415.9870300292969,19837900,0.0,0.0
2024-03-20 00:00:00-04:00,416.56942843935633,420.4784601385664,415.2466760493423,419.75787353515625,17860100,0.0,0.0
2024-03-21 00:00:00-04:00,424.29864595105556,425.27592645181124,421.66302217216105,423.8445739746094,21296200,0.0,0.0
2024-03-22 00:00:00-04:00,424.17032397071773,424.3282384659813,420.58703259669744,423.22265625,17648500,0.0,0.0
2024-03-25 00:00:00-04:00,419.76765094071106,421.90973884398613,416.1843599578435,417.41827392578125,18060500,0.0,0.0
2024-03-26 00:00:00-04:00,420.1329081875438,420.5080228747841,415.9277496341745,416.223876953125,16725600,0.0,0.0
2024-03-27 00:00:00-04:00,418.9780192938283,418.987900246969,413.61790346357526,416.0067443847656,16705000,0.0,0.0
2024-03-28 00:00:00-04:00,415.54274902029323,416.4410420434957,413.7264311944793,415.30584716796875,21871200,0.0,0.0
2024-04-01 00:00:00-04:00,418.49430668541237,422.38360623153415,416.78655877307597,419.1063232421875,16316000,0.0,0.0
2024-04-02 00:00:00-04:00,414.7037305350885,416.944537944627,412.4629532504076,416.0166320800781,17912000,0.0,0.0
2024-04-03 00:00:00-04:00,414.3286014685427,417.8131735008708,413.6968230222425,415.0393371582031,16502300,0.0,0.0
2024-04-04 00:00:00-04:00,419.5209306414664,423.15359679910677,412.19643310660484,412.50244140625,19370900,0.0,0.0
2024-04-05 00:00:00-04:00,414.6049948261761,421.0213477789878,412.9367406484567,420.0440673828125,16554800,0.0,0.0
2024-04-08 00:00:00-04:00,419.698621129678,421.7814536782747,417.85266032435015,419.1260681152344,14272400,0.0,0.0
2024-04-09 00:00:00-04:00,420.9522866687586,422.23554534749115,416.19430642939574,420.7943420410156,12496900,0.0,0.0
2024-04-10 00:00:00-04:00,416.7569946282444,418.5733127302172,414.29904716210126,417.813232421875,16216600,0.0,0.0
2024-04-11 00:00:00-04:00,420.340202357621,423.8445059638332,416.9247068169411,422.42303466796875,17966400,0.0,0.0
2024-04-12 00:00:00-04:00,418.59299879164644,419.70846193552615,414.36807820345115,416.4706726074219,19253800,0.0,0.0
2024-04-15 00:00:00-04:00,421.1101672183344,421.3273372828282,408.109636328808,408.31695556640625,20273500,0.0,0.0
2024-04-16 00:00:00-04:00,409.23499170212773,413.01569096987436,408.4058051032582,409.2448425292969,16765600,0.0,0.0
2024-04-17 00:00:00-04:00,411.88051429574114,413.4895430541291,405.04955278693666,406.5401306152344,15855500,0.0,0.0
2024-04-18 00:00:00-04:00,405.34567475168,406.58946965845195,398.7516458051748,399.0675048828125,21029900,0.0,0.0
2024-04-19 00:00:00-04:00,398.8306438099327,400.2619961941858,392.6511924508159,393.98382568359375,30565800,0.0,0.0
2024-04-22 00:00:00-04:00,394.93142960410273,397.66580225513326,390.6571648456916,395.80010986328125,20286900,0.0,0.0
2024-04-23 00:00:00-04:00,399.0379094531618,402.9469707225358,397.87310185893836,402.3250732421875,15734500,0.0,0.0
2024-04-24 00:00:00-04:00,404.28949460726244,407.16205031795823,401.5452707861117,403.7959289550781,15065300,0.0,0.0
2024-04-25 00:00:00-04:00,388.9593694617433,394.74397490944534,383.0365812882529,393.9049072265625,40586500,0.0,0.0
2024-04-26 00:00:00-04:00,406.86594145886636,407.6852472237732,400.5384258954466,401.0912170410156,29694700,0.0,0.0
2024-04-29 00:00:00-04:00,400.0349103833964,401.0911479751383,394.05289784724425,397.0735168457031,19582100,0.0,0.0
2024-04-30 00:00:00-04:00,396.323344705487,396.9847359459567,384.16190971715395,384.31982421875,28781400,0.0,0.0
2024-05-01 00:00:00-04:00,387.5575420390079,396.5503223805954,385.28715246915397,389.8575744628906,23562500,0.0,0.0
2024-05-02 00:00:00-04:00,392.5426299953367,394.7834071649824,389.5713551906569,392.7203063964844,17709400,0.0,0.0
2024-05-03 00:00:00-04:00,397.10317892533544,401.9105035456356,396.68857052359846,401.42681884765625,17446700,0.0,0.0
2024-05-06 00:00:00-04:00,403.4998057579773,408.60325778406036,401.1405474563734,408.2182922363281,16996600,0.0,0.0
2024-05-07 00:00:00-04:00,409.32384154303776,409.33372249534176,403.8255133338143,404.0722961425781,20018200,0.0,0.0
2024-05-08 00:00:00-04:00,402.917370243468,406.92512065552296,401.4761369476161,405.2568664550781,11792300,0.0,0.0
2024-05-09 00:00:00-04:00,405.28649730886616,407.40882353824776,403.83541312066325,407.01397705078125,14689700,0.0,0.0
2024-05-10 00:00:00-04:00,407.62600771381045,410.0346105329173,406.50066355453686,409.40283203125,13402300,0.0,0.0
2024-05-13 00:00:00-04:00,412.63073648454196,412.96635748889184,405.53326050690544,408.39593505859375,15440200,0.0,0.0
2024-05-14 00:00:00-04:00,406.7177872432058,412.1173961263277,406.2538343729978,411.1993713378906,15109300,0.0,0.0
2024-05-15 00:00:00-04:00,413.26623802905556,419.1107104287916,412.64321876209584,418.3887939453125,22239500,0.75,0.0
2024-05-16 00:00:00-04:00,417.12294600008903,420.70283173045664,415.6890421322498,416.3219299316406,17530100,0.0,0.0
2024-05-17 00:00:00-04:00,417.8547794230839,418.2305707168696,413.39477777187733,415.55059814453125,15352200,0.0,0.0
2024-05-20 00:00:00-04:00,415.55059617800293,422.0378548149535,415.33303438679826,420.62371826171875,16272100,0.0,0.0
2024-05-21 00:00:00-04:00,422.0971677395987,428.1691000651555,420.13914188778193,424.2826843261719,21453300,0.0,0.0
2024-05-22 00:00:00-04:00,425.32108253196407,427.61536520540614,422.393911984686,425.7463073730469,18073700,0.0,0.0
2024-05-23 00:00:00-04:00,428.1691242148773,428.792143449846,420.7028525285379,422.26531982421875,17211700,0.0,0.0
2024-05-24 00:00:00-04:00,422.45322015153533,426.28030386108634,419.704046646492,425.3902893066406,11855300,0.0,0.0
2024-05-28 00:00:00-04:00,424.86617140902985,426.0429788375184,421.8697699331016,425.54852294921875,15718000,0.0,0.0
2024-05-29 00:00:00-04:00,420.96986151310944,426.1616484009117,420.96986151310944,424.4112854003906,15517100,0.0,0.0
2024-05-30 00:00:00-04:00,419.59521565544946,419.59521565544946,409.64676652386225,410.072021484375,28394500,0.0,0.0
2024-05-31 00:00:00-04:00,412.1289792567511,412.1289792567511,400.024708875454,410.5269470214844,47995300,0.0,0.0
2024-06-03 00:00:00-04:00,410.92250624898264,411.81252080542527,404.38581394057536,408.9347839355469,17484700,0.0,0.0
2024-06-04 00:00:00-04:00,407.856889503619,411.8224355088356,405.13738203313136,411.45654296875,14348900,0.0,0.0
2024-06-05 00:00:00-04:00,413.17723696234333,419.3777030871155,411.6839704862112,419.3085021972656,16988000,0.0,0.0
2024-06-06 00:00:00-04:00,419.3084807052153,420.5940539083252,415.9164904670929,419.81280517578125,14861300,0.0,0.0
2024-06-07 00:00:00-04:00,421.4742479856217,421.5533476557977,418.30971795306937,419.1502990722656,13621700,0.0,0.0
2024-06-10 00:00:00-04:00,419.9908379970184,423.33333440686357,419.1898218829819,423.12567138671875,13982900,0.0,0.0
2024-06-11 00:00:00-04:00,420.76217780161693,428.02078634829667,420.5347172370151,427.88232421875,14551100,0.0,0.0
2024-06-12 00:00:00-04:00,430.493059431206,438.48345289149796,428.4460049171592,436.1694030761719,22366200,0.0,0.0
2024-06-13 00:00:00-04:00,435.96176849341106,438.47361288924054,434.498168180252,436.68365478515625,15960600,0.0,0.0
2024-06-14 00:00:00-04:00,433.42024926631433,438.2263761607837,431.877549319742,437.6626892089844,13582000,0.0,0.0
2024-06-17 00:00:00-04:00,437.68246749988464,445.9398870196781,435.8332072728674,443.39837646484375,20790000,0.0,0.0
2024-06-18 00:00:00-04:00,444.7234969265718,445.14875191744164,439.95696520327493,441.390869140625,17112500,0.0,0.0
2024-06-20 00:00:00-04:00,441.35131853440595,441.57877910996035,436.37709345219747,440.75799560546875,19877400,0.0,0.0
2024-06-21 00:00:00-04:00,442.4193728058131,445.58387250760194,441.5590243550793,444.7927551269531,34187100,0.0,0.0
2024-06-24 00:00:00-04:00,444.812502964026,447.72980476303803,441.4601077502006,442.7061462402344,15913700,0.0,0.0
2024-06-25 00:00:00-04:00,443.27969425576566,446.4145577985047,441.79632662300793,445.94976806640625,16413400,0.0,0.0
2024-06-26 00:00:00-04:00,444.0213670965085,448.5703670936918,443.2203510089548,447.1463317871094,16507000,0.0,0.0
2024-06-27 00:00:00-04:00,447.1661206636861,451.11189918090986,446.76066321308457,447.8287048339844,14806300,0.0,0.0
2024-06-28 00:00:00-04:00,448.04624507062687,450.33062875420535,441.46008932267114,441.9941101074219,28362300,0.0,0.0
2024-07-01 00:00:00-04:00,443.6851547691378,452.2985677661532,440.7184194830795,451.6656799316406,17662800,0.0,0.0
2024-07-02 00:00:00-04:00,448.1748078930114,454.4939381515054,448.085779279666,454.1873779296875,13979800,0.0,0.0
2024-07-03 00:00:00-04:00,453.1095094538045,455.90811662700247,452.8029492037819,455.660888671875,9932800,0.0,0.0
2024-07-05 00:00:00-04:00,454.5137192746822,463.15682857412344,453.88083144181417,462.3755798339844,16000300,0.0,0.0
2024-07-08 00:00:00-04:00,461.37678118625774,462.5140538822785,459.30995917726233,461.0702209472656,12962300,0.0,0.0
2024-07-09 00:00:00-04:00,461.8217923289273,462.14811993117183,452.9215864810465,454.44451904296875,17207200,0.0,0.0
2024-07-10 00:00:00-04:00,456.1059138794407,461.2878021935715,453.7720662754438,461.08013916015625,18196100,0.0,0.0
2024-07-11 00:00:00-04:00,457.84639154158754,459.6264206924659,446.54310684217364,449.658203125,23111200,0.0,0.0
2024-07-12 00:00:00-04:00,449.2922850558392,451.2997748037469,445.65309687289607,448.52093505859375,16324300,0.0,0.0
2024-07-15 00:00:00-04:00,448.2737061930426,452.18981864416236,446.4244459584992,448.9263916015625,14429400,0.0,0.0
2024-07-16 00:00:00-04:00,449.1835423040314,449.26264197328965,441.7073711225493,444.53564453125,17175700,0.0,0.0
2024-07-17 00:00:00-04:00,437.6824616204732,439.9174119033302,434.3102688250729,438.6021423339844,21778000,0.0,0.0
2024-07-18 00:00:00-04:00,439.4130413837652,439.7196016105417,429.5832562189407,435.487060546875,20794800,0.0,0.0
2024-07-19 00:00:00-04:00,428.2976983913284,436.2485575608238,427.20988939637874,432.2632141113281,20940400,0.0,0.0
2024-07-22 00:00:00-04:00,436.8913524368939,439.670192179698,434.04328162510484,438.0285949707031,15808800,0.0,0.0
2024-07-23 00:00:00-04:00,438.9779716060993,443.4182064095746,438.1868541843924,439.9174499511719,13107100,0.0,0.0
2024-07-24 00:00:00-04:00,435.5662371027095,436.5848151026753,422.848814998133,424.144287109375,26805800,0.0,0.0
2024-07-25 00:00:00-04:00,424.0453575896341,425.0342693658965,412.88056536465024,413.76068115234375,29943800,0.0,0.0
2024-07-26 00:00:00-04:00,413.5629210032518,424.1640565570156,412.64321010602674,420.55450439453125,23583800,0.0,0.0
2024-07-29 00:00:00-04:00,426.79458110155144,427.35826812303947,419.9908926346212,421.9983825683594,15125800,0.0,0.0
2024-07-30 00:00:00-04:00,422.97732451431415,424.2925638306224,412.7321833431071,418.2305603027344,32687600,0.0,0.0
2024-07-31 00:00:00-04:00,415.8373969334193,417.10320278469345,407.6393099563061,413.71124267578125,42891400,0.0,0.0
2024-08-01 00:00:00-04:00,416.12417291556886,422.7201972162586,408.50954056683383,412.4849548339844,30296400,0.0,0.0
2024-08-02 00:00:00-04:00,407.91621848675555,410.3983967606497,399.8565933572946,403.9605712890625,29437900,0.0,0.0
2024-08-05 00:00:00-04:00,384.85479031825656,396.5931676964823,381.3045706583986,390.7684631347656,40709200,0.0,0.0
2024-08-06 00:00:00-04:00,395.5647061878266,401.1718491768835,394.0813385396222,395.17901611328125,24946500,0.0,0.0
2024-08-07 00:00:00-04:00,404.1089265381238,405.532931744476,393.06276861454995,394.0121154785156,20650900,0.0,0.0
2024-08-08 00:00:00-04:00,397.97762559147657,401.35968669348046,395.5053463499925,398.224853515625,20203000,0.0,0.0
2024-08-09 00:00:00-04:00,399.5500195790903,403.5254340135955,397.799656617914,401.5179443359375,19276700,0.0,0.0
2024-08-12 00:00:00-04:00,402.5464528145219,404.2276150210423,399.75771417136446,402.2992248535156,16762900,0.0,0.0
2024-08-13 00:00:00-04:00,405.0483692456352,410.34895203900766,405.0286018746959,409.41937255859375,19414300,0.0,0.0
2024-08-14 00:00:00-04:00,410.2005761710246,413.08821172004394,407.87665773392825,412.23773193359375,18267000,0.0,0.0
2024-08-15 00:00:00-04:00,415.8934346982465,417.19124174906176,413.7733647214418,417.11199951171875,20752100,0.75,0.0
2024-08-16 00:00:00-04:00,416.6859891605723,417.4190931983878,413.4166801400684,414.5758056640625,22775600,0.0,0.0
2024-08-19 00:00:00-04:00,415.06120860773046,417.8252537249248,412.58447325666395,417.6072998046875,15234000,0.0,0.0
2024-08-20 00:00:00-04:00,417.7757654099591,421.8970267669262,417.7163261753405,420.8468933105469,16387600,0.0,0.0
2024-08-21 00:00:00-04:00,420.13355421881863,422.43197186124524,417.79553057929155,420.1930236816406,16067300,0.0,0.0
2024-08-22 00:00:00-04:00,420.4109349910718,422.81834463862344,410.75166748787615,411.68292236328125,19361900,0.0,0.0
2024-08-23 00:00:00-04:00,413.0996723021897,415.3584538355035,408.255163223579,412.91143798828125,18493800,0.0,0.0
2024-08-26 00:00:00-04:00,412.49538585243533,413.3969213043914,407.51219467239036,409.6421813964844,13152800,0.0,0.0
2024-08-27 00:00:00-04:00,409.01800038370646,410.5040417108967,406.43230298651787,409.9888916015625,13492900,0.0,0.0
2024-08-28 00:00:00-04:00,411.019191950483,411.13807041057737,403.5196300124752,406.7790222167969,14882700,0.0,0.0
2024-08-29 00:00:00-04:00,411.0786443893992,418.1224654785976,406.7790352875099,409.27557373046875,17045200,0.0,0.0
2024-08-30 00:00:00-04:00,411.73253163556785,413.604928025177,408.2948214180594,413.2582092285156,24308300,0.0,0.0
2024-09-03 00:00:00-04:00,414.0210025733613,415.97267128987687,403.2422452090673,405.62982177734375,20313600,0.0,0.0
2024-09-04 00:00:00-04:00,402.1326826766194,407.4130694116055,400.60700515715166,405.0948486328125,15135800,0.0,0.0
2024-09-05 00:00:00-04:00,403.82677622219455,409.2557914736051,402.3506514977997,404.5896301269531,14195500,0.0,0.0
2024-09-06 00:00:00-04:00,405.2533785520499,406.8285787467922,397.070234552708,397.9618835449219,19609500,0.0,0.0
2024-09-09 00:00:00-04:00,403.4503023301037,404.84718480089737,398.40767240518096,401.9444580078125,15295100,0.0,0.0
2024-09-10 00:00:00-04:00,404.4014154009755,412.4557344655397,403.90606826316616,410.3455810546875,19594300,0.0,0.0
2024-09-11 00:00:00-04:00,411.6334289532487,420.044412808737,405.7685061452882,419.103271484375,19266900,0.0,0.0
2024-09-12 00:00:00-04:00,419.37076416429335,423.39298024346107,415.84389519077274,423.02642822265625,17395700,0.0,0.0
2024-09-13 00:00:00-04:00,421.8672937914901,427.8114589338371,421.5007417784194,426.5830078125,15874600,0.0,0.0
2024-09-16 00:00:00-04:00,426.5929152766965,429.49564193620427,424.2350583167788,427.3260192871094,13834700,0.0,0.0
2024-09-17 00:00:00-04:00,436.1332986571775,437.7382183505998,428.2473514166882,431.1005554199219,18874200,0.0,0.0
2024-09-18 00:00:00-04:00,430.95197545729616,431.9723892702998,426.40469272360485,426.80096435546875,18898000,0.0,0.0
2024-09-19 00:00:00-04:00,437.1240071994986,437.3914837460106,432.8342844371603,434.6076354980469,21706600,0.0,0.0
2024-09-20 00:00:00-04:00,433.15131768035957,435.1525090726311,430.17923509170157,431.2194519042969,55167100,0.0,0.0
2024-09-23 00:00:00-04:00,430.23868426031646,432.3983904018878,426.38489946949306,429.4758605957031,15128900,0.0,0.0
2024-09-24 00:00:00-04:00,428.9705844602765,429.31733347364775,422.1348005929618,425.1762390136719,17015800,0.0,0.0
2024-09-25 00:00:00-04:00,425.8300552065777,429.08944744090394,424.58180113051003,428.0888366699219,13396400,0.0,0.0
2024-09-26 00:00:00-04:00,431.0411178765214,431.2491551844422,425.1365891561316,427.2962951660156,14492000,0.0,0.0
2024-09-27 00:00:00-04:00,427.5043252487667,427.8312712464172,423.4920260673168,424.0368957519531,14896100,0.0,0.0
2024-09-30 00:00:00-04:00,424.225137648764,426.4145935098266,421.41156986331913,426.2956848144531,16807300,0.0,0.0
2024-10-01 00:00:00-04:00,424.4629120903149,424.49263170487137,414.9126061650303,416.7751159667969,19092900,0.0,0.0
2024-10-02 00:00:00-04:00,418.6475564553425,418.88534363054407,412.8321861342137,413.248291015625,16582300,0.0,0.0
2024-10-03 00:00:00-04:00,413.7436103396226,415.64572621192764,410.43469544557,412.66375732421875,13686400,0.0,0.0
2024-10-04 00:00:00-04:00,414.34793855319174,415.8438964916741,411.1083793562167,412.188232421875,19169700,0.0,0.0
2024-10-07 00:00:00-04:00,412.12881943831235,413.2284755742096,405.1939594958407,405.72894287109375,20919800,0.0,0.0
2024-10-08 00:00:00-04:00,407.0762569270798,411.79197118142247,404.37168100298584,410.8507995605469,19229300,0.0,0.0
2024-10-09 00:00:00-04:00,411.99007853410836,416.46803570058375,410.4445979894132,413.5751953125,14974300,0.0,0.0
2024-10-10 00:00:00-04:00,411.3659669240718,413.46623380792397,409.3053060403614,411.97027587890625,13848400,0.0,0.0
2024-10-11 00:00:00-04:00,412.26751359253427,413.24829121073924,409.4043927403761,412.4458312988281,14144900,0.0,0.0
2024-10-14 00:00:00-04:00,413.8822865985765,420.0939583051494,413.63461305961806,415.23956298828125,16653100,0.0,0.0
2024-10-15 00:00:00-04:00,418.2512520382671,418.54847842558434,411.39566540112634,414.84326171875,18900200,0.0,0.0
2024-10-16 00:00:00-04:00,411.3065392799767,412.48543760596397,406.66018089425665,412.2476806640625,15508900,0.0,0.0
2024-10-17 00:00:00-04:00,418.42963273493405,418.56834444995235,411.72264316476367,412.8421325683594,14820000,0.0,0.0
2024-10-18 00:00:00-04:00,413.25817959093666,415.74480139281076,412.3863638860618,414.2686767578125,17145300,0.0,0.0
2024-10-21 00:00:00-04:00,412.2476842514802,415.06125227829034,409.89974372900497,414.8829345703125,14206100,0.0,0.0
2024-10-22 00:00:00-04:00,414.595626294547,426.57311612841215,414.1498320229674,423.5317077636719,25482200,0.0,0.0
2024-10-23 00:00:00-04:00,426.8504984713963,427.06845240983137,418.59802889539156,420.6487731933594,19654400,0.0,0.0
2024-10-24 00:00:00-04:00,421.3719497046553,422.01592511987707,418.4692229621463,420.7775573730469,13581600,0.0,0.0
2024-10-25 00:00:00-04:00,422.7886308311735,428.4950083833606,422.60039653035216,424.1656799316406,16899100,0.0,0.0
2024-10-28 00:00:00-04:00,427.64306615669506,427.9204593260478,422.33292947161533,422.6202392578125,14882400,0.0,0.0
2024-10-29 00:00:00-04:00,424.017135059726,429.13903758740884,421.83759563654417,427.9303894042969,17644100,0.0,0.0
2024-10-30 00:00:00-04:00,433.3692866656604,434.4194201314416,428.0789831021246,428.5049743652344,29749100,0.0,0.0
2024-10-31 00:00:00-04:00,411.4947379049696,412.2873114234298,402.5190506643278,402.568603515625,53971000,0.0,0.0
2024-11-01 00:00:00-04:00,405.20384836550784,411.63344411141696,403.7078904341815,406.5511779785156,24230400,0.0,0.0
2024-11-04 00:00:00-05:00,405.9864621175824,406.6007179042562,401.79584509345045,404.658935546875,19672300,0.0,0.0
2024-11-05 00:00:00-05:00,404.56977062634746,411.03900230330345,404.2824608535884,407.6310119628906,17626000,0.0,0.0
2024-11-06 00:00:00-05:00,408.5821007827268,416.5373737173725,406.6997576825849,416.2698669433594,26681800,0.0,0.0
2024-11-07 00:00:00-05:00,417.35969403235873,422.87786854652984,415.97272805729,421.4710693359375,19901800,0.0,0.0
2024-11-08 00:00:00-05:00,421.3620693729889,422.5310812867246,417.8550033981939,418.6079406738281,16891400,0.0,0.0
2024-11-11 00:00:00-05:00,418.58812774007396,420.8568260602772,412.1288120506796,414.1201171875,24503300,0.0,0.0
2024-11-12 00:00:00-05:00,414.3578665238478,420.4902662976637,413.317649663667,419.0933837890625,19401200,0.0,0.0
2024-11-13 00:00:00-05:00,417.7163255743709,425.3347363138495,414.31822142109314,421.2431945800781,21502200,0.0,0.0
2024-11-14 00:00:00-05:00,421.04505383486753,424.1855678921326,416.0915826132808,422.91748046875,30246900,0.0,0.0
2024-11-15 00:00:00-05:00,415.91327620196233,418.86552578071695,409.79079286185015,411.13812255859375,28247600,0.0,0.0
2024-11-18 00:00:00-05:00,411.0093198489206,414.50646935219214,408.2651076525754,411.89105224609375,24727000,0.0,0.0
2024-11-19 00:00:00-05:00,409.2656885605185,414.0507587358417,407.7202079437107,413.90216064453125,18133500,0.0,0.0
2024-11-20 00:00:00-05:00,412.9906980283946,413.40680290697327,406.7592228682752,411.62353515625,19191700,0.0,0.0
2024-11-21 00:00:00-05:00,416.4281041493026,416.70605256605285,407.28555520801666,409.8466491699219,20780200,0.83,0.0
2024-11-22 00:00:00-05:00,408.35760329128635,414.3434454251094,408.04987579157546,413.9463806152344,24814600,0.0,0.0
2024-11-25 00:00:00-05:00,415.3162958278843,417.99650611752486,411.812146489521,415.7232971191406,27691100,0.0,0.0
2024-11-26 00:00:00-05:00,416.5174436728799,425.89825580258685,415.78287220202776,424.8559265136719,23458900,0.0,0.0
2024-11-27 00:00:00-05:00,421.9969878965425,424.10148899734514,418.929618998767,419.89251708984375,18332400,0.0,0.0
2024-11-29 00:00:00-05:00,417.0137525773511,421.76868474809675,414.7405133546205,420.35906982421875,16271900,0.0,0.0
2024-12-02 00:00:00-05:00,418.48296929752263,429.8292633670891,418.22486350993177,427.8240661621094,20207200,0.0,0.0
2024-12-03 00:00:00-05:00,426.69236269283573,429.30310856781665,424.6077345204632,428.04241943359375,18302000,0.0,0.0
2024-12-04 00:00:00-05:00,429.8590208353051,436.45041220115866,429.4619560010729,434.2168884277344,26009400,0.0,0.0
2024-12-05 00:00:00-05:00,434.71321944433936,441.4038541812057,432.9760343176013,439.3787841796875,21697800,0.0,0.0
2024-12-06 00:00:00-05:00,439.0611493611207,442.83334120617906,438.5350316138442,440.3218688964844,18821000,0.0,0.0
2024-12-09 00:00:00-05:00,439.358906375019,445.04692697507164,437.27427833096584,442.75384521484375,19144400,0.0,0.0
2024-12-10 00:00:00-05:00,441.1358533918597,446.32753597079886,438.3662754088612,440.0835876464844,18469500,0.0,0.0
2024-12-11 00:00:00-05:00,440.79832040277716,447.05220524938716,440.79832040277716,445.7021484375,19200200,0.0,0.0
2024-12-12 00:00:00-05:00,445.8212274935838,452.8196196905417,445.8212274935838,446.2679443359375,20834800,0.0,0.0
2024-12-13 00:00:00-05:00,445.15616611270633,448.124261247401,442.3170935669994,443.9947204589844,20177800,0.0,0.0
2024-12-16 00:00:00-05:00,443.99473862109255,448.86878750909034,442.01932060586137,448.2831115722656,23598800,0.0,0.0
2024-12-17 00:00:00-05:00,447.70736185197006,451.9560191338881,446.2779042343056,451.132080078125,22733500,0.0,0.0
2024-12-18 00:00:00-05:00,448.0151211482652,449.3353686126572,433.8198177452418,434.1871337890625,24444500,0.0,0.0
2024-12-19 00:00:00-05:00,438.38612742715867,439.9347015317489,433.12495005824394,433.8297424316406,22963700,0.0,0.0
2024-12-20 00:00:00-05:00,429.93842886665163,440.4905928728717,425.4912541783927,433.40289306640625,64263700,0.0,0.0
2024-12-23 00:00:00-05:00,433.54182345000305,434.44516332232695,429.6604520270257,432.062744140625,19152500,0.0,0.0
2024-12-24 00:00:00-05:00,431.4671320524487,436.38089623186573,431.010509030067,436.11285400390625,7164500,0.0,0.0
2024-12-26 00:00:00-05:00,435.86472311645826,437.7111185947039,433.4326819773249,434.9018249511719,8194200,0.0,0.0
2024-12-27 00:00:00-05:00,431.4175228637617,432.0329778888151,423.2279358558446,427.3773193359375,18117700,0.0,0.0
2024-12-30 00:00:00-05:00,422.940089683055,424.419169171776,418.8105484634703,421.7190856933594,13158700,0.0,0.0
2024-12-31 00:00:00-05:00,422.97974261139274,423.60513406729245,417.5795764543607,418.4134216308594,13246500,0.0,0.0
2025-01-02 00:00:00-05:00,422.4139505741353,422.9500047735069,411.81216477472935,415.51483154296875,16896500,0.0,0.0
2025-01-03 00:00:00-05:00,417.99651176266025,420.9249216883709,416.46781065088146,420.2499084472656,16662900,0.0,0.0
2025-01-06 00:00:00-05:00,424.865875513533,431.13960318889787,422.3643396757335,424.71697998046875,20573600,0.0,0.0
2025-01-07 00:00:00-05:00,425.85855484956164,427.49646630939253,417.7185890028598,419.277099609375,18139100,0.0,0.0
2025-01-08 00:00:00-05:00,420.35909877353964,423.84340560662326,418.4531754229048,421.4510498046875,15054600,0.0,0.0
2025-01-10 00:00:00-05:00,421.52050962504774,421.59991046888086,411.98086631184646,415.8821105957031,20201100,0.0,0.0
2025-01-13 00:00:00-05:00,412.19930745359136,415.4354451072025,409.27092762989713,414.1350402832031,17604800,0.0,0.0
2025-01-14 00:00:00-05:00,414.7504731982745,416.6663329915462,407.7123952362894,412.62615966796875,16935900,0.0,0.0
2025-01-15 00:00:00-05:00,416.06078709453215,425.0147242617403,415.2070689754285,423.1882019042969,19637800,0.0,0.0
2025-01-16 00:00:00-05:00,425.56074187721237,426.34493507947604,421.28230542678756,421.47088623046875,15300000,0.0,0.0
2025-01-17 00:00:00-05:00,430.9112808415576,431.29843952552403,425.03464825408395,425.8883361816406,26197500,0.0,0.0
2025-01-21 00:00:00-05:00,427.04974598441896,427.74460185190514,422.4834247796493,425.3621826171875,26085700,0.0,0.0
2025-01-22 00:00:00-05:00,434.3558409675422,443.9947282693763,432.8072669314077,442.9325866699219,27803800,0.0,0.0
2025-01-23 00:00:00-05:00,438.76331124507635,443.4785278251988,438.266972657695,443.4388122558594,18389300,0.0,0.0
2025-01-24 00:00:00-05:00,441.9002090925553,443.37928850377745,438.16773293128523,440.8082580566406,15549500,0.0,0.0
2025-01-27 00:00:00-05:00,420.90507512895306,432.01313557520695,420.39880005578783,431.3778076171875,35647800,0.0,0.0
2025-01-28 00:00:00-05:00,431.4175234893937,445.0966142937209,428.2211016468738,443.9252624511719,23491700,0.0,0.0
2025-01-29 00:00:00-05:00,443.41896958220315,443.607580668921,437.1750216711049,439.09088134765625,23581400,0.0,0.0
2025-01-30 00:00:00-05:00,415.7034295288443,419.7634757332681,410.1345248522129,411.95111083984375,54586300,0.0,0.0
2025-01-31 00:00:00-05:00,415.9119381542539,417.60940782263856,411.87173434946413,412.0206298828125,34161900,0.0,0.0
2025-02-03 00:00:00-05:00,408.5859323997036,412.3680300232083,405.6674590737405,407.9109191894531,25679100,0.0,0.0
2025-02-04 00:00:00-05:00,409.6679752687522,410.8889791877868,406.739565274027,409.3503112792969,20532100,0.0,0.0
2025-02-05 00:00:00-05:00,409.33049175194867,410.7996347714461,407.3947588943965,410.26361083984375,16316700,0.0,0.0
2025-02-06 00:00:00-05:00,410.96837509421607,415.13763159687187,410.96837509421607,412.7750549316406,16309800,0.0,0.0
2025-02-07 00:00:00-05:00,413.4302096384315,415.58430218979566,405.1115698860282,406.7494812011719,22886800,0.0,0.0
2025-02-10 00:00:00-05:00,410.6804954197058,412.41768060214906,407.91094771202364,409.201416015625,20817900,0.0,0.0
2025-02-11 00:00:00-05:00,406.6402867338733,409.4693924071674,406.3027498403555,408.4270935058594,18140600,0.0,0.0
2025-02-12 00:00:00-05:00,404.2280919312538,407.742177856358,401.40889219439293,406.0447082519531,19121700,0.0,0.0
2025-02-13 00:00:00-05:00,404.01963601763975,407.99034497113007,403.38430804391083,407.5337219238281,23891700,0.0,0.0
2025-02-14 00:00:00-05:00,404.80385028408716,405.91564391864586,402.9078331667541,405.43914794921875,22758500,0.0,0.0
2025-02-18 00:00:00-05:00,405.012314606688,407.593281493885,403.5232987441634,406.64031982421875,21423100,0.0,0.0
2025-02-19 00:00:00-05:00,404.89319663470326,412.44745587382107,404.66486996411237,411.73272705078125,24114200,0.0,0.0
2025-02-20 00:00:00-05:00,413.0755241021682,417.07407700385164,410.340188149201,413.9110412597656,23508700,0.83,0.0
2025-02-21 00:00:00-05:00,415.11461566593005,415.8208212359378,405.7150240823537,406.0332946777344,27524800,0.0,0.0
2025-02-24 00:00:00-05:00,406.3316944915949,407.1870941067446,397.1906962904959,401.8457336425781,26443700,0.0,0.0
2025-02-25 00:00:00-05:00,398.9612079589026,399.77684273234365,394.58467628789543,395.77825927734375,29387400,0.0,0.0
2025-02-26 00:00:00-05:00,395.8877115559134,401.44790050472056,392.1477511905504,397.5985412597656,19619000,0.0,0.0
2025-02-27 00:00:00-05:00,399.13027515598884,403.5764407452776,390.0788238664077,390.4368896484375,21127400,0.0,0.0
2025-02-28 00:00:00-05:00,390.5662102627109,395.50970978817173,384.50868780557136,394.87310791015625,32845700,0.0,0.0
2025-03-03 00:00:00-05:00,396.693360360252,396.693360360252,384.1008642400347,386.4184265136719,23007700,0.0,0.0
2025-03-04 00:00:00-05:00,381.3555708063787,390.48661254503907,378.9683745181786,386.53778076171875,29342900,0.0,0.0
2025-03-05 00:00:00-05:00,387.26388146240924,399.52815002362524,386.7367088462604,398.881591796875,23433100,0.0,0.0
2025-03-06 00:00:00-05:00,392.17758313531544,400.00561314926756,390.586108729763,394.773681640625,23304600,0.0,0.0
2025-03-07 00:00:00-05:00,390.2280267594304,392.6947831487431,383.4841811851977,391.2127380371094,22034100,0.0,0.0
2025-03-10 00:00:00-04:00,383.7825787420743,384.3395902213564,375.20854809150063,378.13287353515625,32840100,0.0,0.0
2025-03-11 00:00:00-04:00,376.9790454259089,383.9417190881288,374.900193646485,378.42132568359375,30380200,0.0,0.0
2025-03-12 00:00:00-04:00,380.9080172396425,383.1659020465141,376.92934634163805,381.2262878417969,24253600,0.0,0.0
2025-03-13 00:00:00-04:00,381.11688044146297,383.2653663209318,375.4373363609022,376.7502746582031,20473000,0.0,0.0
2025-03-14 00:00:00-04:00,377.7548866940246,388.1491759928466,377.48633735073093,386.4880676269531,19952800,0.0,0.0
2025-03-17 00:00:00-04:00,384.6380144395121,390.61594671729495,383.51403507382423,386.6273498535156,22474300,0.0,0.0
2025-03-18 00:00:00-04:00,385.0060336134189,385.3044217812384,379.06786623501773,381.4749450683594,19486900,0.0,0.0
2025-03-19 00:00:00-04:00,383.47421674907764,387.6020814133235,381.9523764633006,385.75201416015625,19185500,0.0,0.0
2025-03-20 00:00:00-04:00,383.68311164841384,389.70086948967395,381.2362375881449,384.7772521972656,18470500,0.0,0.0
2025-03-21 00:00:00-04:00,381.17650921899354,389.6510660283216,380.75873548145654,389.17364501953125,39675900,0.0,0.0
2025-03-24 00:00:00-04:00,393.29158399443577,393.29158399443577,387.73139545576913,390.98394775390625,21004500,0.0,0.0
2025-03-25 00:00:00-04:00,391.8195087441688,394.2464699747621,390.54633531859656,393.0528869628906,15775000,0.0,0.0
2025-03-26 00:00:00-04:00,392.89374127883343,393.2020858372719,386.49803525659746,387.89056396484375,16108400,0.0,0.0
2025-03-27 00:00:00-04:00,388.04970169840396,390.1484359049866,385.33424804034394,388.4972839355469,13766800,0.0,0.0
2025-03-28 00:00:00-04:00,386.01060482786494,387.05502406399853,374.920066699825,376.78009033203125,21632000,0.0,0.0
2025-03-31 00:00:00-04:00,370.5534967757106,375.0593400396717,365.28173999012597,373.3883056640625,35184700,0.0,0.0
2025-04-01 00:00:00-04:00,372.65223585591366,380.80852287787553,371.2398247656492,380.15203857421875,19689500,0.0,0.0
2025-04-02 00:00:00-04:00,375.95454781806535,383.0266205201498,374.6117403662579,380.1023254394531,16092600,0.0,0.0
2025-04-03 00:00:00-04:00,372.79148704012755,375.4671453752222,367.38049274092737,371.12042236328125,30198000,0.0,0.0
2025-04-04 00:00:00-04:00,362.1883363320907,372.5925514540549,357.5631378295283,357.92120361328125,49209900,0.0,0.0
2025-04-07 00:00:00-04:00,349.00902084094025,369.021730877009,342.9514979578054,355.9517822265625,50425000,0.0,0.0
2025-04-08 00:00:00-04:00,366.2963003111999,371.657542893924,348.38232711080923,352.6693420410156,35868900,0.0,0.0
2025-04-09 00:00:00-04:00,351.65482301024804,391.13318598606264,351.2171667990214,388.40777587890625,50199700,0.0,0.0
2025-04-10 00:00:00-04:00,380.02270330397937,381.852888057324,365.8387335220006,379.3164978027344,38024400,0.0,0.0
2025-04-11 00:00:00-04:00,378.61031016462425,387.97010607095405,376.86964177115533,386.378662109375,23839200,0.0,0.0
2025-04-14 00:00:00-04:00,391.1232211496066,392.54558862795363,382.1612557582716,385.7420654296875,19251200,0.0,0.0
2025-04-15 00:00:00-04:00,386.4383315419063,389.80031299588615,382.11152127039287,383.67315673828125,17199900,0.0,0.0
2025-04-16 00:00:00-04:00,378.6401344902522,379.5750941222194,366.03768244767394,369.62841796875,21967800,0.0,0.0
2025-04-17 00:00:00-04:00,371.757014425277,372.32398224080106,364.9336092793292,365.81884765625,21120200,0.0,0.0
2025-04-21 00:00:00-04:00,360.88536094814043,362.53651305850417,353.7734925946294,357.205078125,20807300,0.0,0.0
2025-04-22 00:00:00-04:00,361.44235434917846,365.80892977570767,357.94110461161955,364.864013671875,19485000,0.0,0.0
2025-04-23 00:00:00-04:00,374.05472426245655,378.3616523034824,371.0309260243866,372.3936462402344,20545500,0.0,0.0
2025-04-24 00:00:00-04:00,373.696621578229,386.37863321068227,373.18933139938025,385.2347412109375,22232300,0.0,0.0
2025-04-25 00:00:00-04:00,384.93638434344297,390.068873110604,382.54918803088736,389.7605285644531,18973200,0.0,0.0
2025-04-28 00:00:00-04:00,389.86991018310994,390.6457497092271,384.5783015368256,389.0741882324219,16579400,0.0,0.0
2025-04-29 00:00:00-04:00,389.2134328165618,392.99318803647833,388.2983555925269,391.9388427734375,14974000,0.0,0.0
2025-04-30 00:00:00-04:00,388.21877036685504,394.54487238441686,382.39003252749313,393.15234375,36461100,0.0,0.0
2025-05-01 00:00:00-04:00,428.81116623183453,434.65981700987567,422.6342884776108,423.1316223144531,58938100,0.0,0.0
2025-05-02 00:00:00-04:00,429.43779144193553,437.0967443095362,427.69712309519423,432.95892333984375,30757400,0.0,0.0
2025-05-05 00:00:00-04:00,430.5617862640975,437.15643772408293,429.80582912695047,433.8442077636719,20136100,0.0,0.0
2025-05-06 00:00:00-04:00,429.8953841273505,435.39589519237757,428.8708776295015,430.99945068359375,15104200,0.0,0.0
2025-05-07 00:00:00-04:00,431.5266230555768,435.7837995157977,428.8111693588705,431.03924560546875,23295300,0.0,0.0
2025-05-08 00:00:00-04:00,435.59484674174973,441.3042603502225,433.3369618444988,435.8335876464844,23491300,0.0,0.0
2025-05-09 00:00:00-04:00,437.6537503899646,438.38979471116045,433.55572467490674,436.3905334472656,15324200,0.0,0.0
2025-05-12 00:00:00-04:00,443.5621064267163,446.9738092745622,437.43494989219903,446.8644104003906,22821900,0.0,0.0
2025-05-13 00:00:00-04:00,445.392292323668,448.2668964878236,442.9851831830833,446.74505615234375,23618800,0.0,0.0
2025-05-14 00:00:00-04:00,445.75038756339603,451.4796527444761,445.75038756339603,450.5247802734375,19902800,0.0,0.0
2025-05-15 00:00:00-04:00,449.1894577663049,454.5904670438241,448.8506535548848,451.54119873046875,21992300,0.83,0.0
2025-05-16 00:00:00-04:00,450.4649981824022,452.7668963665248,447.1566619661563,452.6772155761719,23849800,0.0,0.0
2025-05-19 00:00:00-04:00,449.29907263869796,457.9785240250479,449.2193361148497,457.26104736328125,21336500,0.0,0.0
2025-05-20 00:00:00-04:00,453.9925667897047,456.73292449884485,452.72703072274504,456.56353759765625,15441800,0.0,0.0
2025-05-21 00:00:00-04:00,452.97614166677727,456.17487788050977,450.2258093649285,450.983154296875,19216900,0.0,0.0
2025-05-22 00:00:00-04:00,453.3548479183862,458.63625267798704,452.30851122486644,453.26513671875,18025600,0.0,0.0
2025-05-23 00:00:00-04:00,448.40228199038245,452.0992653985463,447.3360263474386,448.6015625,16883500,0.0,0.0
2025-05-27 00:00:00-04:00,454.87944662996904,459.3337746022176,454.52069309116933,459.0746765136719,20974300,0.0,0.0
2025-05-28 00:00:00-04:00,459.60285995745147,460.89828970025724,455.3278931492698,455.7563781738281,17086300,0.0,0.0
2025-05-29 00:00:00-04:00,459.93167902845283,460.10109634693043,453.71356774793736,457.0717468261719,13974800,0.0,0.0
2025-05-30 00:00:00-04:00,458.1080789456966,460.06119805700706,453.942742633105,458.7458190917969,34770500,0.0,0.0
2025-06-02 00:00:00-04:00,455.53716828611505,460.48971303831235,455.2880448481698,460.3502197265625,16626500,0.0,0.0
2025-06-03 00:00:00-04:00,459.85196958801225,462.5126212670428,459.24409259023946,461.3467102050781,15743800,0.0,0.0
2025-06-04 00:00:00-04:00,462.3730793208357,464.05715611586317,461.3965045417047,462.2435302734375,14162700,0.0,0.0
2025-06-05 00:00:00-04:00,463.3296970825432,468.00325491639626,462.4029652503908,466.0401611328125,20131700,0.0,0.0
2025-06-06 00:00:00-04:00,468.4417212017894,471.6803257365932,467.1363168836836,468.730712890625,15285600,0.0,0.0
2025-06-09 00:00:00-04:00,468.05311353771793,471.77001565920176,466.9768832876908,471.0924072265625,16469900,0.0,0.0
2025-06-10 00:00:00-04:00,469.53787169847936,471.14221196784314,465.3226923748716,469.2688293457031,15375900,0.0,0.0
2025-06-11 00:00:00-04:00,468.37197033665615,473.80287330978865,468.01324719222674,470.9628601074219,16399200,0.0,0.0
2025-06-12 00:00:00-04:00,473.3544415367432,478.73553201697933,471.8597009390277,477.1909484863281,18950600,0.0,0.0
2025-06-13 00:00:00-04:00,474.7395752703882,477.4998519181197,471.1023792861798,473.2946472167969,16814500,0.0,0.0
2025-06-16 00:00:00-04:00,473.5437784887318,479.00457509504827,473.3345233196989,477.46002197265625,15626100,0.0,0.0
2025-06-17 00:00:00-04:00,473.7331030955977,477.06138843382047,472.4177241014044,476.3638610839844,15414100,0.0,0.0
2025-06-18 00:00:00-04:00,476.3239856832242,479.313466764918,472.7963894918646,478.5561218261719,17526500,0.0,0.0
2025-06-20 00:00:00-04:00,480.53918652379775,481.76485435953526,475.1979642712812,475.7261047363281,37576200,0.0,0.0
2025-06-23 00:00:00-04:00,476.53323466530253,486.0397928967888,470.8532389300749,484.2959289550781,24864000,0.0,0.0
2025-06-24 00:00:00-04:00,487.23560408546166,490.1254297173699,485.0931183138473,488.3915100097656,22305600,0.0,0.0
2025-06-25 00:00:00-04:00,490.314771223071,492.82592441237585,487.6740689863978,490.5439453125,17495100,0.0,0.0
2025-06-26 00:00:00-04:00,491.2514824256969,496.29373818928514,491.08206511354325,495.705810546875,21578900,0.0,0.0
2025-06-27 00:00:00-04:00,495.80545117387857,497.54931522943417,491.30131038962224,494.20111083984375,34539200,0.0,0.0
2025-06-30 00:00:00-04:00,495.2972567719388,499.0042146991214,493.5932305818623,495.66595458984375,28369000,0.0,0.0
2025-07-01 00:00:00-04:00,494.7292533047111,496.30370004913976,489.2585123483102,490.3247375488281,19945400,0.0,0.0
2025-07-02 00:00:00-04:00,488.2719538404123,491.76965656989233,486.98649882219644,489.36810302734375,16319600,0.0,0.0
2025-07-03 00:00:00-04:00,492.07857999859937,498.3764278450543,491.7098821739863,497.0909423828125,13984800,0.0,0.0
2025-07-07 00:00:00-04:00,495.6360493014733,497.0012408266234,493.4935938943106,495.974853515625,13981600,0.0,0.0
2025-07-08 00:00:00-04:00,495.4965138505155,496.4531696907806,492.3774837277821,494.8786926269531,11846600,0.0,0.0
2025-07-09 00:00:00-04:00,498.54580110123976,505.003091421344,497.98776704512187,501.74456787109375,18659500,0.0,0.0
2025-07-10 00:00:00-04:00,501.2861517097084,502.67129257213526,496.0047471787155,499.7216796875,16492100,0.0,0.0
2025-07-11 00:00:00-04:00,496.72223609239006,503.25923259786794,496.054571905536,501.55523681640625,16459500,0.0,0.0
2025-07-14 00:00:00-04:00,499.7615155353931,502.2029372942231,499.273243347857,501.2562561035156,12058800,0.0,0.0
2025-07-15 00:00:00-04:00,501.2562471634966,506.51773265302506,501.027073076573,504.04644775390625,14927200,0.0,0.0
2025-07-16 00:00:00-04:00,503.40867779230757,504.94328659833275,500.13023542973804,503.8471374511719,15154400,0.0,0.0
2025-07-17 00:00:00-04:00,503.9069415603956,511.5699807689203,503.84715436950415,509.9058532714844,17503100,0.0,0.0
2025-07-18 00:00:00-04:00,512.6760872301095,512.8355602906365,505.6508184267905,508.2616271972656,21209700,0.0,0.0
2025-07-21 00:00:00-04:00,504.9333159392007,510.29448733980524,503.77737959397786,508.2715759277344,14066800,0.0,0.0
2025-07-22 00:00:00-04:00,509.1784090675831,509.40761357627605,503.4983825683594,503.4983825683594,13868600,0.0,0.0
2025-07-23 00:00:00-04:00,504.97320231513,505.01307057965715,498.9444273574923,504.0962829589844,16396600,0.0,0.0
2025-07-24 00:00:00-04:00,506.98609704492156,511.86891017220256,505.5212500656798,509.0887145996094,16107000,0.0,0.0
2025-07-25 00:00:00-04:00,510.67314061143924,516.4727417364818,508.57055332296227,511.9088439941406,19125700,0.0,0.0
2025-07-28 00:00:00-04:00,512.2775105607909,513.1942677567645,508.3313735189307,510.7030334472656,14308000,0.0,0.0
2025-07-29 00:00:00-04:00,513.7224399565682,515.8050777848653,509.7663282358281,510.7727966308594,16469200,0.0,0.0
2025-07-30 00:00:00-04:00,513.3636552782116,514.1409495778635,507.6537656967309,511.4404296875,26380400,0.0,0.0
2025-07-31 00:00:00-04:00,553.2831833968122,553.5024436401114,530.0350289229713,531.62939453125,51617300,0.0,0.0
2025-08-01 00:00:00-04:00,533.1241706958108,533.9213535531813,519.0337340919326,522.2723388671875,28977600,0.0,0.0
2025-08-04 00:00:00-04:00,526.4177481275262,536.3627358241171,526.2782244119826,533.7619018554688,25349000,0.0,0.0
2025-08-05 00:00:00-04:00,535.2964641743647,535.41603854948,525.3913146279989,525.8995361328125,19171600,0.0,0.0
2025-08-06 00:00:00-04:00,529.0385508551038,529.8357336828143,522.1926437275052,523.0994262695312,21355700,0.0,0.0
2025-08-07 00:00:00-04:00,524.9529190734887,526.2384349946553,515.7353514691818,519.0138549804688,16079100,0.0,0.0
2025-08-08 00:00:00-04:00,520.7676288144971,522.8204035830947,517.5888112007746,520.2095947265625,15531000,0.0,0.0
2025-08-11 00:00:00-04:00,520.4686618064882,525.7401525514866,517.8976909591346,519.9405517578125,20194400,0.0,0.0
2025-08-12 00:00:00-04:00,521.9135974657331,529.1182277589118,520.8672912006765,527.3843383789062,18667000,0.0,0.0
2025-08-13 00:00:00-04:00,530.2443026581628,530.8322607629538,517.5489813455309,518.7547607421875,19619200,0.0,0.0
2025-08-14 00:00:00-04:00,520.7277467800332,524.1058750288076,518.3162490497452,520.6480102539062,20269100,0.0,0.0
2025-08-15 00:00:00-04:00,520.9370505811125,524.255330935539,517.2599862571353,518.3461303710938,25213300,0.0,0.0
2025-08-18 00:00:00-04:00,519.7611730136332,520.9868407954262,512.2177084457264,515.286865234375,23760600,0.0,0.0
2025-08-19 00:00:00-04:00,513.1942782099028,513.3536904476517,506.7668813962475,507.98260498046875,21481000,0.0,0.0
2025-08-20 00:00:00-04:00,508.0822507382742,509.2082935133009,502.6712971096552,503.9468078613281,27723000,0.0,0.0
2025-08-21 00:00:00-04:00,502.74904380636957,506.68168580920974,501.7808546744913,503.2980041503906,18443300,0.83,0.0
2025-08-22 00:00:00-04:00,503.3079962424447,509.77590173606455,501.471437254012,506.2824401855469,24324200,0.0,0.0
2025-08-25 00:00:00-04:00,505.6835608535286,507.2406441544574,503.1782400793436,503.3179931640625,21638600,0.0,0.0
2025-08-26 00:00:00-04:00,503.4177851675948,504.0366525259624,497.5787379824689,501.1021423339844,30835700,0.0,0.0
2025-08-27 00:00:00-04:00,501.06219963605827,506.34232576675964,498.96611661319633,505.7933349609375,17277900,0.0,0.0
2025-08-28 00:00:00-04:00,506.1426727693108,510.1352001425548,504.5556467937143,508.68792724609375,18015600,0.0,0.0
2025-08-29 00:00:00-04:00,507.7097597194238,508.64800611235046,503.5475364264987,505.7434387207031,20961600,0.0,0.0
2025-09-02 00:00:00-04:00,499.53505401941584,505.0547219959289,495.88188775050133,504.1763610839844,18128000,0.0,0.0
2025-09-03 00:00:00-04:00,502.8488615493355,506.8413890153064,501.3816064871684,504.40594482421875,16345100,0.0,0.0
2025-09-04 00:00:00-04:00,503.3578996917829,507.20071355848035,502.2100541109688,507.02105712890625,15509500,0.0,0.0
2025-09-05 00:00:00-04:00,508.11900990545524,511.0135863020471,491.4501951138555,494.0752868652344,31994800,0.0,0.0
2025-09-08 00:00:00-04:00,497.1794589519428,500.26371328397477,494.10522614671714,497.2693176269531,16771000,0.0,0.0
2025-09-09 00:00:00-04:00,500.4932596555404,501.3117351050236,496.77024724997165,497.4789123535156,14410500,0.0,0.0
2025-09-10 00:00:00-04:00,502.04038173392,502.2899147028095,495.7920664455459,499.43524169921875,21611800,0.0,0.0
2025-09-11 00:00:00-04:00,501.31173995388707,502.2300346920423,496.9499084839274,500.0740661621094,18881600,0.0,0.0
2025-09-12 00:00:00-04:00,505.70352006176233,511.59249216822343,502.9087629314118,508.94744873046875,23624900,0.0,0.0
2025-09-15 00:00:00-04:00,507.8395136770829,514.5069966795595,506.05284913244947,514.397216796875,17143800,0.0,0.0
2025-09-16 00:00:00-04:00,515.9144004162443,516.2637221986186,507.64986983793983,508.08905029296875,19711900,0.0,0.0
2025-09-17 00:00:00-04:00,509.6660849144807,510.33484666258875,504.9848440594251,509.06719970703125,15816600,0.0,0.0
2025-09-18 00:00:00-04:00,510.5344514878828,512.1115168727503,506.71161989545686,507.5001525878906,18913700,0.0,0.0
2025-09-19 00:00:00-04:00,509.6061757592278,518.3298380532008,509.35664280609984,516.96240234375,52474100,0.0,0.0
2025-09-22 00:00:00-04:00,514.6268375894382,516.772784556969,511.5824866494396,513.4889526367188,20009300,0.0,0.0
2025-09-23 00:00:00-04:00,512.8401566617626,513.6287198501773,506.3622903955001,508.2787170410156,19799600,0.0,0.0
2025-09-24 00:00:00-04:00,509.4265417419943,511.5225942719762,505.9730140478167,509.19696044921875,13533700,0.0,0.0
2025-09-25 00:00:00-04:00,507.3504106819217,509.0572380888419,504.09652154158834,506.0827941894531,15786500,0.0,0.0
2025-09-26 00:00:00-04:00,509.1071380786861,512.9798945996346,505.67356201643696,510.5045166015625,16213100,0.0,0.0
2025-09-29 00:00:00-04:00,510.5444265624633,515.8844074376258,507.9293260645142,513.6386108398438,17617800,0.0,0.0
2025-09-30 00:00:00-04:00,512.2811987663596,517.1919905812645,508.70790002171145,516.982421875,19728200,0.0,0.0
2025-10-01 00:00:00-04:00,513.8382741479315,519.5376290534263,510.7340986553811,518.7391357421875,22632300,0.0,0.0
2025-10-02 00:00:00-04:00,516.6730253227585,520.625588764222,509.7260051791023,514.7765502929688,21222900,0.0,0.0
2025-10-03 00:00:00-04:00,516.1339509263171,519.5176324904353,514.0378984273964,516.3834838867188,15112300,0.0,0.0
2025-10-06 00:00:00-04:00,517.6411650074094,530.0380069481532,517.2319577376861,527.5825805664062,21388600,0.0,0.0
2025-10-07 00:00:00-04:00,527.3030443984364,528.8102332144322,520.4658657072805,523.0010986328125,14615200,0.0,0.0
2025-10-08 00:00:00-04:00,522.3024933531,525.9656203925812,522.1128458539913,523.8695068359375,13363400,0.0,0.0
2025-10-09 00:00:00-04:00,521.3642478231245,523.3505205733983,516.4334737589328,521.4241333007812,18343600,0.0,0.0
2025-10-10 00:00:00-04:00,518.6692706129455,522.6019127014883,508.6779606337136,510.0054626464844,24133800,0.0,0.0
2025-10-13 00:00:00-04:00,515.4452371680482,515.4452371680482,510.7240930552238,513.0896606445312,14284200,0.0,0.0
2025-10-14 00:00:00-04:00,509.2768388871209,514.3174231454748,505.05473007895694,512.610595703125,14684300,0.0,0.0
2025-10-15 00:00:00-04:00,513.9979961583023,516.2238106749688,509.04724028199115,512.4708251953125,14694700,0.0,0.0
2025-10-16 00:00:00-04:00,511.62245544117155,515.884437136842,507.1807563967364,510.65423583984375,15559600,0.0,0.0
2025-10-17 00:00:00-04:00,508.0890780500653,514.5170195527368,506.3622988729776,512.62060546875,19867800,0.0,0.0
2025-10-20 00:00:00-04:00,513.6486038577511,517.730989827423,512.4708156147512,515.8245239257812,14665600,0.0,0.0
2025-10-21 00:00:00-04:00,516.533257830336,517.7210372272165,512.0815676283437,516.6929321289062,15586200,0.0,0.0
2025-10-22 00:00:00-04:00,520.1764726871388,524.2488070435115,516.7428964573043,519.5675659179688,18962700,0.0,0.0
2025-10-23 00:00:00-04:00,521.4839993377199,522.9712060783663,517.6411550810741,519.5875244140625,14023500,0.0,0.0
2025-10-24 00:00:00-04:00,521.8133604589415,524.3685757173844,519.7372899447384,522.6318359375,15532400,0.0,0.0
2025-10-27 00:00:00-04:00,530.7866236569336,533.5813808592218,528.0217787333662,530.527099609375,18734700,0.0,0.0
2025-10-28 00:00:00-04:00,548.9725518014023,552.6855732732587,539.7598137450263,541.057373046875,29986700,0.0,0.0
2025-10-29 00:00:00-04:00,543.9220119141725,545.2495444281135,535.7273269044096,540.538330078125,36023000,0.0,0.0
2025-10-30 00:00:00-04:00,529.4889853080866,533.9705877450752,521.1446173319796,524.77783203125,41023100,0.0,0.0
2025-10-31 00:00:00-04:00,527.8919782690999,528.3311587204174,514.137692119172,516.8426513671875,34006400,0.0,0.0
2025-11-03 00:00:00-05:00,518.8389228578652,523.9793263365088,513.628703759196,516.0641479492188,22374700,0.0,0.0
2025-11-04 00:00:00-05:00,510.80399534425794,514.5868933466259,506.8913048594995,513.3692016601562,20958700,0.0,0.0
2025-11-05 00:00:00-05:00,512.3410686781482,513.8682396575209,505.6336213981725,506.2125549316406,23024300,0.0,0.0
2025-11-06 00:00:00-05:00,504.7153625290288,504.75529633258907,494.88375756631746,496.1713562011719,27406500,0.0,0.0
2025-11-07 00:00:00-05:00,496.02163823572937,498.4470913363115,492.32853818272196,495.8918762207031,24019800,0.0,0.0
2025-11-10 00:00:00-05:00,499.10586069795033,505.9031361854127,497.8681564860657,505.0547180175781,26101500,0.0,0.0
2025-11-11 00:00:00-05:00,503.85694933091565,508.64800052182136,501.411544557113,507.7297058105469,17980000,0.0,0.0
2025-11-12 00:00:00-05:00,508.4084461357136,510.7141588310794,498.18758530403636,510.1851501464844,26574900,0.0,0.0
2025-11-13 00:00:00-05:00,509.3566671737073,512.54071024479,500.3535287599438,502.34979248046875,25273100,0.0,0.0
2025-11-14 00:00:00-05:00,497.2992409027003,510.644258818196,496.51070821491913,509.2268981933594,28505700,0.0,0.0
2025-11-17 00:00:00-05:00,507.5001596757347,511.16328656765256,503.9667643395777,506.54193115234375,19092800,0.0,0.0
2025-11-18 00:00:00-05:00,494.44458869198826,502.0403882023454,485.87063942574486,492.8675537109375,33815100,0.0,0.0
2025-11-19 00:00:00-05:00,489.18443539234676,494.264922953439,481.9279972054541,486.2099914550781,23245300,0.0,0.0
2025-11-20 00:00:00-05:00,492.7099914550781,493.57000732421875,475.5,478.42999267578125,26802500,0.91,0.0
2025-11-21 00:00:00-05:00,478.5,478.9200134277344,468.2699890136719,472.1199951171875,31769200,0.0,0.0
2025-11-24 00:00:00-05:00,475.0,476.8999938964844,468.0199890136719,474.0,34421000,0.0,0.0
2025-11-25 00:00:00-05:00,474.07000732421875,479.1499938964844,464.8900146484375,476.989990234375,28019800,0.0,0.0
2025-11-26 00:00:00-05:00,486.30999755859375,488.30999755859375,481.20001220703125,485.5,25709100,0.0,0.0
2025-11-28 00:00:00-05:00,487.6000061035156,492.6300048828125,486.6499938964844,492.010009765625,14386700,0.0,0.0
2025-12-01 00:00:00-05:00,488.44000244140625,489.8599853515625,484.6499938964844,486.739990234375,23964000,0.0,0.0
2025-12-02 00:00:00-05:00,486.7200012207031,493.5,486.32000732421875,490.0,19562700,0.0,0.0
